issue,sub_issue,issue_tags,url,title,source,frame,tone,primary_voice,memo,body_excerpt,tagging_status,source_dataset
대형마트 새벽배송 / 유통산업발전법 개정,대형마트 새벽배송 허용을 둘러싼 유통법 개정 논의와 이해관계자 갈등,유통산업발전법;새벽배송;골목상권;규제;노동권,https://www.newscj.com/news/articleView.html?idxno=3406240,[이슈in] 지방선거 끝났다… 유통법 개정 ‘새벽배송 전쟁’ 본격화 초읽기,newscj.com,갈등_구도,중립적,유통업계 및 소상공인·노동계,대형마트 새벽배송 허용을 둘러싼 당정의 규제 완화 움직임과 이에 반대하는 소상공인 및 노동계의 입장을 균형 있게 다루고 있습니다.,"대형마트 460개 배송망 ‘대항마’… 14년 유통규제 상생대책 ‘감감’ 노동권·생존권 정면충돌… 소상공인 100만 폐업 골목상권 ‘기로’ [천지일보=양효선 기자] 6.3 지방선거 투표가 종료됐다. 개표 결과를 기다리는 사이 유통업계의 시선은 이미 국회로 향하고 있다. 대형마트 새벽배송 허용을 담은 유통산업발전법(유통법) 개정안이 법안심사소위원회 문턱에 올라서면서 유통시장 판도를 바꿀 14년 만의 규제 변화가 현실화할 가능성이 커지고 있다. 소상공인·노동계는 선거 직후 저지 투쟁 본격화를 예고하며 맞서고 있다. ◆ 당정 합의에서 소위 회부까지… 5개월의 질주 유통법 개정 논의는 올해 1월부터 수면 위로 올랐다. 중소상인·자영업자·노동자·시민사회단체로 구성된 ‘온라인 플랫폼법 제정촉구 공동행동’은 1월 8일 국회 정문 앞에서 기자회견을 열고 1월 임시국회 내 ‘쿠팡갑질방지법’으로 불리는 온라인 플랫폼법 처리를 촉구했다. 이들은 “쿠팡이 3300만 고객 개인정보를 유출하고도 국회 청문회 출석 요구를 거부하고 있다”며 정무위원회에 법안소위 개최를 요구하는 촉구서를 전달했다. 그러나 정부와 여당의 방향은 달랐다. 지난 2월 4일 더불어민주당과 정부, 청와대는 실무협의회를 열고 대형마트 영업시간 제한을 완화하는 방향으로 유통법 개정 논의를 시작했다. 이어 지난 2월 5일 더불어민주당 김동아 의원이 대형마트와 준대규모점포(SSM)의 새벽배송을 허용하는 유통산업발전법 일부개정법률안을 대표발의했다. 개정안의 핵심은 현행법상 대형마트에 적용되는 0시부터 오전 10시까지의 심야 영업 제한에 ‘전자상거래를 위한 영업행위에는 이를 적용하지 아니한다’는 단서를 추가하는 것이다. 지난 2월 8일 민주당과 정부, 청와대는 서울 삼청동 국무총리 공관에서 고위협의회를 열고 유통법 개정 추진에 공식 합의했다. 민주당 박수현 수석대변인은 “온라인 비중 확대 등 유통 환경 급변에 따라 현행 오프라인 중심 규제를 개선할 필요가 있다”며 “온·오프라인 규제 불균형을 해소해 공정한 경쟁 환경을 조성해야 한다는 데 의견을 모았다”고 밝혔다. 당정 합의의 배경으로는 시장 구도 변화가 지목된다. 산업통상부에 따르면 지난해 국내 유통업 내 온라인 비중은 59%까지 상승했다. 반면 대형마트 비중은 9.8%로 떨어지며 사상 처음 한 자릿수로 내려앉았다. 현재 이마트·롯데마트·홈플러스 등 대형마트 3사가 전국에 보유한 점포는 약 670개다. 이 가운데 온라인 주문 처리가 가능한 점포는 약 460개에 달한다. 업체별로는 이마트 100여개, 롯데마트 70여개, 홈플러스 290여개 수준이다. 행정안전부에 등록된 쿠팡 물류 거점은 246개다. 법 개정 시 대형마트는 쿠팡의 두 배에 가까운 배송 거점을 기반으로 전국 단위 새벽배송망을 구축할 수 있게 된다. ◆ 반대 진영, 40여 개 단체 결집… 헌법소원까지 예고 당정 합의 소식이 알려지자 반대 진영은 즉각 거리로 나섰다. 2월부터 대통령실·국회·청와대 일대를 중심으로 기자회견과 집회가 이어졌다. 지난 3월 19일 국회 본청 계단 앞 집회에서 반대 단체들은 “최근 10년 사이 전통시장 100곳이 사라졌고 동네 슈퍼는 5만개가 문을 닫았다”며 “작년 한 해에만 쿠팡에서 8명의 노동자가 사망했고 사망 노동자 10명 중 7명은 과로성 뇌·심혈관 질환 때문”이라고 주장했다. 지난 4월 8일에는 40여 개 단체가 ‘대형마트 새벽배송 허용 저지를 위한 대책위원회’를 출범했다. 대책위는 산재 승인건수의 81.3%가 자정부터 새벽 5시 사이에 집중된다는 점을 저지 근거로 내세웠다. 소상공인연합회 등은 법안 통과 시 헌법소원을 제기하겠다는 입장이다. 반면 주무 부처인 중소벤처기업부는 아직 상생 지원 방안을 내놓지 못하고 있다. ◆ 5월~현재 소위 회부… 선거 후 논의 ‘진통 불가피’ 지난달 19일 국회 산업통상자원중소벤처기업위원회는 관련 개정안을 상정해 법안심사소위에 회부했다. 현재 심사 대상에는 민주당 김동아 의원안과 국민의힘 김성원 의원안이 올라 있다. 김동아 의원안은 오프라인 영업 규제는 유지하되 의무휴업일과 영업 제한 시간대 온라인 배송을 허용하는 내용이다. 반면 김성원 의원안은 새벽배송 허용과 함께 심야 영업 제한 및 의무휴업일 규제 폐지까지 포함하고 있다. 지난달 27일에는 대형마트 새벽배송 허용 저지 대책위원회가 성명을 내고 “이번 조치를 중소상인과 자영업자의 생존권을 짓밟고 노동자를 과로와 위험으로 내모는 유통법 개악 시도로 규정한다”며 강력 규탄했다. 산업통상부가 지난 27일 발표한 ‘2026년 4월 주요 유통업체 매출 동향’에 따르면 온라인 유통업체 매출은 전년 동월 대비 7.5% 증가했다. 반면 오프라인 매출 증가율은 6.7%에 그쳤고 대형마트 매출은 6.6% 줄었다. 한국개발연구원(KDI) 분석에서도 대형마트 의무 휴업일을 주말에서 평일로 전환한 경우 전통시장과 골목상권 매출이 줄었다는 뚜렷한 증거가 확인되지 않았다는 결과가 나왔다. 한편 서울 25개 자치구 가운데 서초구·동대문구·중구·관악구 등 4곳은 이미 의무 휴업일을 평일로 바꿔 운영 중이다. 서초구가 2024년 7월 처음으로 규제를 완화한 데 이어 동대문구·중구가 뒤따랐으며 2025년 2월에는 관악구도 의무 휴업일을 평일로 변경했다. ◆ 규제 데이터가 말하는 것… “마트 쉬어도 전통시장 안 간다” 14년 넘게 시행된...",ok,articles.csv
대형마트 새벽배송 / 유통산업발전법 개정,대형마트 규제 완화 논의의 지지부진한 실행력 평가,규제;제도개선;골목상권;소비자;갈등,https://zdnet.co.kr/view/?no=20260527162247,"""대형마트 규제 개선, 실행은?""…유통 B 학점",zdnet.co.kr,규제완화,중립적,유통 분야 전문가,대형마트 규제 완화 필요성을 강조하는 전문가들의 의견과 정치적 상황으로 인한 정책 실행의 한계를 균형 있게 다루고 있습니다.,"지난해 6월 출범한 이재명 정부는 '진짜 성장'을 내세웠다. AI로 경제·사회·기술 대전환을 꾀해 국가발전과 국민행복이 선순환되는 시대를 열겠다는 것이다. 지난해 하반기부터는 30대 선도프로젝트가 가동되기 시작했으며 각 경제·산업 분야에서 AI 대전환이 진행 중이다. 일단 스타트는 좋다. AI 붐을 등에 업고 코스피 7000 시대가 열렸다. 하지만 미국·이스라엘-이란 전쟁으로 인한 고유가·고물가·고환율 리스크가 AI 대전환의 발목을 잡고 있다. 지디넷코리아는 창간 26주년을 맞아 이 격변의 시점에 있는 대한민국 산업 현장을 진단하고, 각 분야 전문가들과 함께 'AI 시대, 이재명 정부 1년'을 평가했다. [편집자주] 2012년 이후 사실상 멈춰 있던 대형마트 규제 완화 논의가 이재명 정부 들어 다시 수면 위로 올라왔다. 유통산업발전법(유통법) 개정이 재추진되면서 업계의 오랜 숙원인 공휴일 의무휴업·새벽배송 제한 완화 기대감이 커지고 있다. 최근에는 국회가 다시 움직이고 있다. 국회 산업통상자원중소벤처기업위원회는 대형마트 심야 영업 제한 완화와 의무 휴업 규제 자율화 등을 담은 유통법 개정안을 법안심사소위원회에 상정했다. 이에 전문가들은 “법 개정을 추진하는 것에는 의미가 있지만 실행은 부족했다”는 평가를 내놨다. 새벽배송 허용과 의무휴업 완화 등을 논의한 것은 긍정적이지만, 실제 제도 개선으로 이어지지 못했다는 지적이다. 이들은 침체된 대형마트 산업이 회복하기 위해서는 공휴일 의무휴업 규제를 완화하는 것이 시급하다고 입을 모았다. 2012년 개정 후 14년 숙원 현행 유통법은 전통시장과 골목상권을 보호하자는 취지로 2012년 개정됐다. 대형마트는 공휴일에 월 2회 의무휴업해야 하고 매일 자정부터 오전 10시까지 영업이 제한되는 것이 주요 내용이다. 영업이 제한된 시간에는 온라인 배송도 불가능하다. 대형마트 규제를 완화해야 한다는 논의가 본격화된 시점은 2021년부터다. 당시 유통 시장이 온라인 중심으로 재편되면서 대형마트 영업 규제를 완화해야 한다는 목소리가 커졌다. 하지만 당시 야당은 규제 완화가 골목상권에 도움이 되지 않을 것이라고 반발하며 논의가 무산됐다. 논의가 재개된 것은 지난 2월이다. 더불어민주당과 정부는 고위 당정협의회를 통해 유통법 개정 추진을 공식화했다. 이들은 대형마트 및 준대규모 점포(SSM) 영업시간 제한과 매월 두 차례 의무휴업을 지정하도록 규정한 유통법 제12조2 개정을 집중 논의했다. 다만 6·3 지방선거를 앞두고 논의는 멈춰섰다. 전통시장·소상공인 단체들이 규제 완화가 골목상권 위축으로 이어질 수 있다며 반대 입장을 강하게 내고 있기 때문이다. “논의 시작은 의미”…총 평점 B 전문가들은 정부가 기존과 달리 대형마트 규제를 둘러싼 사회적 논의를 본격화한 점에는 의미가 있다고 평가했다. 다만 실제 정책 변화로 이어지지 못한 점은 한계로 꼽았다. 이종우 남서울대 교수는 정부 유통 정책에 대해 B 학점을 주며 “13~14년간 유지된 규제에 대해 논의를 시작했다는 점은 의미가 있다”면서도 “실행으로 이어지지 못했다”고 평가했다. 정연승 단국대 교수(전 한국유통학회장)는 보다 박한 C 학점을 부여했다. 그는 “새벽배송 허용 등 논의는 있었지만 실제 진전된 부분이 없다”며 “선거 국면에 들어가면서 법개정이 원위치된 상황”이라고 지적했다. 한국유통학회 사무국장인 조춘한 경기과학기술대 교수는 A 학점을 줬다. 조 교수는 “이번에는 정부 주도적으로 연구용역을 진행한다던가, 각계 의견을 듣는 등 의견 수렴 과정이 있었다”며 “필요한 규제는 유지하고 완화할 부분은 조정하려는 시도가 있었다”고 평가했다. 전문가들은 규제 완화 논의가 멈춘 가장 큰 배경으로 정치권의 표심 부담을 꼽았다. 특히 전통시장과 소상공인 단체 반발이 지방선거와 맞물리며 정책 추진 동력이 약해졌다는 분석이다. 조 교수는 “전통시장·소상공인 단체는 지역 정치에서 영향력이 크다”면서 “객관적 정책 판단보다 표를 의식한 정책 추진이 이뤄질 수밖에 없는 구조”라고 말했다. “대형마트 적은 쿠팡”…공휴일 의무휴업 폐지해야 전문가들은 현재 규제 체계가 시장 변화 속도를 따라가지 못하고 있다고 진단했다. 과거에는 대형마트가 전통시장과 소상공인의 경쟁 상대로 여겨졌지만, 지금은 쿠팡·네이버쇼핑 등 이커머스 플랫폼이 핵심 경쟁자로 바뀌었다는 것이다. 이 교수는 “정부가 나서서 대형마트가 지역 상권의 적이라는 인식을 바꿔야 한다”며 “지금 소상공인과 전통시장의 경쟁 상대는 대형마트보다 쿠팡과 네이버쇼핑”이라고 말했다. 가장 시급한 과제로는 의무휴업 규제 개선이 꼽혔다. 이 교수는 “소비자들을 위해서 공휴일 의무휴업을 폐지해야 한다”면서 “네이버쇼핑이나 쿠팡은 공휴일에도 배송하지 않느냐”고 지적했다. 정 교수 역시 “현재처럼 의무휴업을 획일적으로 강제하는 방식은 지역 특성을 반영하지 못한다”며 “휴무일은 대형마트가 자율적으로 결정할 필요가 있다”고 말했다. 조 교수는 영업시간에 대해서도 자율성을 부여해야 한다고 제언했다. 그는 “가장 시급한 것은 대형마트의 핵심인 일요일 영업을 푸는 것”이라며 “이에 더해 더 늦게 열고 더 늦게까지 영업하는 등 획일적으로 규제하지 말고 상권에 맞게 조절할 수 있게끔 자율성을 줘야 한다”고 강조했다. “규제 완화만으로 반등 어려워” 다만 규제 완화만으로 대형마트 산업이 다시...",ok,articles.csv
대형마트 새벽배송 / 유통산업발전법 개정,편의점 퀵커머스 성장과 유통시장 경쟁 구도 변화,소비자;규제;유통산업발전법;퀵커머스;시장경제,http://www.inews24.com/view/1973837,'24시간 퀵배송' 편의점의 반란⋯쿠팡·네이버 턱밑 추격,inews24.com,소비자_편의,긍정적,편의점 업계,대형마트 규제 상황 속에서 편의점이 24시간 배달 서비스를 통해 소비자 편의를 증진하며 유통 시장의 새로운 강자로 부상하고 있음을 강조하고 있습니다.,"[아이뉴스24 진광찬 기자] 편의점이 주요 유통채널 가운데 소비자들의 이용빈도가 가장 많은 플랫폼인 것으로 나타났다. 온라인 쇼핑이 일상화된 시대에도 쿠팡·네이버 등 주요 이커머스를 앞지르며 근거리 장보기 수요를 흡수하는 모습이다. 촘촘한 오프라인 점포망을 기반으로 '24시간 배달' 체제를 구축한 게 효과를 거두고 있다는 평가다. 4일 시장조사기관 와이즈앱·리테일에 따르면 올 1~4월 주요 커머스 브랜드 월평균 결제횟수 조사에서 편의점 GS25와 CU는 각각 1위와 2위를 차지했다. 같은기간 편의점 4사(GS25, CU, 세븐일레븐, 이마트24) 결제 추정금액은 12조5600억원으로 집계됐다. 이는 2022년과 비교해 25.9% 증가한 수치로 4년연속 성장세다. 브랜드별 합산 결제 추정금액은 GS25가 가장 높았고 CU, 세븐일레븐, 이마트24가 뒤를 이었다. 특히 이커머스 양강인 쿠팡과 네이버(네이버페이 포함)를 앞질렀다는 점에서 주목된다. 외형(결제 금액 규모)에서는 대형 이커머스에 밀렸으나 실제 이용빈도 측면에서는 우위를 점했다는 의미다. 4월 기준으로 보면 국내 소비자의 편의점 4사(GS25, CU, 세븐일레븐, 이마트24) 1인당 월간 평균 결제횟수는 15.6회로 평균 결제금액은 9만1000원이다. 소비자들은 이틀에 한 번꼴로 편의점을 찾은 셈이다. 업계에서는 편의점의 성장세가 1시간내 물건을 즉시 배달해주는 퀵커머스 확대와 맞물린 것으로 분석했다. 소비 중심축이 온라인으로 급격히 기우는 상황에서 편의점들이 배송망을 강화하며 쇼핑수요를 붙잡고 있다는 것이다. 최근 CU와 GS25는 최근 쿠팡이츠와 손잡고 24시간 퀵커머스 서비스를 도입했다. 심야 배달수요가 늘어나자 기존에는 운영하지 않던 오전 3시부터 6시까지 서비스 운영 시간을 늘렸다. 사실상 이커머스가 독점하던 24시간 배송 시장에 균열을 내고 있다는 평가다. GS25 경우 퀵커머스 매출은 전년동기 대비 2024년 75.4%, 2025년 64.3%, 올 1분기 79.5% 증가했다. 전체 매출에서 차지하는 비중은 10%에 육박한다. 오프라인 점포 보조 채널을 넘어 새로운 매출원 역할을 하고 있다. 온라인 유입 고객을 오프라인 매장 방문으로 유입하는 데도 효과적이다. 여기에 편의점들이 상품군을 다변화하며 다른 채널과 경계를 줄여가고 있는 점도 경쟁력 향상 요인으로 꼽힌다. 과거 편의점은 담배·먹거리를 빼면 우산·건전지 등 긴급 구매 수요에 머물렀으나 최근에는 패션·뷰티·완구 등으로 영역이 넓어지고 있다. 편의점 전용 의류와 화장품이 나올 정도다. 시장에서는 편의점이 기존 필요한 제품을 구매하는 공간을 넘어 일상소비 수단으로 자리 잡으며 유통시장 구도가 변화하고 있다는 관측도 나온다. 1인가구 증가 등으로 소용량·가성비 소비 확산과 근거리 쇼핑 트렌드도 영향을 미치고 예측이다. 업계 관계자는 ""대형마트가 규제로 새벽배송이 불가한 상황에서 편의점은 24시간 배송이 가능한 유일한 오프라인 채널""이라며 ""최근에는 상품군마저 대폭 늘리며 온라인 쇼핑에 익숙해진 소비자들을 적극 공략하고 있다""고 말했다. /진광찬 기자(chan2@inews24.com)",ok,articles.csv
대형마트 새벽배송 / 유통산업발전법 개정,대형마트 새벽배송 허용 법안에 대한 소상공인 단체의 반발 및 헌법소원 예고,유통산업발전법;새벽배송;대형마트;소상공인;헌법소원,https://news.tvchosun.com/site/data/html_dir/2026/05/26/2026052690378.html,"대형마트 새벽배송 풀리나…소상공인 ""헌법소원 가겠다""",news.tvchosun.com,소상공인_부담,부정적,소상공인 단체,대형마트 새벽배송 허용 법안에 대해 소상공인 단체가 생존권 위협을 이유로 강력히 반발하며 헌법소원까지 예고하는 갈등 상황을 다루고 있습니다.,"대형마트의 심야 영업 제한을 완화하고 새벽배송을 허용하는 법안이 국회 논의 테이블에 오르자 소상공인 단체들이 반발하고 나섰다. 소상공인연합회와 전국상인연합회, 한국수퍼마켓협동조합연합회는 26일 성명을 내고 관련 법안 철회를 촉구했다. 이들 단체는 국회 산업통상자원중소벤처기업위원회가 대형마트 심야 영업 제한 완화와 의무휴업 규제 자율화 내용을 담은 유통산업발전법 개정안을 법안심사소위원회에 상정한 데 대해 “강력한 유감을 표한다”고 밝혔다. 핵심 쟁점은 새벽배송이다. 현재 대형마트는 영업시간 제한과 의무휴업 규제를 받고 있다. 개정안이 통과되면 대형마트의 온라인 배송 시간 제한이 완화돼 새벽배송이 가능해질 수 있다. 소상공인 단체들은 이를 두고 “대형마트에 새벽배송의 날개를 달아주는 법안”이라고 주장했다. 이들은 “공정한 경쟁이 아닌 자본에 의한 무차별 학살에 소상공인을 내모는 격”이라며 “소비자의 선택권 감소와 가격 결정권 위협이라는 부메랑으로 돌아올 것”이라고 밝혔다. 법안이 강행 처리될 경우 헌법소원도 내겠다는 입장이다. 소상공인 단체들은 “국회가 새벽배송 허용 법안을 강행 처리한다면 헌법재판소에 헌법소원을 청구하겠다”며 관련 법안의 즉각 철회를 요구했다. 대형마트 규제 완화 논의는 소비자 편의와 유통 경쟁력 강화라는 명분이 있지만, 골목상권 침해 논란이 다시 커지는 분위기다. Copyrights ⓒ TV조선. 무단전재 및 재배포 금지",ok,articles.csv
대형마트 새벽배송 / 유통산업발전법 개정,대형마트 새벽배송 허용 및 의무휴업 규제 완화 논의,유통산업발전법;대형마트;새벽배송;규제;갈등,https://news.mtn.co.kr/news-detail/2026060113395828823,MTN NEWS,news.mtn.co.kr,갈등_구도,중립적,대형마트 업계 및 소상공인 단체,대형마트의 규제 완화 요구와 이에 반대하는 소상공인 및 노동계의 입장을 균형 있게 다루며 법안 논의의 쟁점을 정리하고 있습니다.,"대형마트 '족쇄' 풀릴까…논의 급물살에 업계 '기대감' 국회 산자위, 유통산업발전법 개정안 심사소위 상정 온라인 매출 비중 60% 넘어…대형마트·SSM은 나란히 역성장 '역차별' 논란에 규제 완화론 재부상 온라인 매출 비중 60% 넘어…대형마트·SSM은 나란히 역성장 '역차별' 논란에 규제 완화론 재부상 김가현기자 대형마트의 심야 영업 허용과 의무휴업 규제를 완화하는 내용의 유통산업발전법 개정안이 다시 수면 위로 떠올랐다. 온라인 유통업체와의 경쟁에서 각종 제약을 받아온 대형마트 업계는 6·3 지방선거 이후 관련 논의가 속도를 낼 수 있다는 관측에 기대감을 키우고 있다. 1일 업계에 따르면 국회 산업통상자원중소벤처기업위원회는 지난달 19일 유통산업발전법 개정안을 상정하고 법안심사소위원회에 회부했다. 현재 논의 대상에는 대형마트의 전자상거래 영업행위를 영업시간 제한 규제 대상에서 제외하는 내용과 의무휴업일 운영을 완화하는 방안 등이 포함된 것으로 알려졌다. 법안이 통과될 경우 지자체별 별도 조치 없이도 전국 대형마트 점포에서 온라인 새벽배송이 가능해질 수 있다. 현행법상 대형마트와 기업형 슈퍼마켓(SSM)은 자정부터 오전 10시까지 영업이 제한된다. 월 2회 공휴일 의무휴업 규제도 적용받고 있다. 이에 대형마트는 점포 기반 물류 인프라를 갖추고도 심야·새벽 시간대 온라인 배송 영업에 제약을 받아왔다. 법 개정이 시급하다는 목소리가 커지는 배경에는 오프라인 유통 채널 내 양극화가 있다. 산업통상자원부에 따르면 지난 4월 주요 유통업체 매출은 오프라인과 온라인 각각 6.7%, 7.5% 증가세를 보였다. 하지만 세부 업태별로는 백화점이 21.7%, 편의점이 3.3% 증가하며 오프라인 성장을 견인한 반면, 대형마트는 6.6%, SSM은 6.9% 감소했다. 매출 비중을 봐도 온라인이 60.3%를 차지했고, 이어 백화점 15.3%, 편의점 14.6%, 대형마트 7.9%, SSM 1.9% 순으로 나타났다. 온라인 유통 비중이 높아지는 가운데, 오프라인 채널 안에서도 백화점·편의점과 대형마트·SSM 간 격차가 확대되는 모습이다. ■ 껍데기만 남은 10년 전 규제…실효성 의문도 전문가들은 현행 규제가 2010년대 초반 골목상권과 전통시장 보호를 목적으로 설계된 만큼, 급변한 소비 트렌드와 맞지 않는다고 지적한다. 대형마트는 각종 규제를 적용받는 반면, 쿠팡 등 온라인 기반 이커머스 업체들은 규제에서 벗어나 있어 경쟁 조건이 기울어져 있다는 주장이다. 이에 따라 업계에서는 새벽배송 허용을 단순한 영업시간 확대가 아닌, 소비자 선택권 확대와 유통산업 경쟁력 회복 차원에서 접근해야 한다는 목소리가 커지고 있다. 최근 홈플러스 사태도 대형마트 업계 전반의 위기감을 보여주는 사례로 거론된다. 홈플러스는 경영 악화로 일부 점포 운영을 중단하거나 조정하는 등 구조조정 압박을 받고 있다. 현재 SSM 사업부문인 홈플러스 익스프레스에 이어 본사와 대형마트·온라인몰을 포함한 잔존사업부문까지 매각 추진 중으로, 대형마트 업계의 수익성 악화가 더 이상 개별 기업만의 문제가 아니라는 우려가 나온다. 대형마트와 SSM에 대한 역차별 문제도 규제 완화 주장에 힘을 싣고 있다. 현행 유통산업발전법상 전통시장 반경 1km 이내에는 매장 면적 3000㎡ 이상 대규모점포의 출점이 제한된다. 반면 식자재마트는 매장 면적을 3000㎡ 미만으로 유지할 경우 의무휴업과 영업시간 제한을 받지 않는다. 때문에 일부 식자재마트는 매장 규모를 쪼개는 방식으로 규제를 피해 가며 전통시장 인근에서 연중무휴 또는 24시간 영업을 이어가고 있다. 규제 실효성에 대한 의문도 제기된다. 한국개발연구원(KDI)는 대형마트 의무휴업일을 주말에서 평일로 전환했을 때 전통시장과 주변 상권 매출이 감소했다는 뚜렷한 증거가 확인되지 않았다는 분석을 내놓은 바 있다. 의무휴업 규제가 골목상권 보호로 직접 이어지는지에 대한 실증적 근거가 충분하지 않다는 것이다. ■ 소상공인·노동계 반발 거세…법안 처리까지 진통 불가피 다만 법안 처리까지는 적지 않은 진통이 예상된다. 소상공인 단체들은 대형마트 새벽배송 허용이 골목상권과 지역 중소 유통업체에 타격을 줄 수 있다며 반발하고 있다. 소상공인연합회와 전국상인연합회, 한국수퍼마켓협동조합연합회 등은 지난달 26일 공동 성명을 통해 대형마트 규제 완화에 강한 유감을 표하고 법안 철회를 요구했다. 노동계 역시 반대 입장을 고수하고 있다. 마트 노동자들은 의무휴업과 심야 영업 제한이 노동자의 온전한 휴식권과 건강권을 보장하는 최소한의 사회적 안전장치라고 주장한다. 새벽배송이 전국적으로 확대될 경우 노동 강도가 심화하는 것은 물론, 야간·심야 노동의 상시화로 이어져 노동 환경이 극도로 악화될 것이라는 우려다. 나아가 소상공인 단체들은 규제를 풀 것이 아니라, 오히려 대형 식자재마트를 규제 대상에 포함하도록 유발법을 한층 더 강화해야 한다고 맞서고 있다. 이들은 ""만약 국회가 소상공인들의 생존권을 위협하는 새벽배송 허용 법안을 강행 처리한다면, 즉시 헌법재판소에 헌법소원을 청구할 것""이라며 강경 대응을 예고했다. 유통업계 안팎에서는 6·3 지방선거 이후 멈춰 섰던 법안 논의가 정국의 핵심 쟁점으로 재점화될 것으로 보고 있다. 대형마트 규제 완화 논의는 2021년부터 꾸준히 제기됐으나 골목상권 보호와 노동자 휴식권 보장...",ok,articles.csv
대형마트 새벽배송 / 유통산업발전법 개정,지방선거 이후 대형마트 새벽배송 허용을 위한 유통산업발전법 개정 논의 재점화,대형마트;유통산업발전법;규제;골목상권;경영난,https://www.mk.co.kr/article/12065949,홈플러스 37곳 결국 폐점한다는데…선거 끝났으니 ‘새벽배송’ 족쇄 풀릴까 - 매일경제,mk.co.kr,규제완화,중립적,대형마트 업계 및 국회,대형마트의 경영난과 규제 형평성 문제를 중심으로 법 개정 논의의 배경과 이해관계자들의 입장을 균형 있게 다루고 있습니다.,"Key Points - 6·3 지방선거 종료와 함께 국회에 계류 중인 유통산업발전법 개정안 논의가 재점화될 조짐을 보이고 있어요. 🛍️🗳️ - 대형마트의 온라인 새벽배송 허용을 담은 개정안은 코로나19 이후 온라인 중심으로 급변한 유통 환경에 맞춰 규제 불균형을 해소하려는 움직임 속에 힘을 얻고 있어요. 🛒💨 - 실제로 온라인 비중 확대 속에 대형마트 매출은 감소세를 보이며, 이러한 부진의 여파로 홈플러스는 전국 37개 매장 폐점을 결정하는 등 경영난을 겪고 있어 규제 완화 요구가 커지고 있어요. 📉😔 - 하지만 골목상권 보호를 주장하는 중소상인 단체와 노동계의 반발도 여전해, 법 개정 과정에서 정책 목표와 이해관계자들의 목소리가 어떻게 조화를 이룰지 주목됩니다. ⚖️🗣️ 1. 사건 개요: 무슨 일이 있었나? 🛒 legislative process and its impact on the retail landscape 2026년 6월 4일, 6.3 지방선거가 끝나면서 국회에 계류 중이던 유통산업발전법(이하 유통법) 개정안 논의에 다시 불이 붙을지 관심이 모아지고 있어요. 💡 이 개정안은 대형마트의 온라인 새벽배송 허용을 핵심 내용으로 하고 있는데, 수년째 이어져 온 '기울어진 운동장' 논란을 어떻게 해결하고 골목상권 보호와 지역경제 활성화라는 정책 목표와 조화를 이룰지가 주목되는 지점이에요. 🤔 현재 국회 산업통상자원중소벤처기업위원회에서는 유통법 개정안을 법안심사소위원회로 넘긴 상태입니다. 2026년 2월, 더불어민주당은 당정협의를 통해 대형마트 새벽배송 허용을 위한 유통법 개정 추진 방침을 공식화하며 온라인 중심의 유통 환경 변화에 맞춰 규제 개선의 필요성을 강조했었어요. 🚀 하지만 현행 유통법은 대형마트와 기업형슈퍼마켓(SSM)의 자정부터 오전 10시까지 영업 제한을 두고 있으며, 이 시간대의 온라인 상품 피킹 작업도 영업행위로 간주되어 새벽배송이 사실상 불가능한 상황이에요. 🚧 이와 달리 쿠팡, 컬리 등 이커머스 업체들은 시간 제한 없이 새벽배송 서비스를 제공하며 시장을 확대해왔죠. 🚚 이러한 규제 차이로 인해 대형마트들은 온라인 중심으로 급변하는 소비 패턴에 발맞추지 못하며 어려움을 겪고 있어요. 실제로 산업통상부에 따르면 2025년 국내 유통업 내 온라인 비중은 59%까지 상승했지만, 대형마트 비중은 9.8%로 하락하며 2년 연속 역성장을 기록했답니다. 📉 이러한 실적 부진으로 한때 업계 2위였던 홈플러스는 결국 전국 37개 매장 폐점을 결정하며 약 3,500명의 고용 불안이 현실화되었어요. 😥 오프라인 유통업계는 지방선거 이후 규제 완화 논의가 속도를 낼 것으로 기대하며, 전국 수백 개 점포를 물류 거점으로 활용할 수 있게 되면 신선식품 배송 경쟁력 확보에 큰 도움이 될 것이라고 보고 있어요. 📦 하지만 중소상인 단체와 노동계는 대형마트의 새벽배송 시장 진출이 골목상권과 전통시장의 매출 감소를 야기하고, 심야·새벽 노동 확대에 따른 노동자 건강권 문제도 우려하고 있답니다. 😠 이처럼 유통법 개정안 통과 여부는 새 정부의 유통 규제 철학을 가늠할 시험대가 될 전망이에요. ⚖️ 2. 심층 분석: 이 뉴스는 왜 나왔나? 최근 홈플러스 37개 지점의 폐점 결정과 함께 유통산업발전법(이하 유통법) 개정안 논의가 다시 주목받고 있어요. 🏠 이는 오랜 기간 지속된 대형마트와 이커머스 업체 간의 '기울어진 운동장' 논란을 해결하고, 급변하는 유통 환경에 맞춰 규제를 현실화하려는 움직임의 연장선상에 있답니다. ⚖️ 이러한 논의가 다시 활발해진 배경에는 몇 가지 핵심적인 이유가 있어요. 첫째, 국내 유통 시장의 온라인 비중이 지난해 59%까지 치솟고 대형마트 비중은 9.8%로 급락하며, 온라인 중심으로 소비 패턴이 빠르게 변화하고 있다는 점이에요. 📈 이는 대형마트들이 현행 규제로 인해 온라인 시장에서 제대로 경쟁하지 못하고 있다는 방증이기도 합니다. 둘째, 실제로 홈플러스가 부진한 실적으로 기업회생절차를 밟는 등 오프라인 유통업체의 어려움이 현실화되고 있다는 점이에요. 💔 이는 규제 완화를 통해 경쟁력을 회복하려는 절박한 심정을 보여준다고 할 수 있습니다. 현재 국회에 계류 중인 유통법 개정안들은 대형마트의 온라인 새벽배송 허용을 핵심으로 하고 있어요. 🌙 현행법은 대형마트와 기업형슈퍼마켓(SSM)이 자정부터 오전 10시까지 영업을 제한받고, 이 시간대에 온라인 배송을 위한 상품 피킹 작업도 영업행위로 간주하여 새벽배송을 할 수 없도록 규정하고 있답니다. 🚫 반면 쿠팡, 컬리 등 이커머스 업체들은 이러한 시간 제한 없이 새벽배송 서비스를 운영하며 시장을 확대해왔어요. 이러한 규제 차이는 대형마트 업계에서 '역차별' 사례로 꾸준히 지적되어 왔습니다. 🤯 따라서 이번 유통법 개정안 논의는 단순히 규제 완화를 넘어, 변화된 유통 환경 속에서 공정한 경쟁을 촉진하고 국내 유통 기업들의 경쟁력을 강화하여, 나아가 알리익스프레스, 테무와 같은 해외 이커머스 업체의 공세에 맞서 국내 시장을 지키려는 노력이 담겨 있다고 볼 수 있어요. 🚀 3. 주요 경과: 지금까지의 흐름 (Timeline) 🏠🛍️⚖️ - 2020년 9월 대형마트의 온라인 배송 허용을 골자로 한 유통산업발전법 개정안이 처음으로 국회에 상정되었어요. 하지만 이후 10차례 논의에도 불구하고 골목상권 침해 우려 등 야당의...",ok,articles.csv
배달앱 수수료 / 플랫폼 상생,배달 플랫폼의 새벽 배달 확대에 따른 자영업자 수익 감소 및 라이더 안전 우려,소상공인;갈등;플랫폼;노동권;배달앱,https://www.youthdaily.co.kr/news/article.html?no=220133,"[청년일보] ""수익은 줄고, 위험은 늘고""…배달앱 새벽배달 확대에 '분통'",youthdaily.co.kr,갈등_구도,부정적,자영업자 및 라이더,배달 플랫폼의 새벽 배달 서비스 확장이 자영업자의 수익 구조를 악화시키고 라이더의 안전을 위협한다는 이해관계자들의 비판적 목소리를 중심으로 서술되었습니다.,"【 청년일보 】 배달 플랫폼이 새벽 시간대까지 배달 서비스를 확대하며 '무료배달'에 이은 새로운 경쟁에 불을 붙였다. 다만 일각에서는 이번 서비스 확대가 궁극적으로 자영업자와 라이더의 생존권을 위협할 수 있다는 지적을 내놓고 있다. 4일 업계에 따르면, 배달의민족(이하 배민), 쿠팡이츠 등 주요 배달 플랫폼 업체들은 잇따라 새벽까지 배달 서비스 시간을 확대하며 점유율 쟁탈전에 나서고 있다. 한 업계 관계자는 ""배달 플랫폼 시장이 한계에 다다른 가운데, 서비스의 양적 확대보다는 질적 개선에 나선 것으로 보인다""라며 ""새벽 배달도 이와 같은 전략의 일환일 것""이라고 말했다. 배달 플랫폼 시장은 2024년 3월 쿠팡이츠가 촉발한 무료배달 경쟁 이후 포화 상태에 이른 시장 점유율을 쟁탈하기 위해 꾸준히 새로운 '전선'을 구축해왔다. 대표적인 사례로 퀵커머스가 꼽힌다. 배민은 퀵커머스 서비스인 배민B마트를 지속적으로 고도화해왔고, 쿠팡이츠 역시 '장보기' 서비스로 이에 대응하는 방식이다. 업계에서는 이번 새벽 배달 역시 양사의 경쟁 구도가 더욱 심화되는 양상을 단적으로 보여준다고 설명하고 있다. 새벽 배달 경쟁을 시작한 업체는 무료배달 당시와 마찬가지로 쿠팡이츠다. 쿠팡이츠는 지난 19일부터 서울·경기 및 6대 광역시에서 시간 제한 없이 24시간 영업 및 배달이 가능하도록 운영 시간을 변경한다고 자사 배달기사 앱 '쿠팡이츠 배달파트너'를 통해 11일 공지했다. 배민도 29일 라이더를 대상으로 배달 운영 시간을 오전 6시~익일 오전 3시에서 오전 6시~익일 오전 5시로 확대한다고 밝히며 쿠팡이츠의 선제적인 움직임에 맞불을 뒀다. 양사 모두 새벽 배달 확대 방식과 지역은 다소 상이하지만, 업계에서는 이들 업체 모두 궁극적으로 새벽 배달을 전국 단위로 확대하게 될 것이라는 전망을 제기하고 있다. 한 업계 관계자는 ""두 플랫폼 모두 새벽 배달을 결국 공식화한 가운데, 관건은 어느 업체가 얼마나 더 많은 지역에서 서비스를 확대할 수 있는지에 있을 것""이라며 ""전국적인 배달망을 확보하고 있는 배민이 초반 경쟁에서 유리할 수도 있다""고 짚었다. 다만, 이와 같은 경쟁 구도 속에서 배달 플랫폼의 핵심 이해관계자인 자영업자, 라이더들의 고통이 가중된다는 비판도 적잖게 제기되고 있다. 먼저 일부 자영업자들은 배달 플랫폼들이 새벽 시간대까지 배달 중개 수수료를 부과하려 한다며 크게 반발하고 있다. 배달 플랫폼을 통한 주문이 전무해지는 새벽 시간대에 발생하던 수익에도 악영향을 미칠 수밖에 없다는 게 이들의 주장이다. 자영업자들은 배민이나 쿠팡이츠 사용이 불가능한 새벽 시간대에는 과거 배달 플랫폼이 보편화되기 이전처럼 전화를 통해 직접 주문이 들어오는 경우가 많다고 설명하고 있다. 이와 같은 방식을 통할 경우 배달 플랫폼을 매개할 필요가 없어 배달 중개 수수료를 별도로 지불할 필요가 없게 된다. 서울시 용산구에서 치킨 프랜차이즈 매장을 운영하는 한 자영업자는 ""그 액수가 많지는 않다고 하더라도 새벽 시간대는 배달 중개 수수료의 영향을 받지 않고 수익을 올릴 수 있는 거의 유일한 시간대""라며 ""새벽까지 일을 한다는 게 쉬운 일은 아니지만, 그 수익이라도 올리기 위해 잠도 줄여가고 있다""고 말했다. 그는 ""이 시간대는 배달 플랫폼도, 배달 대행 서비스도 사용하지 않고 과거와 같은 방식으로 자체적으로 배달을 소화하고 있어 수입이 온전히 보전된다""며 ""이와 같은 수익 창출이 가능한 두 시간 남짓한 시간마저 배달 플랫폼이 앗아간다는 생각에 속이 끓는 마음""이라고 설명했다. 유사한 지역에서 중국집을 운영하고 있는 한 자영업자도 ""순수익으로만 따졌을 때 배달 플랫폼을 통하지 않는 새벽 2~3시간 사이에 발생하는 수입이 그 외의 동일한 시간 대비 비교하기 어려울 정도로 높다""고 말했다. 이어 ""플랫폼이나 배달 대행 서비스를 이용하지 않기 때문에 가능한 일이며, 이 수익은 매장 운영에 큰 도움이 된다""라며 ""새벽 시간대까지 배달 플랫폼이 확대 운영되게 되면 양적인 매출 자체야 늘겠지만, 실제 손에 들어오는 수입은 더 적어지게 될 것""이라고 전망했다. 라이더 측은 새벽 배달 경쟁이 결국 더욱 심화된 '속도 경쟁'으로 귀결되고, 이는 라이더의 생명에 직접적인 위협 요인으로 작용할 것이라는 우려를 내놓고 있다. 구체적으로 라이더는 새벽 배달 확대 시 '야간 운행' 중 도로 위에서의 위험 요인이 크게 증가할 것으로 보고 있다. 라이더 노조 관계자는 ""새벽의 경우 한산한 도로 상황 등의 이유로 다양한 차량들이 주간보다 훨씬 빠른 속도로 과속을 하는 게 일반적""이라며 ""이 과정에서 라이더와의 사고가 발생할 경우 대부분 치명적인 결과를 낳게 된다는 점에서 크게 우려스럽다""라고 말했다. 이어 ""특히 라이더의 과속을 추동하는 배달 플랫폼의 기본적인 시스템 역시 문제""라며 ""배달을 많이 하면 할수록 더 이득을 보는 구조가 새벽 시간대 더욱 위험한 배달 사이클(주기)을 촉진하게 하고, 이는 결국 개인의 사고로 이어지게 되는 것""이라고 짚었다. 라이더 측은 야간 배달에 대한 정부·기업의 공론과 안전 대책 마련이 병행돼야 한다는 목소리도 내놓고 있다. 또 다른 관계자는 ""배달 플랫폼에서 일방적으로 새벽 배달을 시작하게 됐는데, 이 과정에서는 이해관계자들 사이의 어떠한 숙의 과정도 이뤄지지 않았다는 게 문제""라며 ""라이더뿐만 아니라 야간...",ok,articles.csv
배달앱 수수료 / 플랫폼 상생,은행권과 공공배달앱의 제휴를 통한 상생 모델 구축,소상공인;상생;플랫폼;민생경제;배달앱,https://www.mk.co.kr/article/12065791,배민·쿠팡이츠 대항마 키운다…하나은행 계좌 개설하면 할인쿠폰 지급 - 매일경제,mk.co.kr,상생_강조,긍정적,하나은행 및 공공배달앱(먹깨비),은행권이 낮은 수수료를 내세운 공공배달앱과의 협력을 통해 소상공인의 부담을 완화하고 사회적 가치를 창출하는 모델을 긍정적으로 조명하고 있습니다.,"Key Points - 하나은행은 공공배달앱 '먹깨비'와 제휴해 8월 31일까지 신규 고객에게 최대 1만3000원의 할인 쿠폰을 제공하는 이벤트를 진행해요. 🛍️이는 2026년 2월 양사가 체결한 업무협약(MOU)의 일환으로, 소상공인의 수수료 부담을 덜어주는 '착한 플랫폼'과의 협력을 확대하려는 움직임이에요. 🤝 - 신한은행도 이미 2025년 11월부터 운영하는 배달앱 '땡겨요'를 통해 피자, 햄버거 등 다양한 프랜차이즈와 제휴하여 할인 프로모션을 진행하며 고객 확보에 나서고 있어요. 🍕🍔 예를 들어, 2026년 2월에는 서울시와 함께 피자 브랜드와 협력해 최대 1만3000원의 할인 혜택을 제공하기도 했답니다. 💯 - 이러한 은행권의 배달앱 제휴는 단순히 고객 혜택 제공을 넘어, 주요 배달앱(배달의민족, 쿠팡이츠 등) 대비 낮은 중개수수료(먹깨비 1.5%, 땡겨요 2%)를 앞세워 소상공인의 부담을 줄여주는 '상생' 모델을 구축하려는 전략으로 풀이돼요. 🌱 - 향후 하나은행은 하나카드와 연계한 전용 제휴카드 출시도 준비 중이며, 은행들이 배달앱 시장에서 고객 기반을 넓히고 충성도를 높이기 위한 경쟁이 더욱 치열해질 것으로 예상돼요. 💳 이는 금융 서비스와 일상생활 플랫폼 간의 융합이 가속화되는 흐름을 보여준답니다. 🚀 1. 사건 개요: 무슨 일이 있었나? 최근 배달앱 시장에서 은행들이 경쟁적으로 프로모션을 진행하며 고객 확보에 나서고 있어요. 🚀 하나은행은 공공배달앱 '먹깨비'와 함께 특별한 이벤트를 선보입니다. 2026년 2월, 하나은행과 먹깨비가 업무협약(MOU)을 맺고 앞으로 10년간 전방위 협력을 이어가기로 한 후, 이번 행사를 마련하게 된 것이죠. 🤝 이번 이벤트는 2026년 8월 31일까지 진행되는데요, 먹깨비 앱에서 하나은행 입출금 계좌를 새로 만드는 고객에게는 3,000원 할인 쿠폰을 드립니다. 💰 특히 기존에 하나은행 거래가 없던 신규 고객이라면 5,000원 할인 쿠폰 2매를 추가로 받아, 총 13,000원 상당의 혜택을 누릴 수 있어요. 🎉 더불어 2026년 6월 25일부터 8월 31일까지는 하나원큐 이벤트 페이지에서 할인 쿠폰 추첨 이벤트도 열립니다. 🌟 1등 10명에게는 1만 원권, 500명에게는 5천 원권, 2,000명에게는 2천 원권 쿠폰이 8월과 9월에 걸쳐 지급될 예정이에요. 🎁 한편, 신한은행의 공공배달앱 '땡겨요' 역시 비슷한 시기에 고객 확보를 위한 노력을 해왔어요. 2025년 11월 28일, 신한은행은 11개의 피자 및 햄버거 프랜차이즈 업체들과 '서울배달플러스 땡겨요 활성화를 위한 상생 협약'을 체결하며 할인 행사 등을 예고했었죠. 🍕🍔 또한, 2026년 2월 9일에는 '서울배달+ 상생 할인 프로모션'을 통해 7개 피자 브랜드와 협력하여 최대 1만 3,000원의 할인 혜택을 제공하기도 했습니다. 이처럼 은행들은 낮은 중개수수료를 내세우는 공공배달앱과의 협력을 통해 시장 영향력을 확대하려는 전략을 취하고 있답니다. 2. 심층 분석: 이 뉴스는 왜 나왔나? 안녕하세요, 매일경제의 AI 수석 경제 해설가입니다. 🤖 오늘은 하나은행과 공공배달앱 '먹깨비'의 할인 쿠폰 지급 이벤트 소식을 좀 더 깊이 파헤쳐 볼게요. 단순한 금융 상품 홍보를 넘어, 왜 이런 협력이 이루어지고 어떤 의미가 있는지 함께 알아봐요! ✨ **1. 배경: ‘착한 배달앱’과 금융사의 만남 🤝** 이번 하나은행과 먹깨비의 이벤트는 올해 2월에 맺은 업무협약(MOU)의 결과물이에요. 여기서 주목할 점은 바로 '먹깨비'가 가진 특징인데요. 먹깨비는 다른 배달앱들에 비해 훨씬 낮은 중개수수료(약 1.5%)를 자랑하며, 소상공인들의 부담을 덜어주는 '착한 배달앱'으로 알려져 있어요. 💰 이런 먹깨비와 하나은행이 손을 잡은 이유는, 단순히 신규 고객을 유치하는 것을 넘어 사회적 가치를 추구하는 금융 서비스 이미지를 강화하고, 지역 경제 활성화에도 기여하려는 전략으로 볼 수 있어요. 🏘️ **2. 원인: 치열해지는 배달앱 시장과 금융사의 고객 확보 경쟁 🚀** 우리가 흔히 아는 배달의민족, 쿠팡이츠와 같은 주요 배달앱 시장은 이미 포화 상태에 가깝죠. 😥 하지만 '공공배달앱'들은 낮은 수수료를 무기로 틈새시장을 공략하며 성장하고 있어요. 신한은행이 운영하는 '땡겨요' 역시 피자, 햄버거 프랜차이즈와의 협력을 통해 영역을 확장하며 이러한 흐름에 동참하고 있는 모습이에요. (2025년 11월 28일, 2026년 2월 9일 관련 기사 참고) 🍕🍔 이러한 상황에서 하나은행은 먹깨비와의 제휴를 통해 신규 고객을 확보하고, 잠재 고객들에게 하나은행 계좌 개설이라는 금융 상품을 자연스럽게 홍보하는 기회를 얻는 거예요. 📈 **3. 맥락: 금융 서비스와 생활 플랫폼의 융합 🌐** 이번 이벤트는 금융사가 단순히 금융 상품을 판매하는 것을 넘어, 우리 생활 속에 깊숙이 자리 잡은 플랫폼들과 협력하여 새로운 고객 접점을 만들고 있다는 점을 보여줘요. 💡 특히, '먹깨비'처럼 소상공인을 돕는 플랫폼과의 협력은 금융사의 사회적 책임 이행이라는 긍정적인 메시지까지 전달할 수 있다는 점에서 더욱 의미가 있다고 할 수 있어요. 🤔 앞으로도 이러한 금융 서비스와 생활 플랫폼 간의 융합은 더욱 활발해질 것으로 예상됩니다. 🌟 3. 주요 경과: 지금까지의 흐름 (Timeline) 📜 - 2025.11 신한은행은...",ok,articles.csv
배달앱 수수료 / 플랫폼 상생,지방선거 이후 기업 규제 환경 변화 전망,기업규제;입법환경;플랫폼규제;공정거래;지방분권,https://www.eroun.net/news/articleView.html?idxno=82402,"[이로운분석] 6·3 지방선거 이후, 기업 규제환경은 어디로…노동·공정거래 개혁 입법 속도 붙나",eroun.net,경영환경_불확실성,중립적,법무법인 화우 보고서,지방선거 결과에 따른 향후 기업 규제 및 입법 환경 변화를 객관적으로 분석하고 기업이 직면할 경영 환경의 불확실성을 다루고 있습니다.,"이로운넷 = 조은결 기자 6·3 지방선거가 막을 내렸다. 결과는 더불어민주당의 승리였다. 광역단체장 선거 16곳 가운데 12곳을 확보하며 서울과 영남권 일부를 제외한 대부분 지역에서 우위를 점했고, 광역·기초의회에서도 다수 의석을 차지했다. 그러나 이번 선거는 단순히 어느 정당이 몇 곳의 지방정부를 가져갔느냐의 문제로만 해석하기 어렵다. 이재명 정부 출범 1년 만에 치러진 첫 전국 단위 선거였다는 점에서 향후 국정 운영의 방향과 입법 환경을 가늠하는 정치적 시험대 성격이 강했다. 법무법인 화우는 4일 발표한 '6.3 지방선거 결과에 따른 기업 규제환경 전망' 보고서에서 이번 선거 결과가 기업 경영 환경에도 적지 않은 영향을 미칠 것으로 분석했다. 보고서는 지방선거 이후 정부와 여당이 노동·공정거래·금융·조세·사법개혁 분야에서 추진해 온 정책들이 보다 강한 추진력을 얻을 가능성이 높다고 전망했다. ◆ 행정부·입법부 이어 지방정부까지…여당 중심 정치지형 구축 보고서는 이번 선거를 통해 행정부와 국회에 이어 지방정부까지 여당 우위 구도가 형성됐다고 평가했다. 민주당은 부산과 울산, 강원, 충청권을 탈환하며 전국 단위 영향력을 확대했다. 반면 국민의힘은 서울과 대구, 경남을 지켜내며 완패는 면했다. 국회의원 재보궐선거에서도 국민의힘이 의석을 늘리며 예상보다 선전했다는 평가를 받았다. 그럼에도 전체적으로 보면 이재명 정부 출범 이후 처음 치러진 전국 단위 선거에서 민주당이 다시 한 번 정치적 우위를 확인했다는 것이 보고서의 분석이다. 특히 민주당은 지방선거 승리를 발판 삼아 하반기 국회에서 개혁입법 추진에 더욱 속도를 낼 가능성이 높다고 전망했다. 지방선거 결과를 국정운영에 대한 긍정 평가로 해석할 경우 그동안 선거를 의식해 미뤄졌던 각종 쟁점 법안들이 다시 국회 논의 테이블에 오를 수 있다는 것이다. 보고서는 향후 정치권 최대 변수로 후반기 국회 원구성을 꼽았다. 민주당은 이미 조정식 의원을 후반기 국회의장 후보로 선출했고, 국회 원구성 협상 과정에서 주요 상임위원회 주도권 확보를 시도할 것으로 전망된다. 특히 법제사법위원회와 정무위원회, 재정경제위원회, 환경노동위원회 등의 권한 배분에 따라 기업 규제 관련 입법의 방향도 크게 달라질 수 있다고 분석했다. ◆ 하반기 정기국회 '입법 총력전' 예고 화우는 올 하반기 정기국회를 사실상 이재명 정부의 개혁입법 완성 국면으로 규정했다. 보고서에 따르면 민주당은 전반기 국회에서 마무리하지 못한 주요 입법 과제들을 하반기 정기국회에서 집중 처리할 가능성이 높다. 사법개혁 2단계 입법과 상법 후속 개정, 금융개혁, 세제개편, AI·플랫폼 규제 등이 대표적이다. 특히 여당이 상당수 광역단체장을 확보하면서 중앙정부와 지방정부가 함께 정책 추진 동력을 확보했다는 점이 주목된다. 보고서는 대통령 주재 전국 시도지사 회의가 향후 사실상의 '제2 국무회의' 기능을 수행할 가능성도 언급했다. 지방정부가 단순 행정 집행기관을 넘어 국가 정책 설계와 집행 과정에 더욱 깊숙이 참여하게 되면서 지방분권과 지역 특화 규제, 산업정책 논의 역시 확대될 수 있다는 전망이다. 이는 기업 입장에서 새로운 변수다. 그동안 중앙정부 중심으로 대응하던 규제 환경이 지방정부 단위로 확대될 수 있기 때문이다. 지역별 산업정책과 인허가 체계, 규제 샌드박스 운영 방식 등이 달라질 경우 기업은 중앙정부뿐 아니라 지방정부 정책까지 함께 살펴야 하는 상황에 놓일 수 있다. ◆ 금융시장, 규제와 투자 확대가 동시에 진행된다 금융·자본시장 분야에서는 규제 강화와 투자 활성화가 동시에 진행될 것으로 전망됐다. 이미 시행된 상법 개정은 기업 지배구조 변화의 신호탄으로 평가된다. 취득한 자기주식을 1년 이내 소각하도록 한 제도와 이사의 충실의무 확대, 감사위원 분리선출 의무화 등이 대표적이다. 여기에 국민성장펀드와 기업성장집합투자기구(BDC) 활성화 정책이 추진되면서 첨단산업과 벤처기업으로의 자금 공급 확대도 예상된다. 반면 투자자 보호 규제는 더욱 강화될 것으로 보인다. 주가조작에 대한 '원스트라이크 아웃' 제재 체계가 본격 적용되고 임원 보수와 중대재해 관련 공시 의무 역시 확대될 전망이다. 보고서는 기업들이 단순히 규제 강화만 바라볼 것이 아니라 새로운 투자 재원 확보 가능성도 함께 검토해야 한다고 분석했다. ◆ 공정거래 규제의 대전환…플랫폼 기업 겨눈다 공정거래 분야는 가장 큰 변화가 예상되는 영역 중 하나다. 이미 공정거래위원회는 담합 과징금 부과 체계를 대폭 강화했고, 물가와 직결된 식품·에너지 분야 조사도 확대하고 있다. 하반기에는 온라인플랫폼 공정화법 제정 논의가 본격화될 가능성이 높다. 플랫폼 기업의 자사상품 우대와 끼워팔기, 최혜대우 요구 등을 규제하는 내용이 핵심이다. 배달앱 수수료 문제 역시 입법 논의 대상으로 거론된다. 플랫폼 시장의 영향력이 커진 상황에서 정부와 여당이 시장 지배력 규제를 더욱 강화할 가능성이 있다는 분석이다. 특히 보고서는 전속고발권 폐지 논의를 주목해야 한다고 지적했다. 공정거래 사건이 민사와 행정 영역을 넘어 형사 영역으로 확대될 경우 기업들의 법적 부담은 지금보다 훨씬 커질 수 있기 때문이다. 일부 지방자치단체에 직접 고발권을 부여하는 방안까지 현실화될 경우 기업들은 중앙정부뿐 아니라 지방정부의 공정거래 집행에도 대응해야 하는 환경에 놓일...",ok,articles.csv
배달앱 수수료 / 플랫폼 상생,배달앱 상생안의 실효성 논란과 자영업자 부담 가중,배달앱수수료;상생안실효성;자영업자부담;사회적대화;배달앱,https://www.thescoop.co.kr/news/articleView.html?idxno=310124,배달앱 상생안? 선택할 수 없는 선택지… 자영업자의 한탄 [추적+],thescoop.co.kr,소상공인_부담,부정적,자영업자 및 소상공인 단체,배달앱 업체가 제시한 상생안이 오히려 자영업자의 비용 부담을 늘리고 실질적인 혜택이 부족하다는 점을 중심으로 비판적인 시각에서 서술되었습니다.,"더스쿠프 심층취재 추적+ 배달앱 사회적 대화기구 또 중단 현행 요금제보다 후퇴한 상생안 배달 거리별 중개수수료 차등 거리 4㎞에서 1㎞로 줄어들면 배달 면적 좁아져 매출 감소 우려 # “배달앱 수수료 부담은 외식물가 상승 요인으로 볼 수 있다(농림축산식품부ㆍ2025년 2월).” 자영업자가 부담해야 할 배달앱 수수료가 비싸지면 소비자가 구매하는 음식값도 오를 수밖에 없다. 적정한 ‘배달앱 수수료’를 찾아야 하는 이유다. # 이 때문에 정치권까지 나서서 ‘배달앱 사회적 대화기구’를 꾸렸지만, 배달앱 업계와 입점업체는 좀처럼 합의점을 찾지 못하고 있다. 문제가 무엇일까. “플랫폼이 정하면 따를 수밖에 없다.” 배달앱에 입점해 있는 외식 자영업자들의 한탄이다. 속사정이 있다. ‘배달의민족(우아한형제들)’ ‘쿠팡이츠(쿠팡)’ 2개 플랫폼의 배달앱 시장점유율은 90%에 육박한다. 그래서 두 업체가 정한 ‘룰’을 따르기 싫어도 배달앱을 떠나기 힘들다. 더구나 한국 외식 산업에서 배달이 차지하는 비중은 35%(유로모니터 추정치ㆍ2024년 기준)에 달할 만큼 배달앱 의존도가 높다. 정치권이 배달앱 수수료 부담을 덜어주겠다고 나선 이유다. 문제는 정치권의 중재 노력마저 효과를 내지 못하고 있다는 점이다. 지난해 2월 더불어민주당(이하 민주당) 을지로위원회 주도로 ‘배달앱 사회적 대화기구’가 출범했다. 사회적 대화기구엔 배달앱 업체, 자영업자 단체, 배달기사 단체 등이 참여했지만 이해당사자 간 합의점을 찾지 못하면서 별다른 성과를 내지 못한 채 유야무야됐다. 그렇게 멈춰섰던 사회적 대화기구가 다시 열린 건 1년이 훌쩍 흐른 4월 10일이었다. 이날 열린 1차 회의에는 배달의민족ㆍ쿠팡이츠 등 배달앱 업체와 소상공인연합회ㆍ전국가맹점주협의회ㆍ한국외식산업중앙회ㆍ한국프랜차이즈산업협회ㆍ공정한플랫폼을위한사장협회 등이 참여했다. 이 자리에서 윤석준 우아한형제들 총괄사장은 “상생안의 목표는 우선적으로 플랫폼에 입점하는 소상공인 업주들의 부담을 완화하는 것”이라고 강조했고, 김명규 쿠팡이츠 대표 역시 “사회적 대화기구를 통해 입점업체의 의견을 청취하고 함께 성장할 수 있는 합의안을 마련하겠다”고 밝혔다. 그런데 어찌 된 일인지 자영업자들은 배달앱 업체가 제시한 상생안이 기존 수수료 정책보다 후퇴했다고 반발하고 있다. 이 때문에 4월 27일 예정됐던 2차 회의는 무산됐다. 배달앱 업체들이 제시한 상생안은 대체 어떻길래 자영업자들로부터 “선택할 수 없는 선택지”라는 비판을 받는 걸까. 하나씩 살펴보자. ■ 배달앱 업계의 상생안 = 현재 배달의민족과 쿠팡이츠는 입점 업체의 매출(배달앱 발생 매출 기준)에 따라 수수료를 차등적용하고 있다. 기준은 ▲매출 상위 35%는 중개수수료 7.8%(매출액 대비)ㆍ배달비 2400~3400원, ▲35~50%는 중개수수료 6.8%ㆍ배달비 2100~3100원, ▲50~80%는 중개수수료 6.8%ㆍ배달비 1900~2900원, ▲하위 20%는 중개수수료 2.0%ㆍ배달비 1900~2900원 등이다(표①). 그렇다면 배달앱 업체들이 새롭게 제시한 상생안은 어떨까. 먼저 ▲가장 낮은 중개수수료(2.0%)를 적용하는 구간을 하위 20%에서 하위 30%로 확대한다. 언뜻 영세 입점업체의 부담을 덜어주는 취지로 보이지만, 그렇지 않다. 나머지 매출 구간을 하나(상위 70%)로 통합하고, 배달 거리를 기준으로 수수료를 차등한다는 내용을 담았다. 기존엔 기본 배달 거리가 ‘가게 반경 4㎞’로 모두 동일했지만 이를 1㎞와 4㎞로 나누겠다는 건데, 골자는 ▲반경 4㎞ 배달은 중개수수료 7.8%ㆍ배달비 2400~3400원, ▲반경 1㎞ 배달은 중개수수료 5% 후반‧배달비 2000원대 후반이다(표②). 배달앱 업체 측은 “기존엔 매출 기준에 따라 중개수수료 6.8~7.8%를 적용받던 입점업체들이 자율적으로 배달 거리를 선택해 더 낮은 중개수수료 5%대 요금제를 이용할 수 있다”면서 입점업체의 선택권을 확대한 것이라고 설명했다. 자영업자들의 의견은 다르다. 김준형 공정한플랫폼을위한사장협회(이하 공플협) 의장은 “배달 거리가 가게 반경 4㎞에서 1㎞로 줄면 배달 면적이 16분의 1로 감소하는 것”이라면서 말을 이었다. “배달 면적이 줄어들면 주문이 급감할 수밖에 없다. 결국 기존엔 6.8% 중개수수료를 적용받던 입점업체도 4㎞ 배달을 위해 더 비싼 요금제(중개수수료 7.8%)를 선택하는 결과로 이어질 게 뻔하다. 여기에 더해 배달비(1900~3100원→3400원)까지 덩달아 증가하는데 입점업체가 상생안을 받아들일 수 있겠나.” 예를 들어보자. 기존에 매출 35~50%(중개수수료 6.8%)에 속하는 점주가 내야 하는 중개수수료와 배달비는 4460원(1360원+3100원)이었지만, 상생안에 따라 4㎞ 요금제(중개수수료 7.8%)를 이용할 경우 4960원(중개수수료 1560원+배달비 3400원)으로 부담이 11.2%나 증가한다. 물론 배달 거리가 넓을수록 가맹점 간 경쟁이 심화하는 대형 프랜차이즈 업계에선 상생안이 나름의 효과를 낼 수 있다. 배달앱상에선 지켜지지 않던 가맹점의 영업권을 보호할 수 있다는 거다. 하지만 대다수 자영업자 입장에선 배달 거리가 줄면 주문도 감소할 수밖에 없다. ■ 자영업자 요구안 = 이 때문에 자영업자 단체들은 실질적으로 중개수수료를 낮출 수 있는 대안을 요구하고 있다. 자영업자...",ok,articles.csv
배달앱 수수료 / 플랫폼 상생,인도네시아 배달 플랫폼 시장 현황 및 성장 전략 분석,플랫폼;소비자;경영환경;시장경제;배달앱,http://dream.kotra.or.kr/kotranews/cms/news/actionKotraBoardDetail.do?SITE_NO=3&MENU_ID=180&CONTENTS_NO=1&bbsGbn=243&bbsSn=243&pNttSn=241576,인도네시아 온라인 음식 배달서비스 시장 트렌드,dream.kotra.or.kr,플랫폼_입장,중립적,KOTRA 자카르타 무역관,인도네시아 배달 플랫폼 시장의 성장세와 주요 기업들의 전략을 객관적인 데이터 중심으로 분석한 시장 보고서입니다.,"- 인도네시아 온라인 음식 배달서비스 시장 트렌드 - 트렌드 - 인도네시아 - 자카르타무역관 정현아 - 2026-06-04 - 출처 : KOTRA - GoFood·GrabFood·ShopeeFood 3강 구도 속 수익성 경쟁으로 전환 음식 배달 넘어 퀵커머스·디지털 금융 결합한 슈퍼앱 생태계로 진화 인도네시아 온라인 음식 배달서비스 시장 개요 인도네시아 온라인 음식 배달서비스 시장은 동남아시아 최대 규모로 성장하며 디지털 경제의 핵심 축으로 자리잡았다. 스마트폰 보급 확대와 도시화, 비대면 소비 트렌드 확산에 따라 음식 배달 수요가 빠르게 늘고 있다. 2025년 기준 시장은 Grab(GrabFood)·Gojek(GoFood)·ShopeeFood 3개 플랫폼 중심으로 경쟁 구도가 형성되어 있다. Grab과 Gojek은 인도네시아 배달 및 모빌리티 시장을 양분하는 주요 사업자이며, ShopeeFood는 Shopee 전자상거래 플랫폼과 연계한 할인·무료배송 전략으로 점유율을 빠르게 끌어올리고 있다. 글로벌 시장조사 플랫폼 Statista에 따르면 인도네시아 온라인 음식 배달서비스 시장 규모는 2022년 39억 달러에서 2025년 64억 달러로 꾸준한 성장세를 이어가고 있다. <인도네시아 온라인 음식 배달서비스 시장 규모 추이(2022~2025)> [자료: Statista] 인도네시아 경제·비즈니스 데이터 전문 미디어 Katadata가 인용한 Momentum Works 분석에 따르면 플랫폼별로는 GrabFood가 2021년 약 22억5000만 달러에서 2024년 약 25억4000만 달러로 안정적인 성장세를 보였다. GoFood는 같은 기간 약 19억8000만 달러 수준을 유지하다 2024년 약 18억9000만 달러로 소폭 감소했다. ShopeeFood는 2021년 3억7000만 달러에서 2024년 9억7000만 달러로 약 164% 성장하며 가장 빠른 증가세를 기록했다. 동남아시아 전체로 보면 성장세는 더욱 뚜렷하다. Momentum Works의 '동남아시아 음식 배달 플랫폼 2025' 보고서에 따르면 2024년 동남아시아 전체 음식 배달 GMV는 전년 대비 13% 증가한 193억 달러를 기록했다. 이 가운데 인도네시아는 베트남(26%)과 함께 가장 빠르게 성장한 시장으로 18% 성장률을 기록했다. Grab은 53.9%의 점유율로 지역 내 선두를 유지했으며, ShopeeFood는 Gojek을 제치고 동남아시아 3위 플랫폼으로 올라섰다. <인도네시아 음식 배달서비스 플랫폼별 거래액 추이(2021~2024)> [자료: Katadata(Momentum Works)] 인도네시아 배달서비스 소비자 이용 트렌드 소비자 측면에서는 젊은 세대를 중심으로 배달서비스 이용이 일상화되고 있다. 특히 Z세대 소비자들은 가격 할인·프로모션·편의성을 주요 선택 기준으로 삼는 경향이 뚜렷하다. 글로벌 소비자 조사 기관 TGM Research에 따르면 2024년 인도네시아에서 가장 많이 이용되는 음식 배달 앱은 GrabFood로 약 35%의 이용률을 기록했다. GoFood가 약 32%로 뒤를 이었으며, ShopeeFood는 약 11% 수준으로 나타났다. 세대별 선호도에서는 차이가 있다. 전체 이용률 기준으로 GrabFood가 1위지만, Z세대를 중심으로는 공격적인 할인 프로모션과 Shopee 이커머스 연계 혜택을 앞세운 ShopeeFood에 대한 선호가 상대적으로 높게 나타나는 경향이 있다. 식품 브랜드 입장에서는 목표 소비자층에 따라 플랫폼 선택 전략을 달리 가져갈 필요가 있다. 한편 GrabFood·GoFood에 등록되지 않은 업체라도 Gosend·Grab Express 등 배달 기사 연결 서비스를 통해 픽업 주문이 가능한 만큼, 인도네시아 시장에 진출하는 식품 브랜드는 배달서비스 대응 전략을 사전에 갖출 필요가 있다. <2024년 인도네시아 주요 음식 배달 앱 이용률 현황> [자료: TGM Research] 인도네시아 주요 배달서비스 비교 및 플랫폼별 전략 Grab은 동남아시아 전역에서 구축한 통합 플랫폼 생태계를 바탕으로 음식 배달 외에도 금융·광고·모빌리티 서비스를 연계하는 전략을 강화하고 있다. Grab은 VIP 구독 서비스를 통해 모빌리티·장보기·음식 배달 등 전 분야에서 통합 할인 혜택을 제공하며, AI 및 데이터 기반 운영 효율화를 통해 수익성 개선에 집중하고 있다. Gojek은 인도네시아 로컬 플랫폼이라는 강점을 살려 현지 소비자 맞춤형 서비스와 중소 음식점 네트워크 확대에 집중하고 있다. GoFood는 현지 음식점 생태계와의 연계성이 높아 로컬 시장 내 충성 고객층을 탄탄히 확보하고 있다. ShopeeFood는 Shopee 전자상거래 플랫폼과 연계한 공격적인 할인·무료배송 정책으로 시장 점유율을 빠르게 넓혀가고 있으며, 특히 가격 민감도가 높은 Z세대를 중심으로 빠르게 성장하고 있다. <인도네시아 주요 배달서비스 플랫폼 비교> [자료: 각 플랫폼, KOTRA 자카르타 무역관 종합] 한국 배달서비스와 인도네시아 배달서비스 플랫폼 비교한국과 인도네시아 배달서비스 플랫폼 시장은 빠른 성장이라는 공통점을 가지고 있지만 구조적으로 차이가 있다. 가장 큰 차이는 플랫폼의 성격이다. 한국의 배달의민족·쿠팡이츠·요기요는 음식 배달에 특화된 전문 플랫폼인 반면, 인도네시아의...",ok,articles.csv
배달앱 수수료 / 플랫폼 상생,배달앱 상생협의체 및 사회적 대화기구의 합의 난항,배달앱수수료;상생협의체;사회적대화;이해관계자갈등;배달앱,http://www.inews24.com/view/1966932,"배달앱 상생안, 사회적 대화기구로 가능할까 [어떻게 생각하십니까]",inews24.com,사회적대화_필요,중립적,배달 플랫폼 및 입점업체 단체,배달앱 수수료 문제를 해결하기 위한 사회적 대화기구의 운영 현황과 이해관계자 간의 갈등을 객관적으로 조명하며 대화의 필요성을 강조하고 있습니다.,"[아이뉴스24 전다윗 기자] 마라톤 회의. 2024년 '배달 플랫폼-입점업체 상생협의체'의 논의 과정은 이렇게 요약됩니다. 상생협의체는 2024년 7월 정부 주도로 출범한 자율 협의체입니다. 10% 수준까지 올라간 배달 수수료로 갈등을 겪고 있는 배달앱과 입점업체 간 합의가 필요하다는 공감대 아래 주요 배달앱 4사(배달의민족·쿠팡이츠·요기요·땡겨요)와 입점 업체 대표 단체(소상공인연합회·한국외식산업협회·전국가맹점주협의회·전국상인협의회), 업계 전문가와 정부 관계자로 구성된 공익위원·특별위원 등이 참여했습니다. 이들은 같은 해 11월까지 무려 12차례 회의를 진행한 끝에 최종 상생안을 내놨습니다. 상생안은 배달 매출을 기준으로 수수료를 차등 적용하는 것을 골자로 합니다. 거래액 기준 상위 35% 입점업체에는 중개수수료 7.8%·배달비 2400~3400원을, 상위 35~80%에 대해서는 중개수수료 6.8%·배달비 2100~3100원을, 나머지 80~100%에 대해서는 중개수수료 2.0%·배달비 1900~2900원을 각각 부과합니다. 하지만 상생안은 시행 초기부터 삐걱거리기 시작합니다. 마라톤 회의가 곧 완벽한 합의를 도출해 낸 건 아니었거든요. 결국 공익위원들이 제시한 중재안이 채택됐고, 입점업주 단체 중 한국외식산업협회와 전국가맹점주협의회는 마지막 회의 도중 중도 퇴장하며 격하게 반발했습니다. '반쪽짜리 상생안'이란 꼬리표가 붙은 이유도 여기 있습니다. 더불어민주당 을지로위원회 주도로 출범한 '배달앱 사회적 대화기구'는 이 반쪽짜리 꼬리표를 떼기 위한 후속조치 성격을 띱니다. 지난해 2월 출범 후 같은 해 10월 마지막 회의를 끝으로 개점 휴업 상태를 이어가다, 지난달 10일 출범식과 함께 재개됐습니다. 구성은 상생협의체와 약간 달라졌습니다. 배달앱에서는 요기요가 빠졌고, 공정한플랫폼을위한사장협회(공플협)와 한국프랜차이즈산업협회 등 참여하는 입점 업주 단체는 늘었습니다. 문제는 오랜만에 재개된 사회적 대화기구의 흐름 역시 앞선 상생협의체처럼 흐르고 있다는 점입니다. 당초 지난달 27일로 예정된 2차 회의 일정은 현재 기약 없이 미뤄진 상태입니다. 참여한 이해주체들 사이 이견이 커 유의미한 논의가 어려워진 탓입니다. 수익성 악화를 이유로 수수료 전면 인하는 어렵다는 배달앱과, 실효성 있는 대책으로 부담을 덜어달라는 입점업체의 의견이 부딪치는 양상입니다. 더 큰 갈등은 의외로 입점 업체 단체 사이에서 생겼습니다. 전가협·공플협 총 수수료를 인하해야 한다는 상대적 강경파와, 일단 신속한 협의부터 하자는 다른 참여 단체들의 입장이 엇갈리며 통일된 의견 수립 자체가 불가능한 상황입니다. 영세 소상공인을 대변하는 단체 등은 한시바삐 대책이 마련됐으면 하지만, 매출 규모가 크고 배달 비중이 높은 단체들은 실효성이 떨어지는 방안을 쉽사리 받아들이기 어렵죠. 결국 배달앱과 협의에 제시할 최종 요구안조차 없는 셈입니다. 1차 회의에서 단체 사이 갈등이 극한까지 치닫았다는 후문도 전해집니다. 일부 단체는 따로 모여 플랫폼이 마련한 상생안에 대해 큰 틀에서 동의하고 사회적 대화를 이어가야 한다는 내용을 골자로 한 공동 상생안을 채택하기도 했습니다. 협의는커녕 오히려 간극이 더 커지는 모양새입니다. 업계 일각에서는 현행 사회적 대화기구 시스템 자체에 대한 회의적 의견도 나옵니다. 이미 한 번 실패한 모델인 상생협의체의 기본 틀을 그대로 가져왔으니, 똑같은 결과가 나올 수밖에 없다는 겁니다. 다면 특성을 가진 배달 시장 구조상 이해관계가 복잡해 합의 도출이 쉽지 않은데, 되레 참여주체를 늘려 갈등이 더 격해졌다는 거죠. 이제는 다른 접근 방식을 고려해 봐야 할 때란 지적이 나오는 이유입니다. 가르마를 타 줘야 할 정부와 정치권이 제 역할을 해야 한다는 목소리도 적지 않습니다. 입점 업체 단체 간 이해관계가 극명하게 갈리는 건 이미 상생협의체에서 확인한 내용입니다. 그럼에도 똑같은 문제가 발생한 건 최소한의 입장 조율이나, 중재안을 고려하지 않고 사회적 대화기구를 재개했다는 방증이죠. 1차 회의 때 곧 상생안을 발표할 것 같은 분위기를 조성하다, 돌연 2차 회의를 취소하는 등 오히려 정치권이 더 우왕좌왕하는 것 같다는 푸념이 업계에서 적잖게 들립니다. 장기화한 불황으로 인한 내수 경기 침체에 원재료비, 인건비, 임대료 등 각종 비용이 치솟으며 외식 자영업자 사이 ""죽지 못해 산다""는 푸념이 끊이지 않습니다. 상생안 마련을 차일피일 미룰 기초체력 자체가 떨어진 상태입니다. 배달앱과 자영업자, 관련 단체들까지 분명 받아들이기 어려운 부분이 많겠지만 일단 협상 자리에 앉아야 하지 않을까요. 싸워도 한 자리에 모여 싸워야 할 때인 것 같습니다. /전다윗 기자(david@inews24.com)",ok,articles.csv
민생지원금 / 소비쿠폰 / 추경,플랫폼 규제 논의 현황과 민생회복소비쿠폰의 내수 진작 효과 평가,온플법;민생회복소비쿠폰;플랫폼규제;내수활성화;소비양극화,https://www.kukinews.com/article/view/kuk202606010119,"플랫폼 규제는 조율, 소비는 반등…유통업계 변화는 [이재명 정부 1년]",kukinews.com,민생경제_회복,중립적,정부 및 유통업계 전문가,이재명 정부 1년을 맞아 플랫폼 규제 정책의 난항과 소비쿠폰을 통한 내수 진작 성과를 객관적인 시각에서 균형 있게 다루고 있습니다.,"3일 국회의안정보시스템에 따르면 이재명 정부 출범 1년을 맞이한 가운데 핵심 플랫폼 규제 공약으로 꼽혔던 온플법은 여전히 국회 문턱을 넘지 못한 상태다. 현 정부 들어 플랫폼 시장의 불공정 거래를 막고 입점업체를 보호하겠다는 취지에는 공감대가 형성됐다. 지난해 티메프 사태 이후로 입점업체의 피해가 확산되고 플랫폼의 덩치가 커지면서 자영업자‧소비자 보호에 대한 사회적 인식이 커지면서다. 지난해 말 쿠팡의 개인정보 유출사태 이후로 거대 플랫폼에 대한 규제 필요성에 대한 목소리는 더욱 커졌다. 이재명 정부는 출범 초기부터 플랫폼 시장의 불공정 거래 개선과 입점업체 보호를 주요 정책 과제로 내세웠다. 이에 따라 대형 플랫폼 사업자에 대한 정산대금 지연, 끼워팔기, 최혜대우 요구 등을 제한하는 온플법 추진이 본격화됐다. 그러나 법안 논의가 진행될수록 미국 정부와 의회, 싱크탱크 등을 중심으로 “미국 빅테크를 겨냥한 디지털 비관세 장벽”이라는 문제 제기가 이어지면서 통상 이슈가 새로운 변수로 떠올랐다. 미국은 온플법이 한미 통상 갈등으로 확산될 수 있다고 경고했다. 국내에서도 반도체·자동차·인공지능(AI) 협력 등 다른 산업 분야까지 영향을 줄 수 있다는 우려가 나왔다. 이에 정부 역시 미국 측 반발을 고려해 온플법을 독점규제법과 거래공정화법으로 나눠 추진하는 방안을 검토하는 등 속도 조절에 나선 상황이다. 시장지배력 남용 행위는 공정거래법(독점규제법) 개정을 통해 다루고, 입점업체 보호와 계약 투명성 강화 등 거래질서 관련 내용은 별도 거래공정화법 형태로 추진하는 방식이다. 업계에서는 온플법의 입법 불확실성이 길어지면서 시장 혼란이 커지고 있다는 지적이 나온다. 플랫폼 기업 입장에서도 향후 규제 방향을 예측하기 어려운 상황에서 사업 전략 수립에 부담을 느끼고 있다는 설명이다. 일각에서는 기존 공정거래법 체계로도 규율 가능한 사안을 별도 입법으로 중복 규제하려 한다는 비판도 제기됐다. 시장은 규제 논의와 별개로 플랫폼 중심 재편이 더욱 가속화됐다. 쿠팡과 네이버 등 대형 플랫폼의 영향력이 확대되고 중국계 이커머스까지 국내 시장 공략을 강화하면서 규제 논의보다 시장 변화 속도가 더 빠르다는 분석이다. 이 가운데 오프라인 유통업계는 온라인 전환 흐름 속에서 실적 악화와 구조조정 압박에 직면했다. 실제 홈플러스는 회생절차와 매각 작업을 진행 중이며 업계 전반의 경쟁력 약화 우려도 커지고 있다. 이종우 남서울대학교 유통마케팅학과 교수는 “유럽 역시 플랫폼 규제 과정에서 시행착오를 겪고 있다. 플랫폼 규제는 쉽지 않은 과제”라며 “온플법 등 플랫폼 규제 방안을 정부가 지속적으로 논의하고 있다는 점 자체에 의미가 있다”고 말했다. 이어 “그동안 플랫폼의 시장 영향력 확대와 판매자 보호 문제 등이 꾸준히 제기돼 왔는데, 이를 공론화하고 의견을 수렴하는 과정이 진행되고 있다”며 “플랫폼 기업 상당수가 글로벌 기업인 데다 카테고리도 다분화 되어 있으며, 산업 경쟁력 저해 우려도 있어 규제 접근이 쉽지 않은 상황”이라고 설명했다. 또 “현 정부는 당장의 규제 도입 자체보다 다양한 이해관계자들과 논의를 이어가며 방향을 모색하는 단계”라고 평가했다. 소비쿠폰 효과에 백화점 반등까지…살아난 내수, 짙어진 양극화 정부가 지난해 경기 부양과 내수 진작을 위해 시행한 민생회복소비쿠폰은 편의점과 동네 상권 등 생활밀착형 유통채널의 매출 증가에 영향을 미쳤다. 사용처가 지역 상권과 소상공인 중심으로 제한되면서 침체됐던 지역 중심 소비 심리 회복에도 일정 부분 기여했다는 분석이다. 실제 편의점 업계는 소비쿠폰 지급 이후 객수와 생필품‧식품 중심 매출이 증가하는 효과를 체감했다. 업계에서는 소비쿠폰이 단순한 일회성 지원을 넘어 소비 심리 개선의 마중물 역할을 했다고 보고 있다. 소비 회복 흐름은 지난해 말부터 백화점 업계에서도 나타나기 시작했다. 고금리와 경기 둔화 영향으로 주춤했던 백화점 매출은 프리미엄 카테고리와 패션 등을 중심으로 반등세를 보이고 있다. 산업통상부의 주요 유통 업체 매출 동향에 따르면 지난 4월 백화점 매출은 21.7% 증가하며 주요 업태 가운데 가장 높은 성장세를 기록했다. 지난해부터 이어진 외국인 관광객 증가와 체험형 소비 공간 강화 전략까지 맞물리면서 백화점 매출이 크게 늘고 있다. 다만 소비 회복이 모든 카테고리에서 동일하게 나타나고 있는 것은 아니다. 업계에서는 최근 초저가 상품과 프리미엄 상품의 판매가 동시에 증가하는 ‘소비 양극화’ 현상이 더욱 뚜렷해지고 있다고 분석한다. 대표적으로 다이소가 연매출 4조원을 돌파하며 주요 채널로 자리잡았고, 대형마트‧편의점의 PB(자체브랜드) 상품군도 가성비를 중시하는 소비자들의 선택을 받으며 성장했다. 전문가들은 향후에도 소비 양극화 현상이 지속될 가능성이 높다고 보고 있다. 고물가 부담이 여전한 상황에서 소비자들이 꼭 필요한 품목에서는 가격을 중시하는 반면 자신이 중요하게 생각하는 분야에는 과감하게 지출하는 소비 성향을 보이고 있기 때문이다. 이 교수는 “소비시장에서는 정부가 물가 안정과 소비심리 회복에 일정 부분 성과를 거뒀다는 점에 의미가 있다”며 “지난해 지원금 정책 등을 계기로 소비자심리지수가 개선되는 모습을 보이고 있다""고 말했다. 이어 ""코로나19 이후 이어진 저성장 국면에서 위축된 소비를 회복시키고 내수를 활성화하기 위한 정책적...",ok,articles.csv
민생지원금 / 소비쿠폰 / 추경,정부의 재정건전성 평가에 대한 IMF 자료 인용 방식 비판,재정건전성;정책;민생경제;포퓰리즘;민생지원금,http://www.ifs.or.kr/bbs/board.php?bo_table=News&wr_id=55793,입맛대로 골라 쓴 IMF 자료 - 경제부총리의 발언과 한국 재정의 실상- > News Insight | (사)국가미래연구원,ifs.or.kr,재정건전성_우려,부정적,국가미래연구원,정부의 재정 확장 정책을 정당화하기 위해 경제부총리가 IMF 보고서의 내용을 선별적으로 인용했다고 비판하며 재정건전성 악화를 경고하고 있습니다.,"입맛대로 골라 쓴 IMF 자료 - 경제부총리의 발언과 한국 재정의 실상- 본문듣기 작성시간 관련링크 본문 2. 구윤철 부총리의 발언 — 무엇을 말했는가 구윤철 경제부총리는 2026년 5월 15일 자신의 SNS에 다음과 같이 밝혔다.(파이낸셜뉴스, 2026.05.15.) ""IMF는 처음부터 대한민국의 정부부채가 지속가능하다고 일관되게 평가해 왔다. 연례협의 보고서(2025년 11월), 재정모니터(2026년 4월), IMF 총재와의 면담(2026년 4월 17일)에서도 같은 입장을 표명해 왔다. 정부부채와 재정정책 기조에 관한 근거 없는 위기론은 이제 끝내야 한다."" 구 부총리는 IMF의 세 가지 문서를 직접 이름을 거론하며 인용했다. 그렇다면 그가 직접 언급한 세 문서에 실제로 어떤 내용이 담겨 있는지, 그리고 그가 그 내용을 균형있게 국민에게 전달했는지, 그리고 IMF의 여러 보고서들을 바탕으로 한국 재정의 현실이 “근거없는 위기론”과 부합하는지 살펴보려 한다. 3. 구 부총리가 인용한 문서들의 실제 내용 [문서 1] 연례협의 보고서(2025년 11월) 출처: IMF Country Report No. 2025/308, 2025.11.24. [문서 2] 재정모니터(2026년 4월) 출처: IMF Fiscal Monitor, 2026년 4월호 (2026.04.15.) D2/GDP 비율의 궤적 — IMF Fiscal Monitor 2026년 4월호 (전망 기간: 2026~2031년) * 아래 수치 전체가 구 부총리 발언에서 인용되지 않은 내용임 참고: 동기간 스페인과 일본은 각각 10~14%포인트 하락 전망 [문서 3] IMF 이사회 공식 권고(2025년 11월 21일) 출처: IMF Executive Board Concludes 2025 Article IV Consultation, 2025.11.21. 이상의 세 문서 모두에 걸쳐 IMF는 일관된 메시지를 담고 있다. 단기적으로는 지속 가능하다고 평가하면서도, 장기적으로는 부채 상승 궤적을 경고하고 구조 개혁을 공식 권고했다. 구 부총리의 SNS 발언은 이 중 단기 긍정 평가만을 전달했다. 그렇다면 그가 세 가지 문서의 세부 내용을 잘 모르고 있었는가? 첫째,그는 IMF 연례협의회(Article 4 Consultation) 직접 당사자이다. IMF 이사회는 최종 권고 사항을 재경부에 공식 전달한다. 둘째,구 부총리는 IMF총재와 직접 면담했다. 면담 당사자가 IMF의 공식 권고 내용을 몰랐다는 것은 상식 밖의 일이다. 셋째,구 부총리는 IMF에서 “재정건전성을 유지하면서도 취약부문을 지원해야 한다는 IMF의 권고에 공감하며”라고 명시적으로 밝혔다. 넷째,구 부총리 자신이 SNS에서 세 가지 문서 이름을 직접 열거했다. 해당 문서를 숙지하지 않고 열거하는 것은 있을 수 없다. 그런데도 그는 IMF 문서들의 장기 경고와 3대 공식 권고를 언급하지 않은 채, ""지속 가능하다""는 단기 평가만을 국민에게 전달하며 ""근거 없는 위기론은 이제 끝내야 한다""고 선언한 것이다.이는 재정당국의 수장으로서 의도적으로 정보를 선별적으로 수용(Cherry Picking)했음을 의미한다. 이제 한국 재정건전성의 현주소를 살펴보면서 구 부총리의 SNS에서 주장한 “근거없는 위기론”의 실체를 검토해보겠다. 4. 한국 재정 확장의 주목적은 구조 개혁인가? — 예산 분석과 국제 비교 [이재명 정부 재정 확장의 실제 구성] 정부는 재정 확장의 목적이 구조 개혁 뒷받침이라고 설명하지만, 실제 편성된 두 추경의 항목별 구성을 살펴보면 지출의 주력은 민생지원과 단기 소비진작에 집중되어 있다. 2025년 2차 추경 (31조 7,914억 원, 2025년 7월 4일 국회 통과) 출처: 기획재정부 공식 발표(2025.06.19.), 국회 행안위 확정 / 오차 범위: ±2%p 2026년 1차 추경 (26조 2,000억 원, 2026년 3월 31일 국무회의 의결) 출처: 기획재정부 공식 발표(2026.03.31.) / 오차 범위: ±2%p [IMF의 2026년 본예산 평가 — ""broadly aligned""라는 평가에 부가된 조건에 주목해야.] IMF 연례협의 스태프 리포트(Country Report No. 2025/308)는 ""2026년 본예산에 명시된 지출 우선순위(spending priorities)는 스태프 전망 및 권고와 대체로 부합(broadly aligned)한다""고 밝혔다. 또한 미션 단장 아난드는 ""당국의 단기(near-term) 재정 기조와 2026년 본예산의 지출 우선순위는 적절하다""고 평가했다. 구 부총리는 이 평가를 염두에 둔 듯 듯하다. 그러나 이 평가에 포한된 세 가지 중요한 조건이 있다. IMF는 해당 평가 직후 ""3% 성장 목표를 달성하려면 생산성 제고, 고령화 대응, 자본 배분 개선을 위한 구조 개혁이 별도로 진전되어야 한다""는 단서를 달았다. 현재의 재정 확장 자체가 구조개혁이라는 뜻이 아니라, 구조 개혁은 별도의 과제라는 점을 명시한 것이다. 5. IMF 평가와 전망이 반영하지 못한 변수들 구 부총리가 근거로 제시하는 IMF의 평가와 전망에도 구조적 한계가 있다. IMF 평가와 전망은 2028~9년에 예상되는 두가지 변수를 포함하지 않고 있다. 아래에 정리된 반도체 특수 호황의 종료와 총선, 대선이라는 정치 이벤트가 재정에 미칠 영향을...",ok,articles.csv
민생지원금 / 소비쿠폰 / 추경,과거 소비쿠폰과 현재 고유가 지원금의 선정 기준 형평성 논란,민생지원금;선별지원;형평성논란;건강보험료기준;소비쿠폰,https://www.wikitree.co.kr/articles/1137111,"“나는 왜 안 줘?” 고유가 지원금 2차 신청 시작, 과거 소비 쿠폰과 비교된다",wikitree.co.kr,선별지원_필요,중립적,정부 및 지원금 수혜 대상자,과거 소비쿠폰의 지급 기준과 현재 지원금 정책의 차이를 비교하며 지원 대상 선정의 형평성 문제를 객관적으로 다루고 있습니다.,"“나는 왜 안 줘?” 고유가 지원금 2차 신청 시작, 과거 소비 쿠폰과 비교된다 작성일 소비쿠폰은 받았는데, 지원금은 제외된 이유 정부가 지급했던 ‘민생회복 소비쿠폰’의 선정 기준과 지급 방식이 다시 주목받고 있다. 18일 고유가 지원금 2차 신청이 시작되면서 돈을 받은 사람과 받지 못한 사람이 나뉘고 있다. 이에 각종 지원 정책 대상 기준이 달라지면서 “소비쿠폰 때는 받았는데 이번에는 제외됐다”는 반응이 잇따르자, 당시 소비쿠폰이 어떤 방식으로 지급됐는지에 대한 관심도 커지고 있다. 과거 지급됐던 민생회복 소비쿠폰은 고물가·고금리·고환율 등 이른바 ‘3고(高) 위기’로 위축된 소비를 살리고 서민 생활 안정을 지원하기 위해 추진된 정책이다. 정부는 당시 소비 진작과 내수 회복을 목표로 전국민을 대상으로 단계별 지급 방식을 도입했다. 민생회복 소비쿠폰은 1차와 2차로 나눠 지급됐다. 1차 지급은 사실상 전국민을 대상으로 이뤄졌고, 2차 지급은 소득 하위 90%를 기준으로 지원 대상이 정해졌다. 정부는 건강보험료를 기준으로 대상자를 선정했다. 당시 기준은 현재 논란이 되는 다른 지원 정책들보다 상대적으로 완화돼 있었다는 평가가 나온다. 외벌이 가구 기준 직장가입자 1인 가구는 건강보험료 본인부담금이 월 22만원 이하일 경우 지급 대상에 포함됐다. 2인 가구는 33만원 이하가 기준이었다. 지역가입자의 경우에는 1인 가구 월 22만원 이하, 2인 가구 월 31만원 이하 수준이 적용됐다. 건강보험료는 소득뿐 아니라 재산·자동차 보유 현황 등도 일부 반영되지만, 일반적으로는 소득 수준을 판단하는 대표적인 행정 기준으로 활용된다. 당시 기준을 단순 환산하면 직장가입자 1인 가구 기준으로 세전 연봉 약 7300만원 수준까지도 소비쿠폰 지급 대상에 포함될 수 있었던 것으로 분석된다. 이에 따라 실제 현장에서는 상당수 중산층 직장인들도 소비쿠폰을 수령했던 것으로 알려졌다. 정부는 소비쿠폰 지급 당시에도 단순 소득 기준 외에 고액 자산가 제외 조건을 함께 적용했다. 구체적으로는 ‘가구원 합산 재산세 과세표준 합계액이 12억원을 초과하거나 금융소득 합계액이 2000만원을 초과하는 경우’ 지급 대상에서 제외하는 방식이었다. 재산세 과세표준 12억원은 1주택자 기준 공시가격 약 26억~27억원 수준에 해당하는 것으로 알려졌다. 시세 기준으로는 지역에 따라 30억~40억원대 고가 주택 수준으로 평가된다. 금융소득 2000만원 기준 역시 상당한 자산 규모를 전제로 한다. 예금 금리를 연 2% 수준으로 가정하면 예금 약 10억원 규모에서 발생 가능한 이자 수익 수준이다. 배당수익률 2% 기준으로도 투자자산 약 10억원 규모가 있어야 가능한 수치다. 정부는 당시 소비쿠폰 정책에 대해 “코로나19 이후 위축된 소비 회복과 서민경제 활성화를 동시에 고려한 정책”이라고 설명했다. 실제 소비쿠폰은 전통시장과 동네 상권, 중소 자영업자 매장 중심으로 사용처가 제한되면서 지역 상권 매출 확대 효과를 노렸다는 분석도 나왔다. 특히 당시에는 “지원 범위를 최대한 넓혀 소비를 빠르게 회복시키는 것이 중요하다”는 판단 아래 전국민 또는 전국민에 가까운 범위로 지급 대상을 설정했다는 평가가 많았다. 이에 따라 일부에서는 “사실상 보편 복지에 가까운 정책이었다”는 해석도 나왔다. 반면 건강보험료 기준을 둘러싼 형평성 논란은 당시에도 존재했다. 소득은 높지 않지만 부동산이나 금융자산 규모가 큰 경우, 반대로 실제 생활은 빠듯하지만 건보료가 높게 책정된 직장인의 경우 등 현실을 완벽하게 반영하기 어렵다는 지적이었다. 다만 정부는 건강보험료 기준이 가장 현실적이고 신속한 행정 기준이라는 입장을 유지해왔다. 행정안전부는 “건강보험료는 전 국민이 가입돼 있고 별도의 시스템 구축 없이도 빠르게 지급 대상을 선별할 수 있다는 장점이 있다”고 설명한 바 있다. 또 맞벌이 가구와 1인 가구 특성을 반영해 별도 기준을 마련했고, 고액 자산가 제외 기준까지 함께 적용해 형평성을 보완하려 했다고 밝혔다. 정책 시행 이후 온라인 커뮤니티와 자영업자 커뮤니티 등에서는 “당시 소비쿠폰 덕분에 실제 생활비 부담을 줄였다”, “동네 상권 소비가 늘어 체감 효과가 있었다”는 반응도 적지 않았다. 반면 일부에서는 “건보료 기준만으로 중산층을 구분하기 어렵다”, “직장인만 상대적으로 불리하다”는 지적도 이어졌다. 민생회복 소비쿠폰은 단순 현금 지원을 넘어 소비 진작과 경기 부양, 민생 안정이라는 복합적 목적 아래 추진된 대표적인 지원 정책 사례로 평가받고 있다.",ok,articles.csv
민생지원금 / 소비쿠폰 / 추경,행정안전부의 정부 출범 1년 주요 정책 성과 발표,민생경제;소상공인;정책;지역경제;민생지원금,https://www.yna.co.kr/view/AKR20260605072500530?input=1195m,"행안부, 소비쿠폰·전남광주통합·중수청추진 등 1년 성과 꼽아 | 연합뉴스",yna.co.kr,정책_정당성,긍정적,행정안전부,정부 출범 1년을 맞아 소비쿠폰 등 주요 정책이 민생 회복과 지역 경제에 기여했다는 성과 중심의 내용을 다루고 있습니다.,"행정안전부는 이재명 정부 출범 1년을 맞아 지난 한 해 동안 거둔 핵심 정책 성과를 5일 발표했다. 행안부는 지난 겨울 대설로 인한 인명피해 제로, 전년 대비 폭염사망자 감소, 대규모 행사 시 인파사고 제로, 올해 봄철 대형산불 제로 등으로 '사람을 살리는 정부'의 면모를 이어왔다고 강조했다. 윤호중 행안부 장관은 ""지난 1년은 무너진 민생을 회복하고 지역에 활력을 불어넣으며, 국민의 생명과 안전을 지키기 위해 쉼 없이 달려온 시간이었다""며 ""행정안전부는 정부 출범 2년 차를 맞아 국민 삶에 플러스가 되는 더 큰 변화를 보다 속도감 있게 만들어 나가겠다""고 밝혔다. 인공지능이 자동으로 줄인 '세 줄 요약' 기술을 사용합니다. 전체 내용을 이해하기 위해서는 기사 본문과 함께 읽어야 합니다. (서울=연합뉴스) 양정우 기자 = 행정안전부는 이재명 정부 출범 1년을 맞아 지난 한 해 동안 거둔 핵심 정책 성과를 5일 발표했다. 행안부는 작년 13조5천억원 규모가 투입된 민생회복 소비쿠폰을 '민생경제 회복과 균형성장' 분야 주요 성과로 꼽혔다. 이를 통해 계엄 사태로 위축된 지역 경기가 회복됐다고 평가했다. 소비자심리지수는 계엄 당시인 2024년 12월 88.4에 그쳤으나, 소비쿠폰 지급을 거치면서 2025년 7월 110.8, 같은 해 11월에는 8년 만의 최고치인 112.4로 뛰어올랐다. 소비쿠폰 지급에 따라 소상공인 매출도 늘어 전체 소비쿠폰 지급액의 43.3%가 소상공인 순매출 증대로 연결된 것으로 분석됐다. 올해는 6조1천억원 규모의 고유가 피해지원금을 지급해 중동 전쟁 여파로 인한 경기 위축에 선제 대응하고 있다고 행안부는 설명했다. 지방정부가 발행하는 지역사랑상품권은 올해부터 국비 지원이 의무화됐다. 지난 정부에서 0원까지 삭감됐던 국비 지원 규모가 2025년 1조원, 올해는 1조1천500억원까지 크게 확대돼 지역경제 버팀목 역할을 하게 될 것으로 예상됐다. 수도권 일극 체제 극복을 위해 내달 1일 역대 최초의 통합 광역 지방정부인 '전남광주통합특별시'가 출범한다. 또 서울에서 먼 지역일수록 더 두텁게 지원하기 위한 기준인 '지방우대지수'를 마련해 각종 정부 정책과 사업에 적용할 예정이다. 지역공동체 회복을 위한 '사회연대경제기본법' 도입, 주민자치회 실질 운영근거를 담은 개정 '지방자치법'이 시행될 경우 전국 읍·면·동 단위까지로 주민자치회가 본격 활성화될 것으로 행안부는 내다봤다. '국가 정상화와 일 잘하는 공직사회 구현' 분야에서는 경찰국 폐지와 검찰청 폐지 및 중대범죄수사청·공소청 설치를 위한 법률 개정 등이 성과로 제시됐다. 이를 통해 78년 만에 수사와 기소를 완전히 분리하는 검찰 개혁의 틀을 마련하는 등 국가 시스템 정상화를 추진했다고 행안부는 소개했다. 공직문화 혁신을 위한 '간부모시는 날' 관행 타파, 특별성과포상금 제도 신설 등은 일 잘하는 공직사회 구현 성과로 꼽혔다. 국민 생명과 안전 분야에서는 국민안전권을 법률로 명문화한 '생명안전기본법' 제정, 이태원 참사 등 대형 참사 유가족과 한자리에서 만난 '기억과 위로, 치유의 대회' 등이 지난 1년간 결실 중 하나로 평가됐다. 행안부는 지난 겨울 대설로 인한 인명피해 제로(0), 전년 대비 폭염사망자 감소(14.7%↓), 대규모 행사 시 인파사고 제로, 올해 봄철 대형산불 제로 등으로 '사람을 살리는 정부'의 면모를 이어왔다고 강조했다. 윤호중 행안부 장관은 ""지난 1년은 무너진 민생을 회복하고 지역에 활력을 불어넣으며, 국민의 생명과 안전을 지키기 위해 쉼 없이 달려온 시간이었다""며 ""행정안전부는 정부 출범 2년 차를 맞아 국민 삶에 플러스가 되는 더 큰 변화를 보다 속도감 있게 만들어 나가겠다""고 밝혔다. eddie@yna.co.kr 제보는 카카오톡 okjebo<저작권자(c) 연합뉴스,무단 전재-재배포, AI 학습 및 활용 금지>2026/06/05 15:00 송고2026년06월05일 15시00분 송고",ok,articles.csv
민생지원금 / 소비쿠폰 / 추경,하나은행과 먹깨비의 소상공인 수수료 지원 및 소비자 할인 프로모션,소상공인;상생;소비자;민생경제;민생지원금,https://www.catchnews.kr/news/articleView.html?idxno=124615,"“수수료 제로에 소비자 1만3천원 할인”… 하나은행·먹깨비, ‘착한 금융’ 맞손",catchnews.kr,상생_강조,긍정적,하나은행,금융기관과 공공 배달 플랫폼이 협력하여 소상공인의 수수료 부담을 줄이고 소비자 혜택을 제공하는 상생 모델을 긍정적으로 조명하고 있습니다.,"가맹점 사장님 금융지원 넘어 앱 이용자까지 상생 혜택… 8월31일까지 프로모션 정산계좌 등록 시 주문수수료 6개월 ‘0원’… 계좌개설시 최대 1만3000원 쿠폰 고물가와 배달 플랫폼의 고율 수수료 부담으로 자영업자들의 시름이 깊어지는 가운데, 하나은행이 공공 배달 플랫폼 '먹깨비'와 손잡고 소상공인의 고정비를 제로(0)화하는 동시에 소비자 혜택을 강화한다. 하나은행은 오는 8월 31일까지 공공배달앱 활성화를 목적으로 먹깨비와 함께 개인 손님 대상 할인 쿠폰을 제공하는 공동 이벤트를 실시한다. 이번 프로모션은 양사가 지난 2월 체결한 업무협약(MOU)과 3월 제휴계약에 따른 후속 조치다. 기존 가맹점 사장님 중심의 융자 지원을 넘어 실제 앱을 이용하는 소비자 단계까지 상생 혜택의 외연을 넓힌 것이다. 하나은행 관계자는 4일 “이번 프로모션은 소상공인의 배달 수수료 부담을 덜어주는 착한 플랫폼 먹깨비와의 파트너십을 개인 손님 영역까지 확장해 상생의 시너지를 끌어올렸다는 데 초점을 맞췄다”며 “앞으로도 지역사회 자영업자 및 소상공인들과 유기적으로 동반 성장할 수 있는 포용금융 가치와 ESG를 지속해서 강화하겠다”고 말했다. 이번 공동 프로모션은 모바일 금융 앱 ‘하나원큐’와 ‘먹깨비’ 플랫폼의 유기적 연동 API를 통해 두 가지 형태로 전개된다. 우선 오는 8월 31일까지 먹깨비 앱을 통해 하나은행 입출금 계좌를 신규 개설하는 손님 전원에게 현금처럼 쓸 수 있는 3000원 할인 쿠폰이 즉시 지급된다. 특히 하나은행과의 거래가 처음인 신규 고객에게는 5000원권 할인 쿠폰 2매가 추가로 제공되어, 고객은 단순 계좌 개설만으로도 최대 1만3000원의 할인 혜택을 누릴 수 있다. 아울러 하나원큐 앱 안에서 오는 25일부터 8월 31일까지 응모한 손님들을 대상으로 다채로운 모바일 쿠폰 리워드를 제공할 예정이다. 하나은행은 그동안 먹깨비 가맹점주를 포함한 골목상권 자영업자들을 위해 지역신용보증재단과 연계한 특별 금융 지원 및 여신을 제공했다. 최근에는 소상공인 특화 자금 공급 상품인 ‘하나더소호 가맹점대출’의 지원 대상을 확대해 먹깨비 입점 점주들을 위한 상생 자금줄 역할을 했다. 공공 플랫폼인 먹깨비는 가맹점주가 배달 정산계좌를 하나은행 계좌로 지정 등록할 경우, 향후 6개월 동안 발생하는 주문중개수수료를 ‘전액 면제(0%)’해 주는 인센티브를 제공하며 자영업자들의 고정비 절감에 앞장서고 있다.",ok,articles.csv
민생지원금 / 소비쿠폰 / 추경,NH농협카드의 고유가 피해지원금 신청 접수 성과 및 민생금융 지원 역할,민생지원금;소상공인;금융인프라;상생금융;소비쿠폰,https://www.polinews.co.kr/news/articleView.html?idxno=733225,"NH농협카드, 고유가 피해지원금 신청 315만건 돌파… 민생금융 지원 역할 강화",polinews.co.kr,소상공인_지원,긍정적,NH농협카드,정부의 민생 지원 사업을 원활하게 수행하는 NH농협카드의 성과와 상생금융 의지를 긍정적으로 조명하고 있습니다.,"NH농협카드가 정부의 민생 안정 정책인 '고유가 피해지원금' 신청 접수에서 315만건을 돌파하며 민생금융 지원의 핵심 창구 역할을 수행하고 있다. NH농협카드는 지난 28일 기준 고유가 피해지원금 신용·체크카드 신청 건수가 총 315만건을 넘어섰다고 5일 밝혔다. 세부적으로는 1차 신청 기간 동안 24만건이 접수됐으며, 이어 진행된 2차 신청에서는 291만건이 접수돼 지원금 신청이 크게 증가한 것으로 나타났다. 이와 함께 신용·체크카드 방식 외에도 전국 97개 지방자치단체에서 선불카드 발급이 진행되고 있어 다양한 방식으로 지원금 수령이 가능하다. 농협카드는 최근 정부 지원 사업에서 연이어 높은 실적을 기록하고 있다. '소상공인 부담경감 크레딧'과 '소상공인 경영안정 바우처' 사업에서는 2년 연속 점유율 1위를 기록했으며, 이번 '고유가 피해지원금'과 '민생회복 소비쿠폰' 사업에서도 주요 금융 창구로 자리매김하고 있다. 이번 고유가 피해지원금 사업은 오는 7월 3일까지 진행되며, 소득 하위 70% 국민을 대상으로 지원된다. NH농협카드 고객은 모바일 플랫폼인 'NH페이(NH pay)' 앱을 통해 비대면으로 신청할 수 있으며, 전국 농·축협 및 NH농협은행 영업점을 방문해 신청하는 것도 가능하다. 특히 농협카드는 전국 단위의 촘촘한 영업망과 금융 접근성을 바탕으로 고령층과 디지털 취약계층까지 폭넓게 지원하며 대규모 신청을 이끌어낸 것으로 평가받고 있다. NH농협카드 관계자는 ""정부의 민생 지원 사업마다 고객들이 편리하게 혜택을 받을 수 있도록 전국 금융 인프라를 적극 활용해 왔다""며 ""앞으로도 고물가·고금리 환경 속에서 어려움을 겪는 취약계층과 소상공인을 위한 상생금융 서비스를 지속 확대해 나가겠다""고 밝혔다. 한편 NH농협카드는 정부 정책금융 사업과 연계한 지원 프로그램 확대를 통해 금융 취약계층 지원과 지역경제 활성화에 기여한다는 방침이다. [폴리뉴스 김지혜 기자]",ok,articles.csv
의료개혁 / 의대 증원,의대 증원에 따른 임상실습 교육 현장의 질적 저하 우려,의대증원;임상실습;의학교육;감사원보고서;의료질저하,http://www.docdocdoc.co.kr/news/articleView.html?idxno=3039165,[칼럼] 감사원도 경고한 의대 실습의 '처참한 미래',docdocdoc.co.kr,의료계_반발,부정적,의료계 및 의대 교육 현장,감사원 보고서를 근거로 의대 증원이 임상실습 환경의 붕괴와 교육의 질 저하를 초래할 것이라는 의료계의 비판적 시각을 강조하고 있습니다.,"공정의료시민연구소 김현숙 책임연구원 의사를 길러내는 핵심과정은 임상실습의 수용 능력이다. 환자, 지도·평가 인력, 교육병원이라는 ‘현장 자원’이 따라오지 않으면, 수련교육에 균열이 생기고 결국 환자 안전과 의료의 질로 되돌아온다. 감사원은 지난 4월 27일 국회 교육위원회에서 제기된 의대 증원 사안에 대한 감사 결과 “전문”을 공개했다. 지난 2025년 11월 증원 추진 과정에 대한 선공개에 이은 후속 조치로, 이번 결과에는 의학교육의 질 저하 가능성에 대한 구체적인 내용이 포함됐다. 그간 의료계의 주관적 우려로 치부됐던 '임상실습 대란 가능성'이 감사원의 보고서를 통해 실체적 위기임이 증명된 것이다. 임상실습은 예비 의사가 필수적인 임상기술과 현장 경험을 습득하는 과정으로, 의료인력의 질적 수준을 결정짓는 의학교육의 핵심이다. 학생은 전문의의 감독하에 실제 진료 현장에서 환자와 대면하며, 이론으로 학습한 의학 지식을 진료 전 과정에 적용하는 법을 익힌다. 이 과정에서 환자의 증상을 관찰하고 진단 및 계획 수립에 참여함으로써, 의사로서 갖추어야 할 기본 역량을 체득하게 된다. 통상 의대 3·4학년에 걸쳐 진행되는 임상실습은 단계별 심화 과정을 거친다. 3학년에는 주요 임상 진료과를 3~4주 단위로 순환하며 기초 임상 역량을 다지고, 4학년에는 선택 실습을 통해 심화 경험을 쌓는다. 학생들은 내과, 외과, 산부인과 등 필수 전문과목을 포함해 최소 52주(주당 36시간 이상)의 과정을 이수해야 한다. 다양한 환자군과 이를 체계적으로 지도할 교수 인력이 뒷받침되지 않는다면, 임상실습은 교육이 아닌 단순 ‘방관’이나 ‘견학’으로 전락할 위험이 크다. 돈으로 환자를 살 수는 없다. 임상실습 여건의 구조적 한계 임상실습의 질은 학생이 현장에서 얼마나 다양한 환자를 마주하고, 어떤 환경에서 누구에게 지도를 받느냐에 달려 있다. 구체적으로는 다음과 같은 기본 여건이 전제돼야 한다. ▲임상 사례의 다양성: 교육 목적에 부합하는 질환별 환자군의 충분한 확보 ▲물적 인프라: 500병상 이상 규모의 임상실습 시설 운용 ▲지도 체계: 책임교수 및 전공의·전임의로 구성된 밀착 관리·감독 시스템 등이 그것이다. 정부가 예산을 투입해 시설을 보완한다 하더라도, ‘환자 수 확보’라는 본질적 문제는 대학의 통제 범위를 벗어나 있다. 이는 지역 인구 감소와 수도권 환자 쏠림 등 거시적인 의료 전달 체계의 문제와 직결돼 있기 때문이다. 교육 현장의 수용 능력을 무시한 급격한 증원이 임상실습의 질적 붕괴로 이어질 수밖에 없는 이유다. 교육부는 ‘무리 없는 증원’?, 현장에선 ‘수용 불가능한 교육 대란’ 충북의대와 강원의대의 정원은 기존 49명에서 2027년 88명, 2028년 이후 98명으로 100% 확대된다. 교육부는 2028년 100% 증원에 큰 무리가 없다고 공언한 바 있지만, 현장의 목소리는 비명에 가깝다(윤석열 정부의 의대정원 증원으로 2025년에는 충북의대는 49명에서 125명, 강원의대는 49명에서 91명으로 증원됐으며, 이후 2026년에는 49명을 각각 모집했다). 감사원 감사보고서에 따르면 “임상 실습여건 확보와 관련해, 충북의대 등 일부 대학은 임상 실습에 필요한 교육병원을 적기에 마련하지 못할 우려가 있었고, 임상의학 전임교원 등 임상 실습 학생을 지도·교육할 인력 확보에 어려움을 겪고 있어 관련 대책 마련이 필요”한 것으로 확인됐다. 또 실질적인 실습 기회 박탈도 가시화되고 있다. 현재 632병상 규모인 강원대병원의 경우, 증원 이후 임상실습에 들어갈 3·4학년 학생이 200명에 달하면 학생 1인당 환자 접촉 기회가 절반 수준으로 급감할 수 있다. 즉, 미래의 의사들이 환자곁이 아닌 복도에서 등 너머로 구경만 하게 될 처지에 놓이게 된 것이다. 강원의대는 “고육지책으로 지역보건지소 및 강원특별자치도 5개 의료원(강릉, 영월, 원주, 삼척, 속초)을 포함한 지역사회 1·2차 의료기관으로의 파견 교육을 확대할 계획이나, 파견 교육에 동반할 책임교수 등의 확보도 어려운 실정”임이 감사원 감사보고서를 통해 드러났다. 보건소, 의료원 실습으로 양질의 의사를 길러낼 수 있나? 보건소는 예방접종, 만성질환 관리, 기초 공공보건 업무를 수행하는 기관이지만 교육기관은 아니다. 학생들이 보건소 실습을 갈 때 교육을 지원할 인력이 없고, 교육 프로그램에 대한 계획을 보건소와 대학이 함께 해야 하지만 이에 대한 구체적인 내용이 없다. 익명을 요구한 지방의대생은 “지도 인력도 부족한 보건소에서 전문적인 임상 피드백을 제대로 받을 수 있을지 의문” 이라며 학내 분위기를 전했다. 의료원도 진료기관으로, 교육기관이 아니다. 의대 교수들은 학생들을 교육하기 위해 매년 일정 시간 이상 교수법 관련 교육을 이수한다. 이에 대해 지방의대 A교수는 “의료원 소속 의사에게 이러한 교육자 역할을 수행하고 필요한 교육을 이수하도록 강제할 수 있는가?” 라고 지적했다. 이어 의대 임상실습은 임상 환자 진료와 교수의 피드백을 통해 임상적 판단력을 축적하는 과정인데, 이러한 피드백과 교육을 의료원의 의사들에게 현실적으로 요구할 수 있을지 의문이라는 의견을 덧붙였다. 환자는 서울로, 학생은 빈 병원으로, 수련은 수도권으로 강원의대와 충북의대만의 문제가 아니다. 대다수 지방 의대가 실습에 필요한 ‘환자 다양성’을 안정적으로 확보하기...",ok,articles.csv
의료개혁 / 의대 증원,의대 증원 이후 교육 현장의 과밀화와 실습 환경 악화 문제,의대증원;의학교육부실화;학습권침해;실습환경부족;의료개혁,http://news.ebs.co.kr/ebsnews/allView/60720957/N,EBS뉴스 -,news.ebs.co.kr,환자_피해,부정적,대한의과대학·의학전문대학원 학생협회,의대 증원 이후 발생한 교육 현장의 물리적 한계와 실습 환경의 질적 저하를 학생 측 입장에서 비판적으로 다루고 있습니다.,"[EBS 뉴스] 2년 전 갑작스러운 대규모 의대 정원 이후 강의실을 떠났던 학생들이 학교로 돌아온 지 이제 1년 가까이 됐습니다. 학생들의 우려를 넘어설 수 있도록 교육 환경을 개선하겠다는 것이 정부의 약속이었지만, 현실은 여전히 녹록지 않은데요. 먼저, 영상 보고 오겠습니다. [VCR] 2025년 7월 의대생 '복귀' 후 24·25학번 동시 수업 두 학기째 정부 ""의대 교육 여건 개선"" 인적·물적·제도적 지원 약속 그러나 여전히 열악한 의대 교육 이론 수업 '화면'으로 실습은 '관찰'만 휴학생 1천 명 내년 복귀 7천 명 동시 수업 가능하려면? ----- 서현아 앵커 의대 교육의 질이 무너지는 건, 단순히 대학만의 문제가 아닙니다. 결국 그 피해는 우리 국민 모두의 건강권으로 돌아올 수밖에 없기 때문인데요. 현재 상황과 과제에 대해 대한의과대학·의학전문대학원 학생협회 손연우 회장과 자세히 짚어봅니다. 네, 지난 2학기에 학생들이 복귀하면서 지금 24학번, 25학번이 지금 한꺼번에 수업을 듣고 있습니다. 학교에 따라서는 지금 4배까지 인원이 불어난 곳도 있는데 지금 수업을 듣고 있는 상황 어떻습니까? 손연우 회장 / 대한의과대학·의학전문대학원 학생협회 현재 의과대학의 교육 현장은 물리적 한계에 부딪힌 심각한 과밀 상태입니다. 원래 모든 의과대학의 교육 체계는 단일 학번을 기준으로 섬세하게 설계되어 있습니다. 하지만 24학번과 25학번이 동시에 교육을 받게 되면서, 학교별로 학생 수가 최소 1.5배에서 최대 4배 이상 급증했습니다. 대한의과대학·의학전문대학원학생협회(의대협)가 전국 40개 의대를 대상으로 수합한 보고서에 따르면, 대다수의 학교가 이 두 학번을 분리하지 못하고 동일한 공간에서 합반 형태로 수업을 강행하고 있습니다. 가장 먼저 눈에 띄는 것은 기초 교육 시설의 절대적인 부족입니다. 한국의학교육평가원의 의학교육 평가인증 기준에 따르면, 의대는 교육과정에 적합한 교육기본시설과 적절한 시청각 기기, 쾌적한 환경을 필수적으로 확보해야 합니다. 하지만 현실은 규정을 한참 벗어나 있습니다. 기존 의과대학 건물로는 학생 수용이 불가능해 공과대학 대강의실을 빌려 변칙적으로 수업을 하거나, 시험 칠 공간조차 없어 책상이 없는 대형 강당을 전전하며 불편하게 시험을 치르고 있습니다. 대형 강의실 뒤편의 학생들은 교수님의 판서조차 보이지 않고, 좁은 공간에 달린 모니터를 올려다보느라 학생들의 목 통증 호소가 잇따르는 등 기본적인 학습권조차 침해받고 있습니다. 더욱 우려스러운 점은 교육 방식의 질적 하락입니다. 의학교육은 단순히 듣는 것을 넘어 교수와 학생의 밀접한 상호작용이 필수입니다. 공식 평가 기준에서도 소규모 교수법이나 능동적인 학습 참여를 명시하고 있습니다. 그러나 현재는 수강 인원이 과도하게 늘어나 조별 발표 시간이 턱없이 부족해져 정상적인 수업 이수와 평가에 차질이 빚어지고 있으며, 교수님과의 실시간 질의응답이나 밀착 지도는 사실상 불가능해진 상태입니다. 서현아 앵커 네, 지금 늘어난 인원에 비해서 공간이나 인력이 너무나 부족하다 보니까 여러 가지 어려움이 있는 것 같습니다. 특히 의학 교육의 경우에 실습이 생명이지 않습니까? 실습은 더 어려울 것 같은데 어떤가요? 손연우 회장 / 대한의과대학·의학전문대학원 학생협회 현재 해부학 실습을 비롯한 기초의학 실습 현장은 학생들의 정상적인 실습 기회가 전혀 보장되지 못하는 비정상적인 상태입니다. 해부학 실습은 공간과 기자재는 물론이고 무엇보다 한정된 카데바의 제약을 절대적으로 받는 과목입니다. 카데바는 단순히 예산을 더 투입한다고 해서 당장 실험실의 현미경처럼 추가 구매할 수 있는 것이 아니기 때문에, 24·25학번 통합으로 인한 수용 한계가 가장 직접적이고 치명적으로 표출되고 있습니다. 여러 학교에서 해부학 실습을 진행하는 시기가 26-1학기, 26-2학기, 27-1 학기와 같이 다른데, 현재 26-1학기에 24, 25학번이 함께 해부를 진행하는 학교는 4개 학교입니다. 4개 학교만 진행되고 있는 현재도 벌써 실제 현장에서는 참담한 상황이 벌어지고 있습니다. '카데바 1구당 20명'의 학생이 몰려드는 극심한 과밀 현상이 나타난 바 있습니다. 직접 메스를 들고 인체 구조를 해보아야 삼차원적인 인체 구조에 대한 해부학적 지식을 습득할 수 있습니다. 눈으로만 지켜보는 현재의 참관 위주 실습은 공식 인증 기준이 요구하는 '능동적 실습'에 한참 미달하는 것이며, 결과적으로 장차 환자의 생명을 다룰 예비 의사들의 핵심 기초 역량을 심각하게 훼손하고 있습니다. 앞으로 해부 실습을 진행하는 학교가 많아진다면 이와 같은 유사 사례가 속출할 것으로 보입니다. 서현아 앵커 네, 실습이라기보다는 참관 수업에 가깝다라고 지금 얘기를 해 주셨는데요. 더 걱정스러운 건 앞으로의 교육입니다. 학년이 올라갈수록 실습의 중요성이 커지는데 이제 곧 임상실습도 나가야 하지 않겠습니까? 학생들 사이에서 제대로 될 수 있을까 걱정이 많이 나올 것 같은데요. 손연우 회장 / 대한의과대학·의학전문대학원 학생협회 네, 매우 심각하게 우려하고 있는 부분입니다. 본과 3, 4학년 시기에 교육병원 현장에서 이루어지는 '임상실습(이른바 PK실습)'은 환자의 생명을 다루는 예비 의사로서 실제 임상 능력을 체화하는 가장 핵심적인 단계입니다. 하지만 현 상황대로라면 이 단계에서...",ok,articles.csv
의료개혁 / 의대 증원,전공의 공백 이후 외과 병동의 다직종 협업 체계와 제도 개선 필요성,의료개혁;진료지원간호사;제도개선;다직종협업;전공의공백,http://www.docdocdoc.co.kr/news/articleView.html?idxno=3039596,"전공의 떠난 외과병동, PA가 메웠다…“현실 반영 제도화 필요”",docdocdoc.co.kr,제도개선,중립적,대한외과학회 및 임상 현장 의료진,"전공의 공백으로 인한 외과 병동의 변화를 현장 중심으로 조명하며, 법적 보호와 체계적인 다직종 협업을 위한 제도적 보완의 필요성을 강조하고 있습니다.","외과학회 춘계학술대회 세션서 외과 병동 변화 집중 조명 “버티는 현장 넘어 지속가능한 다직종 협업 체계 필요” 전공의 집단사직 후 외과 임상현장이 전공의 중심병동체계에서 진료지원 간호사와 입원전담전문의 등 다직종 협업 구조로 바뀐 상황에서 현실을 반영한 제도 개선이 필요하다는 진단이 나왔다. 대한외과학회는 지난달 29일 경주화백컨벤션센터에서 진행한 2026 대한외과학회 춘계학술대회 첫날 ‘전공의 공백 전·후 외과 임상현장의 변화와 전문간호사의 역할 재정의’ 세션을 진행했다. 해당 세션에서는 의정 갈등 후 외과병동 변화와 지속 가능한 진료체계 구축 방안이 집중 논의됐다. 건양의대 외과 성낙송 교수는 ‘전공의 중심 임상 구조 속 전담간호사의 위치’를 주제로 한 발표에서 미국과 일본 사례를 소개하며 국내 제도 변화 방향을 제안했다. 성 교수는 “미국의 진료지원 간호사(PA)는 의사 감독 하에 과 간 이동이 비교적 자유로운 개념이고 전문간호사(NP)는 독립 진료소 개설이 가능한 자격체계”라며 “일본은 고령화에 따른 재택의료 대응을 위해 21개 범주 38개 특정 의료행위를 프로토콜화해 인정간호사제도를 운영하고 있다”고 말했다. 이어 “국내는 의정사태라는 특수 상황 속에서 지난해 3월 진료지원간호사 시범사업이 시작되며 직제가 급격히 정착됐다”며 해외와 우리나라는 상황이 다르다고 설명했다. 건양대병원 외과 사례도 소개했다. 성 교수는 “전공의는 7명에서 3명으로 감소했지만 전담간호사는 16명으로 확충됐다”며 “야간 당직이나 토요일 오전 퇴원 환자 드레싱처럼 기존 전공의 역할 상당 부분을 전담간호사가 담당하고 있다”고 말했다. 다만 “현재 법제화 과도기로 경력 3년 미만 인력의 교육 이수 문제 등 정리되지 않은 부분이 많다”며 “무엇보다 교수진 피로도가 극도로 높아진 상황이기 때문에 향후 외과학회 차원의 평가 시스템 현실화와 인공지능(AI) 기반 프로토콜 치료(CP·CDS) 구축이 필요하다”고 덧붙였다. 계명대 동산병원 윤지희 전문간호사는 ‘공백을 메운 전담간호사:역할 확장과 현실’을 주제로 한 발표에서 전공의 공백 후 외과 현장이 급격히 재편됐다고 했다. 윤 간호사는 “전공의 집단사직 후 외과병동은 교수와 전담간호사 중심의 이원적 소통체계로 바뀌었다”며 “동의서 작성, 타과 협진, 응급수술 어시스트 등 과거 인턴과 전공의가 맡던 연결 기능이 사실상 전담간호사에게 넘어왔다”고 말했다. 이어 “회진자료 준비와 환자 정보 정리, 교수에게 직접 보고하는 다이렉트 노티 시스템, 수술 전후 배액관·상처 모니터링까지 업무 범위가 전방위적으로 확대됐다”고 덧붙였다. 실제 응급수술 사례도 공유했다. 윤 간호사는 “17개월 장중첩증 환자 응급수술 당시 퇴근 시간이었지만 교수와 함께 수술방에 들어가 직접 어시스트를 맡았다”며 “현장에서는 역할 범위를 고민할 여유도 없이 환자를 위해 움직일 수밖에 없는 상황이 반복됐다”고 말했다. 하지만 역할 확대 이면의 부담도 크다고 했다. 그는 “진료 연속성은 유지됐지만 간호사들은 역할 경계의 모호성과 책임·권한의 비대칭 속에서 극심한 불안감을 겪고 있다”며 “처방 대행 등 법적 보호가 불명확한 상황에서의 업무 수행은 ‘역할 확장’이라기보다 ‘버팀’에 가깝다”고 지적했다. 연세의대 강남세브란스병원 이해준 입원전담전문의는 일부 전공의 복귀 후에도 병동 구조는 과거로 돌아가지 않았다고 진단했다. 그는 “현재 복귀율이 약 36.8% 수준이지만 병동은 과거 수직적 구조로 회귀하지 않았다”며 “현재는 전공의·입원전담전문의·임상전담간호사가 상호작용하는 혼합형 팀 구조로 재설계되고 있다”고 말했다. 이어 “전공의는 과거처럼 병동 전체를 담당하기보다 수술·당직·회진 중심 역할로 재배치됐고 입원전담전문의는 환자 관리와 처방, 병동 운영 등 연속성을 유지하는 핵심 축이 됐다”며 “임상전담간호사는 가장 많은 환자 접점을 담당하며 실무와 조정 역할을 맡고 있다”고 설명했다. 다만 다직종 협업 구조 속 새로운 문제도 발생하고 있다고 했다. 그는 “소통 경로가 다각화되면서 오더 전달 누락이나 잘못된 정보 인지 등 ‘의사소통 분절’ 현상이 나타나고 있다”며 “명확한 역할 정의와 최종 책임 소재 규명이 없다면 현재 팀 기반 진료는 지속되기 어렵다”고 지적했다. 고려의대 안산병원 대장항문외과 지웅배 교수는 ‘공존을 위한 재설계:지속가능한 외과 임상 모델 제안’을 주제로 한 발표에서 병원 내 ‘외과전공의·입원전담전문의·병동수술 간호사 및 PA를 대상으로 진행한 인식 설문조사’ 결과를 바탕으로 제도 개선 방향을 제시했다. 지 교수는 “일반 간호사는 정체성 혼란을, 병동 PA는 법적 부담과 경제적 보상 부재를, 수술 PA는 체계적 교육 없이 독학에 의존하는 위험성을 가장 큰 문제로 꼽은 반면, 전공의들은 업무 감소로 삶의 질이 개선된 부분을 수련의 질 향상으로 오인하는 경향도 있었다”고 했다. 이같은 설문결과를 바탕으로 지 교수는 지속 가능한 외과 진료체계 구축을 위해 ▲법적 보호 안전망 구축 ▲체계적 전문교육 ▲입원전담전문의 활성화 ▲수평적 협업문화 정착 등을 제안했다. 그는 “병원 내 진료지원 운영위원회를 활성화하고 의사·간호사 공동 서명 시스템 등을 통해 책임 구조를 명확히 해야 한다”며 “미국·일본처럼 이론·임상 이수시간을 제도화한 전문교육 체계도 필요하다”고 말했다. 이어 “서울대병원의...",ok,articles.csv
의료개혁 / 의대 증원,정부의 의대 증원 및 필수·지역의료 강화 성과 홍보,의대증원;지역의료;필수의료강화;정책;국가책임,https://www.dailymedi.com/news/news_view.php?wr_id=936932,복지부 “과학적 의대 증원·응급의료체계 마련”,dailymedi.com,정책_정당성,긍정적,보건복지부,정부의 의대 증원 정책과 의료 개혁 성과를 공식적인 입장에서 긍정적으로 평가하고 홍보하는 내용을 담고 있습니다.,"의사 채용 채용 복지부 “과학적 의대 증원·응급의료체계 마련” 이재명 정부 1년 주요 성과 공유…“K-바이오헬스 최대 수출 기록” 2026.05.31 14:02 댓글쓰기 이재명 정부 출범 이후 ▲지역·필수·공공의료 기반 구축을 비롯한 ▲전국민 기본생활 안전망 구축 ▲돌봄에 대한 국가책임 강화 ▲잠재성장률 반등을 위한 바이오헬스 산업 육성 등 4대 핵심분야를 차질 없이 이행하고 있다는 성과 평가가 제시됐다. 특히 과학적 수급추계 및 민주적 논의 기반 의대정원 증원, 지역·필수·공공의료 강화를 위한 6대 필수 입법 완수, 국민의 생명을 살리는 응급의료체계 개선 등은 최대 성과로 꼽혔다. 보건복지부는 31일 이 같은 내용의 이재명 정부 출범 1주년을 맞아 보건복지 분야 주요 성과를 발표했다. 정은경 장관은 “지난 1년은 ‘기본이 튼튼한 복지강국, 국민 모두가 행복한 대한민국’ 실현을 위해, 사회적 약자를 위한 안전망은 더 촘촘히 넓히고, 보건의료 공공성을 강화하며, 국가 성장 동력 기반을 확충하는 시간이었다”고 설명했다. 그는 “앞으로도 모든 국민이 안심하고 내일을 꿈꿀 수 있는 따뜻하고 건강한 대한민국을 만들기 위해 끊임없이 노력하겠다”고 강조했다. 의대 입학정원 확대 ‘지역·필수·공공의료’ 기반 구축 과학적 수급추계 및 민주적 논의에 기반하여 의대정원을 증원했다. 2027~2031년 5년간 의대 입학정원 연평균 668명 증원(5년간 총 3342명)을 결정했다. 의대정원 결정은 의사인력 수급추계위원회 수급추계 결과에 기반했다. 총 7차례 보건의료정책심의위원회 논의 등 민주적 의사결정 과정을 통해 이뤄졌다. 지역·필수·공공의료 강화를 위해 증원인력은 기존 의과대학 중 서울을 제외한 32개 의과대학의 지역의사선발전형으로 선발하고, 국립의학전문대학원·신설지역의대 신설에 활용키로 했다. 아울러 지역·필수·공공의료 강화를 위한 6대 필수 입법을 완수했다. 안정적인 지역·필수·공공의료 의사인력 양성기반을 마련했다는 평가다. 지역의사 양성을 위한 ‘지역의사법’을 제정, 2027년부터 2031년까지 총 2942명을 지역의사선발전형으로 선발할 계획이다. 공공의료 인재 양성을 위한 국립의학전문대학원법을 제정했으며, 2030년 국립의학전문대학원을 도입할 예정이다. 지역·공공의사인력이 본격적으로 배출되기 시작하는 2033년까지의 공백은 계약형 지역필수의사제(4개 시도 87명)와 시니어의사(136명)를 통해 보완해나가고 있다. 의료진과 환자 모두를 위한 의료사고 안전망을 구축했다. 의료기관개설자 등에게 사망·의식불명 등 중대 의료사고에 대한 설명의무를 법제화하고, 책임보험 가입을 의무화 했다. 불가항력 의료사고에 대한 국가책임도 강화했다. 고위험 필수의료행위에 대한 형사부담을 완화할 수 있도록, 중과실이 없고 손해배상을 완료한 경우 기소를 제한하는 법적근거를 마련했다. 연간 1조원 이상 지역·필수의료에 투자하는 지역필수의료 특별회계를 신설하고, 국립대병원을 진료·교육·연구의 지역거점병원으로 육성하는 기반도 마련했다. 국민 생명을 살리는 응급의료체계를 개선했다. 중증응급환자가 골든타임 내 적정 응급의료기관으로 신속하게 이송될 수 있도록, ‘응급환자 이송체계 혁신 시범사업’을 실시했다. 소아진료 기반도 확충했다. 경증 소아환자를 대상으로 야간과 휴일에 진료를 제공하는 달빛어린이병원은 33개소, 소아 응급환자에게 365일 24시간 전문적인 응급진료를 제공하는 소아전문응급의료센터는 2개소를 추가 확충했다. 달빛어린이병원이 운영되고 있지 않은 소아의료 취약지역을 대상으로 야간·휴일 운영비 지원도 새로 실시했다. 국민 의료비 부담을 완화했다. 희귀질환 산정특례 대상질환을 70개 신규 추가하고, 희귀·중증난치질환 산정특례 재등록 기준도 완화했다. 환자치료 접근성 향상 및 건강보험 지속가능성 제고를 위한 국민건강보험 약가제도 개선방안도 마련했다. 과잉 우려가 큰 비급여 항목을 건강보험 체계 내에서 관리하는 관리급여 제도를 도입했다. 사회적 편익을 높이기 위해 적정한 의료 이용 관리가 필요한 도수치료는 7월, 이후 방사선온열치료·경피적 경막외강 신경성형술 관리급여 시행은 단계적으로 추진할 계획이다. 잠재성장률 반등 위한 ‘바이오헬스 산업 육성’ K-바이오헬스 수출액 역대 최고치를 달성했다. 작년 관세 등 불확실한 여건 속에서도 바이오헬스(제약·바이오, 의료기기, 화장품) 수출액은 279억달러로 전년 대비 10.3% 증가한 역대 최대 실적을 기록했다. K-바이오 백신·펀드 5800억원 조성과 적극적인 보건의료 주요 R&D 투자 등을 통해 2025년 제약·바이오 수출액은 최초로 100억달러를 돌파했다. 또 피부 빅데이터 구축, 수출국 정보 제공 및 한류 영향 등으로 지난해 K-뷰티 수출액은 역대 최고인 114억 달러를 기록했다. 의료통역사·코디네이터 등 전문인력 양성 등을 기반으로 지난 2009년 외국인환자 통계 집계 이후 처음으로 2025년 외국인환자 유치 실적이 200만명을 돌파했다. 현장 목소리에 기반한 바이오헬스 규제를 합리화했다. 국제적 수준의 강화된 임상평가를 거친 혁신적 의료기기는 의료기기 허가 후 기존 기술 여부 확인만으로 시장 즉시 진입을 허용, 시장진입 기간을 최대 490일에서 최소 80일로 대폭 단축했다. 첨단재생의료에 대한 환자 접근성 제고와 연구 활성화를 위해 난치질환 가이드라인을...",ok,articles.csv
의료개혁 / 의대 증원,의료계 블랙리스트 유포 전공의 대법원 유죄 확정,의료계블랙리스트;전공의면허취소;스토킹처벌법;의정갈등;사법부판결,https://www.hankyung.com/article/2026060350121,'의료 블랙리스트 유포' 전공의 면허 취소,hankyung.com,갈등_구도,중립적,대법원,의료계 블랙리스트를 유포한 전공의에 대한 대법원의 유죄 확정 판결 내용을 객관적으로 전달하고 있습니다.,"'의료 블랙리스트 유포' 전공의 면허 취소 대법원, 징역 2년·집유 4년 확정 3년 지나면 재교부 받을수 있어 3년 지나면 재교부 받을수 있어 2024년 의정 갈등 당시 ‘의료계 블랙리스트’를 온라인에 유포한 사직 전공의가 징역형의 집행유예를 확정받아 의사 면허를 잃게 됐다. 3일 법조계에 따르면 대법원 3부(주심 이숙연 대법관)는 스토킹처벌법 위반과 정보통신망법상 명예훼손 혐의로 기소된 사직 전공의 류모씨(33)에게 징역 2년에 집행유예 4년을 선고한 원심을 지난달 20일 확정했다. 류씨는 2024년 8~9월 정부의 의대 정원 증원에 반발한 의료계 집단행동에 동참하지 않은 의사와 의대생 등 2974명의 명단을 ‘페이스트빈’ ‘아카이브’ 등 해외 사이트에 21차례 게시한 혐의로 구속 기소됐다. 작년 6월 1심은 “의사와 의대생의 결정권을 침해하고 나아가 환자의 생명을 위협해 의료계 윤리를 해쳤다”며 류씨에게 징역 3년형을 선고했다. 류씨는 명단을 올린 행위가 스토킹 범죄에 해당하지 않는다고 주장했지만, 1심 재판부는 “정보통신망으로 제3자에게 개인정보를 배포해 피해자에게 공포심을 일으킨 스토킹 행위”라고 판단했다. 작년 10월 2심은 징역 2년에 집행유예 4년으로 감형했다. 항소심 재판부는 “타인을 압박하기 위해 사회적으로 문제가 되는 좌표 찍기를 한 것으로 엄한 처벌이 불가피하다”면서도 “초범으로 잘못을 인정하고 있고, 피해자들로부터 용서받기 위해 상당한 노력을 했다”고 밝혔다. 대법원도 원심 판단에 잘못이 없다고 보고 상고를 기각했다. 이번 판결로 류씨는 당분간 의사로 활동할 수 없게 됐다. 의료법은 금고 이상 형의 집행유예를 선고받으면 그 유예기간이 끝난 뒤 2년이 지날 때까지 의료인 면허를 취소하도록 규정한다. 다만 면허가 취소된 날부터 3년이 지나면 재교부받을 수 있다. 류씨 측은 상고심에서 자신에게 적용된 스토킹처벌법 조항이 명확성 원칙에 어긋난다며 위헌법률심판 제청을 신청했으나 기각됐다. 이인혁 기자 twopeople@hankyung.com 3일 법조계에 따르면 대법원 3부(주심 이숙연 대법관)는 스토킹처벌법 위반과 정보통신망법상 명예훼손 혐의로 기소된 사직 전공의 류모씨(33)에게 징역 2년에 집행유예 4년을 선고한 원심을 지난달 20일 확정했다. 류씨는 2024년 8~9월 정부의 의대 정원 증원에 반발한 의료계 집단행동에 동참하지 않은 의사와 의대생 등 2974명의 명단을 ‘페이스트빈’ ‘아카이브’ 등 해외 사이트에 21차례 게시한 혐의로 구속 기소됐다. 작년 6월 1심은 “의사와 의대생의 결정권을 침해하고 나아가 환자의 생명을 위협해 의료계 윤리를 해쳤다”며 류씨에게 징역 3년형을 선고했다. 류씨는 명단을 올린 행위가 스토킹 범죄에 해당하지 않는다고 주장했지만, 1심 재판부는 “정보통신망으로 제3자에게 개인정보를 배포해 피해자에게 공포심을 일으킨 스토킹 행위”라고 판단했다. 작년 10월 2심은 징역 2년에 집행유예 4년으로 감형했다. 항소심 재판부는 “타인을 압박하기 위해 사회적으로 문제가 되는 좌표 찍기를 한 것으로 엄한 처벌이 불가피하다”면서도 “초범으로 잘못을 인정하고 있고, 피해자들로부터 용서받기 위해 상당한 노력을 했다”고 밝혔다. 대법원도 원심 판단에 잘못이 없다고 보고 상고를 기각했다. 이번 판결로 류씨는 당분간 의사로 활동할 수 없게 됐다. 의료법은 금고 이상 형의 집행유예를 선고받으면 그 유예기간이 끝난 뒤 2년이 지날 때까지 의료인 면허를 취소하도록 규정한다. 다만 면허가 취소된 날부터 3년이 지나면 재교부받을 수 있다. 류씨 측은 상고심에서 자신에게 적용된 스토킹처벌법 조항이 명확성 원칙에 어긋난다며 위헌법률심판 제청을 신청했으나 기각됐다. 이인혁 기자 twopeople@hankyung.com",ok,articles.csv
의료개혁 / 의대 증원,방글라데시 홍역 확산과 백신 접종 공백,국제보건;백신접종;아동건강;보건인프라;감염병확산,https://www.newsis.com/view/NISX20260604_0003656303,방글라데시 홍역 사망자 600명 넘었다…'백신 공백'이 키운 참사,newsis.com,국가책임,부정적,유니세프 및 보건 전문가,방글라데시의 정치적 혼란과 팬데믹으로 인한 백신 접종 공백이 대규모 아동 사망으로 이어진 상황을 국가적 보건 인프라 마비의 관점에서 다루고 있습니다.,"방글라데시 홍역 사망자 600명 넘었다…'백신 공백'이 키운 참사 3월 발병 후 의심 환자 8만명 육박…미접종 아동 피해 확산 시위·팬데믹 여파로 2020년 이후 정기 예방접종 중단 유니세프 ""아동 영양부족이 치명률 키웠다"" 4일 튀르키예 국영 뉴스통신 아나둘루 등에 따르면, 방글라데시 보건당국은 전날 하루 동안 7명의 사망자가 추가되면서 지난 3월 중순 첫 발병 이후 총사망자가 601명으로 집계됐다고 밝혔다. 이 중 실험실 검사로 확진된 사망자는 90명이며, 나머지 511명은 홍역 의심 증상을 보이다 숨진 것으로 파악됐다. 현재까지 보고된 누적 의심 환자는 8만3700여명에 달한다. 이 가운데 확진 판정을 받은 환자는 9200여명이지만, 현지 보건소의 진단 키트 부족으로 인해 실제 감염자와 사망자는 공식 통계치를 크게 웃돌 것으로 추정된다. 유엔아동기금(UNICEF·유니세프)은 이번 사태의 근본 원인으로 '예방접종 공백'을 꼽았다. 방글라데시에서는 지난 2020년 코로나19 팬데믹 정국과 최근 정치적 격변기를 거치면서 정기적인 대규모 백신 접종이 사실상 중단된 상태였다. 치명적인 보건 인프라 마비가 결국 대규모 영유아 인명 피해로 이어졌다는 지적이 나왔다. 특히 생후 9개월 미만 영아와 접종을 받지 못했거나 일부만 접종한 어린이들이 감염과 중증 위험에 크게 노출된 상태다. 방글라데시 정부는 세계보건기구, 유니세프 등과 함께 긴급 홍역·풍진 백신 접종을 확대하고 있지만, 빈민가와 농촌 지역, 단기 거주 아동 등 사각지대에 있는 어린이들을 모두 찾아 접종하는 데 어려움을 겪고 있다. 홍역은 기침과 재채기 등을 통해 공기로 전파되는 전염성이 매우 강한 질환이다. 감염 후 고열, 콧물, 충혈, 기침 등의 증상이 나타나고 이후 발진이 이어진다. 영양 상태가 좋지 않거나 백신을 맞지 않은 어린이의 경우 폐렴, 뇌염 등 합병증으로 이어져 사망할 수 있다. 보건 전문가들은 확산세를 막기 위해서는 단순한 대규모 접종을 넘어 지역별 미접종 아동을 찾아내는 세밀한 접종 계획이 필요하다고 지적했다. 환자 조기 격리, 산소 치료, 영양 지원 등 의료 대응도 병행돼야 한다는 목소리가 나왔다. ◎공감언론 뉴시스 [email protected] Copyright © NEWSIS.COM, 무단 전재 및 재배포 금지",ok,articles.csv
노란봉투법 / 노동조합법 개정,이재명 정부 출범 1년 노동 정책 성과 및 과제 평가,노동조합법;노동정책;노사관계;중대재해;정년연장,http://www.worklaw.co.kr/view/view.asp?accessSite=Naver&accessMethod=Search&accessMenu=News&in_cate=124&in_cate2=0&gopage=1&bi_pidx=39240,[李 정부 1년①] ‘노란봉투법’ 달리고 ‘정년 연장’ 멈췄다…노동 정책 성적표는?,worklaw.co.kr,갈등_구도,중립적,정부 및 노사 관계자,이재명 정부의 노동 정책 1년을 돌아보며 노사 양측의 입장과 정책적 성과 및 한계를 균형 있게 다루고 있습니다.,"- HOME > 법률 - 등록 : 2026-06-04 08:43:00 수정 : 2026-06-04 09:02:54 [李 정부 1년①] ‘노란봉투법’ 달리고 ‘정년 연장’ 멈췄다…노동 정책 성적표는? 2026-06-04 08:43:00 [2026년 6월호 vol.0] ▲이재명 대통령과 노사 대표자들이 지난 5월 1일 서울 종로구 청와대에서 열린 '2026년 노동절 기념식'에 참석했다. 왼쪽부터 손경식 한국경영자총협회 회장, 김동명 한국노동조합총연맹 위원장, 이재명 대통령, 양경수 전국민주노동조합총연맹 위원장, 송치영 소상공인연합회 회장. (사진=뉴시스) 이재명 정부 출범 1년, 노동 정책의 명암이 교차하고 있다. 개정 노동조합법(노란봉투법) 시행과 산업재해 감축 등에서는 체감할 만한 성과를 거뒀다는 평가가 나오지만, 핵심 현안인 정년 연장에서는 좀처럼 속도를 내지 못하고 있다는 평가가 나온다. 노동계는 정부의 친노동 정책을 환영하면서도 정책 추진 속도가 더디다는 아쉬움을 토로했다. 반면 경영계는 정부 정책으로 기업의 비용 부담이 계속 늘어나고 있다는 우려를 내비치면서도 고용유연성, 소상공인 집단교섭권 등 경영 친화적인 정책에는 기대감을 드러냈다. 전문가들은 정부가 현장의 목소리를 수렴해 노동 정책을 추진하고 있다고 평가하면서도, 노동계 쪽으로 치우치는 정책 편향성을 경계해야 한다고 입을 모았다. '노란봉투법·산재 감축' 성과로 꼽혀…갈 길 먼 '정년 연장' 이재명 정부가 출범한 건 지난해 6월 4일이다. 이재명 대통령은 후보 시절 개정 노동조합법 시행, 주4.5일제, 정년 연장 등 다수의 친노동 정책을 내세웠다. 정부의 노동 정책은 지난해 9월 국정과제 발표를 통해 구체화됐다. 정부는 노동 관련 국정과제로 ▲초기업 교섭 활성화 ▲법정 정년 연장 ▲국제노동기구(ILO) 190호 괴롭힘 방지 협약 비준 ▲노동자 작업중지권 참여권 강화 ▲일하는 모든 사람을 위한 노동안전보건법체계 구축 ▲비정규직 고용안정과 처우개선 ▲동일가치노동 동일임금 법제화 ▲노동법원 설립 ▲일하는 사람 권리 보장법 제정 ▲임금체불 근절과 근로감독 혁신 ▲실노동시간 단축 ▲포괄임금제 원칙적 금지 ▲연차휴가제 개선 ▲퇴직연금 강화 ▲구직지원금 확대와 전 국민 고용보험 완성 ▲이주노동자 통합 취업 지원 ▲근로자의 날 노동절로 명칭 변경 ▲행복한 일터 인증제 도입 등을 제시했다. 가장 빠르게 실행에 옮겨진 과제는 개정 노동조합법 입법이다. 개정 노동조합법은 국정과제 발표 전인 지난해 8월 여당 주도로 국회 본회를 통과했다. 개정 노동조합법으로 노동조합법상 사용자·노동쟁의의 개념이 확대됐고, 손해배상책임도 제한됐다. 고용노동부는 개정 노동조합법으로 인한 현장의 혼란을 최소화하기 위해 후속 조치에 들어갔다. 노동부는 하반기 동안 노사 의견 수렴을 거쳐 지난 1월 개정 노동조합법 시행령과 해석지침을 발표했다. 노동부는 원·하청이 별도로 교섭창구 단일화를 하도록 하고 교섭단위 분리 기준, 실질적 지배력 판단 기준, 사업 경영상 결정 판단 기준을 제시했다. 개정 노동조합법은 지난 3월 10일부터 시행되고 있다. 이 대통령은 산재 감축도 강하게 밀어붙였다. 이 대통령은 지난해 7월 국무회의에서 김영훈 고용노동부 장관에게 ""일정 기간 동안 산재가 안 줄어들면 직을 걸라""고 해 산재 감축에 대한 의지를 드러내기도 했다. 이에 노동부는 지난해 9월 노동안전 종합대책으로 △사업장에서 연 3명 이상 사망 시 영업이익의 최대 5% 과징금 부과 △중대재해 반복 발생 시 공공 입찰 제한 △중대재해 발생 건설사 영업정지 요건 완화 △노동부 장관의 작업중지권 확대 △산재 예방에 2조723억 원 투입 등을 발표했다. 노동부의 대책은 가시적인 성과로 이어졌다. 노동부가 지난 4월 발표한 '2026년 1분기 재해조사 대상 사망사고 발생 현황'에 따르면 올해 1분기 산재 사망자는 113명으로 지난해 동기 대비 17.5% 감소한 것으로 나타났다. 또한, 국정과제 중 하나였던 실노동시간 단축은 노사정 합의와 법안 발의까지 이루어진 상태다. 지난해 12월 '노사정 실노동시간 단축 로드맵 추진단'이 공동선언문을 발표해 △포괄임금 오남용 방지 △실근로시간단축지원법 제정 △근무시간 외 불필요한 업무 지시로부터 휴식 보장 △특별연장근로 사후감독 체계 마련 △노동시간 적용 제외, 특례 업종 제도 개선안 마련 △야간 노동자 실태조사 및 건강 보호 대책 마련 △반차 등 연차휴가 분할 사용 근거 명문화 △노동시간 격차 해소를 위한 정부 지원 등을 실천 과제로 확정했다. 이와 관련해 박해철 더불어민주당 의원이 지난 1월 실근로시간단축지원법을 발의했고 현재 국회 기후에너지환경노동위원회에 법안이 계류 중인 상태다. 연결되지 않을 권리를 명시한 근로기준법 개정안도 지난 3월 이용우 더불어민주당 의원이 발의해 환노위에서 논의되고 있다. 지난 4월엔 포괄임금 오남용 방지 지침이 발표됐다. 당초 국정과제에서 제시한 건 '포괄임금제 원칙적 금지'였으나, 노사정 논의 끝에 '포괄임금 오남용 방지'로 정책 방향을 완화했다. 노동부는 지침을 통해 △임금 대장과 임금명세서에 기본급과 각종 수당 구분 기재 △기본급과 제수당 미구분 지급 금지 △실근로시간에 미달한 수당 지급 시 임금체불로 수사 원칙 등을 발표했다. 노동법 사각지대 보호를 위한 '일하는 사람 기본법'과 '근로자 추정제'는...",ok,articles.csv
노란봉투법 / 노동조합법 개정,노란봉투법 시행 이후 대기업 성과급 투쟁 및 노노갈등 심화 우려,노란봉투법;노사갈등;기업부담;경영환경;노동조합법,https://www.newscj.com/news/articleView.html?idxno=3406679,취지 무색한 ‘노란봉투법’… 대기업 성과급 투쟁·노노갈등 부작용 논란,newscj.com,노사갈등_구도,부정적,경영계 및 노동 전문가,노란봉투법 시행으로 인해 원청 노조의 성과급 요구와 원·하청 간 갈등이 심화되고 경영상 불확실성이 커지고 있다는 점을 강조하고 있습니다.,"원청 노조 성과급 인상 확산 모호한 조항 쟁의범위 확대 파업 ‘손배 책임 완화’ 영향 원·하청 이해관계 충돌 심화 “직접적 영향 없다” 반론도 [천지일보=홍보영 기자] 하청 노동자의 교섭권 강화를 위해 도입된 노란봉투법(노동조합 및 노동관계조정법 제2·3조 개정안)이 시행 석 달째를 맞은 가운데 법 적용 범위가 당초 취지를 넘어 확대되고 있다는 우려가 나오고 있다. 하청 노동자 보호를 위해 마련된 제도가 원청 노조의 협상력까지 키우면서 원·하청, 정규직·비정규직 간 갈등을 심화시킬 수 있다는 지적이다. 삼성전자 노사는 총파업 위기 끝에 성과급 갈등을 봉합했지만 카카오 노조는 부분파업을 예고했다. 현대차와 현대제철 노조도 대규모 성과급 인상을 요구하며 사측과 대립하고 있다. 여기에 금속노조 산하 현대차 식당·보안·경비·판매대리점 노동자 1675명은 원청인 현대차를 상대로 직접 교섭을 요구하고 나섰다. 원청 노조의 성과급 투쟁과 하청 노동자의 직접 교섭 요구가 동시에 전개되면서 기업 현장의 노사관계가 새로운 국면을 맞고 있다는 분석이 나온다. 노동계에 따르면 지난 3월 시행된 노란봉투법은 원청이 실질적으로 근로조건을 결정하는 경우 하청노조가 원청과 직접 교섭할 수 있도록 한 것이 핵심이다. 원·하청 노동시장 이중구조를 완화하고 하청 노동자의 교섭권을 보장하기 위한 취지로, 노동쟁의 범위를 확대하고 불법 쟁의행위에 대한 손해배상 청구를 제한하는 내용도 담고 있다. 그러나 노동계 안팎에서는 법 적용 범위와 사용자 개념이 넓어지면서 원청 노조의 교섭력까지 강화하는 결과로 이어질 수 있다는 우려가 제기된다. ◆대기업 성과급 투쟁 확산 최근 주요 대기업 노사의 성과급 협상 상황을 보면 원청 노조의 요구 수위는 갈수록 높아지는 추세다. 삼성전자 노사는 기존 초과이익성과급(OPI) 제도를 유지하면서 반도체(DS) 부문에 사업성과의 10.5%를 재원으로 하는 특별경영성과급을 별도로 신설하는 내용을 골자로 한 잠정합의안을 가결하며 총파업 위기를 넘겼다. 카카오 노조는 성과급 지급 규모와 산정 방식 등을 둘러싼 임금협상이 결렬되자 오는 10일 4시간 부분파업과 판교 집회를 예고했다. 현대제철 노조는 최근 임단협 교섭 과정에서 지난해보다 150% 인상된 수준의 성과급 지급을 요구하며 사측과 대립하고 있다. 현대차 노조 역시 올해 임단협에서 기본급 14만 9600원 인상과 함께 지난해 순이익의 30%(약 3조원) 성과급 지급, 상여금 800% 지급 등을 요구하며 사측과 줄다리기를 이어가고 있다. 노동계에서는 이 같은 원청 노조의 성과급 투쟁이 다른 업종으로도 확산될 가능성이 있다고 보고 있다. 실제로 노란봉투법 시행 이후 하청 노동자들의 직접 교섭 요구도 본격화하는 양상이다. 금속노조 산하 현대차 식당·보안·경비·판매대리점 노동자 1675명은 올해 3월 현대차를 상대로 단체교섭을 요구했으며 현재 울산지방노동위원회가 현대차의 사용자성 여부를 심리하고 있다. 하청 노동자들 사이에서는 원청 실적 개선에 대한 기여가 보상에 반영돼야 한다는 목소리도 나온다. 노동계 안팎에서는 원청 노조가 성과급 인상을 이끌어낼 경우 하청 노동자들의 보상 요구도 함께 확대될 가능성이 크다는 관측이 나온다. ◆쟁의 범위 확대·손배 제한이 만든 논란 노란봉투법 시행 이후 노동쟁의 범위가 확대되고 손해배상 책임 규정이 변경된 점이 이 같은 흐름에 영향을 미쳤다는 분석도 나온다. 마지현 파이터치연구원 수석연구원은 “개정 노조법 이후 쟁의 범위가 넓어졌는데 성과급 문제는 된다, 안 된다고 명확히 규정되지 않은 회색지대에 놓여 있다”며 “해석에 따라 일정 부분 쟁의 대상에 포함될 수 있다는 시각도 존재한다”고 말했다. 실제 개정 노조법은 노동쟁의 개념에 ‘근로조건에 영향을 미치는 사업 경영상의 결정’을 포함했다. 이를 두고 노동계는 성과급 역시 근로조건에 영향을 미치는 사안이라고 해석하는 반면 경영계는 기업의 경영권 영역이라고 맞서고 있다. 이정 한국외대 노동법 교수는 “성과 배분 문제는 원래 주주와 경영진의 판단이 강하게 작용하는 경영적 성격의 사안”이라며 “노동쟁의 개념에 경영상 결정이 포함되면서 과거보다 노조가 성과급 문제를 적극적으로 쟁점화할 수 있는 환경이 조성된 측면이 있다”고 설명했다. 불법 파업에 대한 손해배상 책임 제한도 변수로 꼽힌다. 기존에는 불법 파업으로 손실이 발생할 경우 노조와 조합원에게 연대책임을 물을 수 있었지만 개정법은 개별 조합원의 역할과 책임 정도에 따라 손해배상 책임을 산정하도록 했다. 마 수석연구원은 “손해배상 부담이 과거보다 줄어든 만큼 노조 입장에서는 단체행동에 대한 부담도 이전보다 낮아졌다고 볼 수 있다”고 말했다. ◆원·하청 간 노노갈등 우려 전문가들은 향후 노란봉투법의 영향이 본격화될 경우 원청과 하청 간 이해관계 충돌이 더 심해질 가능성에 주목한다. 마 수석연구원은 “기업 입장에서는 줄 수 있는 재원이 정해져 있는데 한쪽에 더 많이 배분하면 다른 쪽은 적게 받을 수밖에 없다”며 “원청과 하청, 기업과 노조 간 갈등을 넘어 원청 노조와 하청 노조 간 갈등도 심화될 수 있다”고 전망했다. 특히 반도체·자동차·조선업처럼 대규모 연구개발(R&D)과 설비 투자가 필요한 업종에서는 성과급 확대 요구가 투자 재원과 충돌할 수 있다는 우려도 나온다. 기업 입장에서는 성과급뿐 아니라 미래 투자와...",ok,articles.csv
노란봉투법 / 노동조합법 개정,노란봉투법 시행 이후 노동위원회 판정 불복 및 법적 분쟁 급증,노란봉투법;노사갈등;경영불확실성;노동위원회;법적분쟁,https://www.mk.co.kr/article/12063302,고무줄 노란봉투법에 재심·불복 악순환 … 기업들 '대혼란' - 매일경제,mk.co.kr,경영환경_불확실성,부정적,기업(원청),노란봉투법 시행으로 인한 노동위원회 판정의 모호함과 그에 따른 기업의 경영상 어려움 및 법적 분쟁 장기화를 강조하고 있습니다.,"Key Points - 지난 3월 '노란봉투법' 시행 이후 하청 노조들이 원청 기업에 무더기로 교섭을 요구하면서 노동위원회 판정과 재심 신청이 급증하고 있어요. 😢 - 지방노동위원회에서 내려지는 판정에 명확하고 일관된 기준이 없어 노사 양측 모두 불복하며 중앙노동위원회에 재심을 신청하는 사례가 잇따르고 있어요. ⚖️ - 지방노동위, 중앙노동위, 행정법원, 고등법원, 대법원까지 사실상 '5심제'와 같은 긴 법적 분쟁으로 이어지면서, 과거 HD현대중공업 사례처럼 판결까지 9년 이상 걸리는 경우도 발생하고 있어요. ⏳ - '고무줄 판정' 논란 속에 기업들은 늘어난 교섭 대상으로 인해 사업 개편이나 M&A 등 경영 활동에 차질이 생길 것을 우려하고 있으며, 노사 갈등 장기화가 산업 현장의 혼란을 가중시키고 있어요. 🏭 1. 사건 개요: 무슨 일이 있었나? 2026년 3월, '노란봉투법'이 시행되면서 하청 노동조합이 원청 기업에게 직접 교섭을 요구하는 사례가 급증하고 있어요. 📈 하지만 지방노동위원회의 판정이 명확한 기준 없이 내려지면서, 원청 기업과 하청 노조 간의 갈등이 깊어지고 있답니다. 😟 현대제철, 한화오션, 포스코, SK에너지 등 여러 대기업들이 지방노동위원회의 판정에 불복하여 중앙노동위원회에 재심을 신청했어요. 🏭 예를 들어, 현대제철은 하청 노조의 분리 교섭을 인정한 판정에, 포스코는 교섭단위 분리 요구를 인정한 판정에 각각 재심을 청구했답니다. ⚖️ 이러한 재심 신청은 곧 장기간의 법적 분쟁으로 이어질 가능성이 커요. 지방노동위원회 조정에 최대 60일, 중앙노동위원회 재심에 최대 65일이 소요될 수 있으며, 여기서도 합의가 이루어지지 않으면 행정소송까지 가게 돼요. 😥 과거 HD현대중공업의 경우, 사내 하청 노조가 원청 교섭을 요구한 소송이 대법원 판결까지 약 9년이 걸리기도 했어요. ⏳ 기업들은 지방노동위원회의 '고무줄 판정' 때문에 혼란을 겪고 있으며, 이는 산업 현장의 갈등을 심화시키고 사업 개편이나 M&A 등 경영 활동에도 제동을 걸 수 있다는 우려를 표하고 있어요. 📉 앞으로 재심 신청 건수는 더욱 늘어날 것으로 예상되며, 노사 갈등 장기화가 불가피해 보이는 상황이에요. 😟 2. 심층 분석: 이 뉴스는 왜 나왔나? 최근 '노란봉투법(노동조합 및 노동관계조정법 2, 3조 개정안)' 시행 이후 하청 노동조합에 대한 원청 기업의 교섭 의무가 확대되면서 산업 현장의 혼란이 가중되고 있어요. 😟 이번 사안은 단순히 노사 갈등을 넘어, 법 시행 이후 노동위원회 판정 기준의 모호성과 그로 인한 재심·불복 절차의 악순환이 핵심적인 배경으로 작용하고 있답니다. ⚖️ 2026년 3월 법 시행 이후, 현대제철, 한화오션, 포스코, SK에너지 등 다수의 대기업에서 지방노동위원회(지노위)의 사용자성 인정 및 분리 교섭 판정에 불복하여 중앙노동위원회(중노위)에 재심을 신청하는 사례가 급증하고 있어요. 📈 이는 법의 구체적인 적용 기준이 명확하게 제시되지 않은 상태에서, 개별 사건마다 엇갈리는 판정이 내려지면서 노사 양측 모두 결과에 수긍하기 어렵다는 점을 보여주고 있습니다. 🤷♀️ 이러한 상황은 곧바로 '5심제'로 이어지는 복잡하고 긴 법적 분쟁의 시작점이 되고 있어요. ⏳ 지노위에서 판정이 내려지고, 이에 불복하면 중노위 재심을 거쳐야 하며, 여기서도 합의가 이루어지지 않으면 행정법원, 고등법원, 대법원까지 이어지는 장기화된 소송전이 불가피합니다. 😥 실제로 HD현대중공업 사례의 경우, 2017년에 제기된 원청 교섭 요구 소송이 대법원에서 판결 나기까지 약 9년이라는 시간이 소요되었어요. 🤯 이러한 절차 지연은 기업의 경영 활동은 물론, 사업 개편이나 인수합병(M&A)과 같은 체질 개선 작업에도 큰 부담을 주고 있으며, 잦은 쟁의 행위와 소송전으로 산업 현장의 안정성을 저해하는 요인으로 작용하고 있다는 분석이에요. 😟 결론적으로, 이번 뉴스는 '노란봉투법' 시행이 현장에 예상치 못한 혼란을 야기하고 있다는 점을 지적하고 있어요. 📢 법 시행 취지와 달리, 노동위원회의 명확하고 일관된 기준 부재는 노사 갈등을 증폭시키고, 결국 지연되고 있는 사법 절차 속에서 기업들의 어려움이 가중되고 있음을 보여주고 있습니다. 🤔 이러한 상황이 지속될 경우, 잦은 쟁의 행위와 소송전이 산업 현장에 일상화될 수 있다는 우려가 커지고 있어요. 😥 3. 주요 경과: 지금까지의 흐름 (Timeline) - 2023년 5월 더불어민주당과 정의당 등 야당이 '노란봉투법'을 국회 본회의에 직회부하기로 결정했어요. 국민의힘은 이에 반발하며 헌법재판소에 권한쟁의 심판 제기를 예고했고, 고용노동부도 재고를 요청했답니다. ⚖️ 경제계는 신중한 검토를, 노동계는 조속한 처리를 촉구하는 등 각계의 입장이 엇갈렸어요. 🤝 - 2026년 3월 노란봉투법이 시행된 이후, 하청 노조들이 원청 기업들을 대상으로 단체교섭을 요구하는 사례가 늘어나기 시작했어요. 🏭 고용노동부에 따르면 시행 후 약 한 달간 1121곳의 하청 노조가 424곳의 원청 기업에 교섭을 요구했답니다. 📈 - 2026년 5월 지방노동위원회의 판정문 발송이 본격화되면서, 노란봉투법 시행 이후 발생한 19건의 재심 신청이 접수되었어요. 📝 현대제철, 한화오션, 포스코, SK에너지 등 주요 기업들이 지방노동위 판정에 불복하여 중앙노동위원회에 재심을 신청하는...",ok,articles.csv
노란봉투법 / 노동조합법 개정,노란봉투법 시행에 따른 원청 책임 강화와 경영계의 파업 리스크 우려,노동권;기업부담;노사갈등;제도개선;노란봉투법,https://www.seoulfn.com/news/articleView.html?idxno=629626,[이재명 정부 1년] 노란봉투법 시행···기업 문화도 바뀐다 - 서울파이낸스,seoulfn.com,노동권_보호,중립적,노동계 및 경영계,노란봉투법 시행 이후 하청 노동자의 권리 보장과 경영계의 파업 우려라는 양측의 입장을 균형 있게 다루고 있습니다.,"이재명 대통령은 2025년 6월 4일 취임 후 인수위원회 기간도 없이 ""국민의 삶 개선이 국정 목표""라고 내세우며 곧장 업무를 수행했다. '코스피 5000'이라는 꿈 같은 목표를 이뤄내는가 하면 경주 아시아태평양경제협력체 정상회의도 성공적으로 개최하며 세계 무대에 우리나라의 존재감을 알렸다. 본 기사에서는 이 대통령이 지난 1년 동안 거둔 성과들을 조명해본다. /편집자주 [서울파이낸스 여용준 기자] 노동조합 및 노동관계조정법 2·3조 개정(노란봉투법)은 지난 20여년간 노동계의 핵심 과제였다. 윤석열 정부에서 두 차례 국회 본회의를 통과했지만, 대통령의 재의요구권 행사로 처리가 무산되면서 노동계의 요구는 더 절실해졌다. 결국 이재명 대통령 취임 후 2025년 8월 24일 노란봉투법은 국회 본회의를 통과했다. 이후 9월 2일 국무회의에서 의결됐으며 지난 3월 10일부터 본격 시행됐다. ◇ 하청·특고 대한 원청 책임 강화···정착까지 갈 길 멀어 = 노란봉투법의 핵심은 하청·특수고용 노동자에 대한 원청의 책임 강화다. 근로계약의 직접 당사자가 아니더라도 하청 노동자의 근로조건을 실질적으로 지배, 결정하는 원청을 '사용자'로 규정하고 교섭할 수 있도록 했다. 이 때문에 3월 10일 노란봉투법 시행 이후 하루만에 원청과 교섭을 요구한 하청 노조·지부·지회는 407곳에 이르렀다. 조합원 수로 계산하면 81만6000여명 규모다. 또 이날 하루동안 하청 노조 등에서 노동위원회에 총 31건의 '교섭단위 분리' 신청했다. 노동계에 따르면 한화오션, 포스코, 쿠팡CLS, 부산교통공사, 화성시 등 일부 원청은 하청과 교섭을 개시했지만, 그 규모는 여전히 미미한 것으로 나타났다. 양경수 전국민주노동조합총연맹 위원장은 지난달 기자회견에서 ""민주노총에서만 500여 개 사업장이 원청 교섭을 요구하고 있지만 교섭에 응하겠다고 답한 곳은 40여 곳에 불과하다""라며 ""법과 제도는 바뀌었지만 법이 현장에서 작동하지 못하고 있다. 노동자가 체감하는 변화는 아직 미흡하다""라고 말했다. 김영훈 고용노동부 장관은 ""원·하청 구조에서 실질적으로 결정되는 근로조건에 대해 상생 교섭이 이뤄질 수 있도록 대화를 제도화하는 것""이라며 앞으로 법이 자리 잡게 될 것이라고 밝혔다. ◇ 노동자 쟁의 권리 보장···커지는 파업 리스크 = 노란봉투법은 노동자의 파업에 따른 사용자의 손해배상 청구를 어렵게 하고 있다. 사용자의 노동조합 활동 방해 등의 목적에 기한 손해배상청구권 행사를 금지하고 노동조합이 사용자의 불법행위에 대항하기 위해 부득이하게 사용자에게 손해를 가한 경우 손해배상책임 자체를 면제했다. 손해배상책임이 인정되는 경우에도 조합원 개인의 노조 내 역할, 참여 정도 등을 고려해 손해배상 금액을 개별적으로 산정하도록 해 불법파업에 대한 조합원들의 책임을 제한했 손해배상책임을 지는 노동조합과 근로자가 법원에 배상액의 감면을 청구할 수 있도록 했다. 이는 하청·특수고용 노동자들의 권리를 보장하기 위해 마련된 안전장치지만, 경영계에서는 이 조항으로 인해 파업을 견제할 수 없어 경영 불안이 가중될 것이라고 판단했다. 실제로 노란봉투법 시행 직후 삼성전자가 총파업을 예고했으나 막판에 극적으로 잠정합의안을 마련했다. 그러나 삼성바이오로직스가 이미 파업을 진행했고 이후 법정공방까지 벌이고 있다. 현대자동차는 노조가 대규모 성과급을 요구한 가운데 노사 합의가 이뤄지지 않을 경우 총파업까지 갈 가능성이 있다. 카카오 역시 성과급 개선을 요구하면서 파업 가능성을 시사했다. BGF리테일의 자회사인 BGF로지스와 민주노총 화물연대 간의 물류 배송 파업은 당초 BGF리테일이 교섭 주체로 나서지 않으면서 비롯됐다. 결국 인명사고까지 일으킨 파업 이후에야 BGF와 화물연대는 유급휴가와 운송료 인상 등을 포함하는 조건으로 합의에 이르렀다. 김영훈 고용노동부 장관은 노란봉투법이 파업과 전혀 관계 없다고 밝혔다. 김영훈 장관은 ""노란봉투법 핵심은 직접적 고용 관계가 있지 않아도 원청이 간접 고용 노동자, 사내 하청 노동자의 근로조건에 영향을 미친다면 이를 교섭할 수 있도록 해 원하청 격차를 해소하라는 것""이라며 대기업 노조의 파업과는 무관하다고 설명했다. 다만 손해배상 청구를 제한한다는 부분을 두고 경영계에서는 ""파업이 더 쉬워지도록 했다""고 보고 있어 파업에 따른 노란봉투법의 책임은 당분간 이어질 것으로 보인다. ◇ 노조의 경영 참여 확대될 듯···노사 상생 '핵심 과제' = 그동안 파업은 '근로조건의 결정'에 관한 사항에 대해서만 가능했다. 그러나 노란봉투법에서는 '근로조건에 영향을 미치는 사업경영상의 결정에 관한 주장의 불일치'로 범위가 확대됐다. 즉 그동안은 임금이나 복지, 근로시간, 해고 등 직접적인 사항에 대해서만 쟁의활동이 가능했다면 노란봉투법 시행 이후에는 정리해고나 인수합병 등 근로조건에 영향을 미칠 수 있는 경영상 결정에 대해서도 쟁의활동이 가능해졌다. 또 정규직의 정규직 전환 여부, 징계나 승진 제도의 공정성 확보, 정년 연장 등 근로자의 지위와 관련된 사항 등에 대해서도 파업이 가능해졌다. 이 같은 사항은 앞으로 노사 관계에 뜨거운 감자가 될 것으로 보인다. 앞서 손경식 한국경영자총협회 회장은 ""(노란봉투법이) 기업의 투자 결정이나 사업장 이전, 구조조정 등 사용자의 고도의 경영상 판단사항까지 쟁의행위 대상이 될 수 있어...",ok,articles.csv
노란봉투법 / 노동조합법 개정,원청의 사용자성 인정 범위에 대한 법적 신중론,노란봉투법;원청사용자성;단체교섭;죄형법정주의;노사관계,https://www.hankyung.com/article/202605283588i,"원청의 사용자성, 신중하게 판단돼야 [화우의 노동 인사이트]",hankyung.com,기업부담_우려,중립적,법률 전문가,"노란봉투법 시행 이후 원청의 사용자성 판단이 형사처벌과 직결되는 만큼, 법적 엄격성과 신중한 해석이 필요하다는 전문가의 견해를 다루고 있습니다.","원청의 사용자성, 신중하게 판단돼야 [화우의 노동 인사이트] 노란봉투법 이후 ""원청도 사용자냐"" 논쟁 하청 노조의 교섭 요구 폭증 산업안전부터 교섭의무까지 원청 책임선은 어디서 끊어야 하나 하청 노조의 교섭 요구 폭증 산업안전부터 교섭의무까지 원청 책임선은 어디서 끊어야 하나 한경 로앤비즈의 'Law Street' 칼럼은 기업과 개인에게 실용적인 법률 지식을 제공합니다. 전문 변호사들이 조세, 상속, 노동, 공정거래, M&A, 금융 등 다양한 분야의 법률 이슈를 다루며, 주요 판결 분석도 제공합니다. 노란봉투법 시행 이후…교섭 구조 변화 지난 3월 10일 이른바 '노란봉투법'으로 알려진 개정 노동조합 및 노동관계조정법(이하 '노동조합법') 제2조, 제3조가 시행됐다. 법 시행 이후 하청 노동조합들의 원청에 대한 직접 교섭요구가 빗발치고 있다.대부분의 원청은 이러한 하청 노동조합들의 교섭요구에 대하여 소극적 태도를 보여 왔고, 이에 하청 노동조합들은 노동위원회에 교섭요구사실 미공고에 대한 시정신청, 교섭단위 분리신청을 제기하며 법적인 분쟁에 나아갔다. 법적 분쟁의 결과는 원청에 우호적이지는 않은 것으로 보인다. 노동위원회는 대부분 원청의 사용자성을 인정하는 판정을 내렸다. 간혹 교섭단위 분리신청이 기각된 사례도 있지만 기각판정은 대부분 교섭단위를 분리할 필요성이 인정되지 않음을 그 이유로 했고, 동 절차에서도 원청의 사용자성 자체를 부정하는 경우는 거의 없었다. 원청 '사용자성'의 법적 의미 이러한 노동위원회의 판단들에는 원청의 사용자성이 원청의 단체교섭의무 발생의 전제이고, 이러한 단체교섭의무는 곧바로 원청이 하청 노동조합의 요구사항을 반드시 들어주어야 함을 의미하는 것은 아니므로, 하청 노동조합과의 대화의 장을 폭넓게 열어 주는 것이 바람직하다는 분위기가 반영된 것으로 보인다.그러나 원청의 사용자성 인정 문제를 단순히 원청에 하청 노동조합과 대화할 의무를 부여하는 것에 불과하다는 관점으로 접근하는 것은 타당한 접근이라고 볼 수 없다고 생각된다. 그 이유는 노동조합법은 사용자가 단체교섭을 정당한 이유 없이 거부하거나 해태하는 행위를 부당노동행위로 규정하여 형사처벌하고 있기 때문이다(노동조합법 제81조 제1항 제3호, 제90조). 즉, 노동조합법하에서 원청이 사용자에 해당하는지의 문제는 단순히 하청 노동조합과 대화를 할 의무를 부과하는 데 그치는 것이라기보다는, 형사범죄의 주체로서의 신분을 가지느냐의 문제로 귀착된다. 형사책임 구조와 사용자성 판단 이러한 관점에서 보자면, 원청의 사용자성 판단 과정에서는 형벌법규 해석의 엄격성이 충분히 고려되어야 한다.최근 선고된 대법원 2026. 5. 21. 선고 2018다296229 판결의 다수의견 역시 노동조합법 제90조는 부당노동행위를 한 사람을 2년 이하의 징역 또는 2천만 원 이하의 벌금으로 형사처벌 하도록 정하고 있고, 단체교섭거부의 부당노동행위 구성요건이 '단체교섭의무를 부담하는 사용자'일 것이 포함된다. 죄형법정주의 원칙상 '단체교섭의무를 부담하는 사용자'의 개념과 관련하여 구 노동조합법 제2조를 엄격하게 해석할 필요도 있다고 지적하고 있으며, 이러한 대법원의 판시는 개정 노동조합법의 해석 및 적용과정에서도 충분히 고려되어야 한다고 생각된다. 이처럼 원청의 사용자성 인정 여부의 판단이 신중하게 이루어져야 한다는 관점에서 보자면, 단순히 '교섭의제'별로 사용자성을 판단하여야 한다는 현재의 경향도 보다 심도 있는 재검토가 요구된다. 개정 노동조합법 제2조 제2호는 ""근로계약 체결 당사자가 아니더라도 근로자의 근로조건에 대하여 실질적이고 구체적으로 지배ㆍ결정할 수 있는 지위에 있는 자도 그 범위에 있어서는 사용자로 본다.""고 규정함으로써 실질적 지배력은 근로조건에 관하여만 판단될 수 있을 뿐이라고 밝히고 있기 때문이다. 현재 대부분의 하청 노동조합은 이른바 '산업안전 의제'를 중심으로 하여 동 의제에 대한 원청의 실질적 지배력이 있음을 주장하고 있다. 그러나 같은 산업안전 의제의 범주에 포함되는 의제 중에서도, 근로자의 근로조건에 관한 의제가 있을 수 있고, 근로자의 근로조건과는 관련이 없는 의제도 있을 수 있다. 같은 카테고리 내의 의제 중 근로조건에 관한 것과 근로조건과는 관련 없는 의제를 명확히 구분하지 않고, 단순히 '산업안전 의제'에 관해 원청에 실질적 지배력이 인정된다고 판단할 경우 개정 노동조합법 제2조 제2호의 명문 규정에 반하여 원청의 사용자성을 확장하는 문제가 발생할 수 있다. 노란봉투법의 개정 이후 우리의 노사관계는 과거에 경험하지 못하였던 새로운 차원으로 돌입하고 있으며, 아직 명확한 해석기준이 정립되지 않아 노측과 사측 모두 혼란에 빠져 는 상황이다. 이러한 상황에서 원청의 사용자성을 정밀한 법적 기초 없이 쉽사리 인정할 경우 이후의 단체교섭 과정에서도 노사 간의 의견 대립으로 인한 혼란이 가중될 것으로 예상된다. 노동위원회나 법원 등 관련 기관들이 원청의 사용자성을 정교한 법논리하에 신중하게 판단함으로써, 향후 예상되는 혼란을 최소화하는 데 기여해 주기를 바라본다.",ok,articles.csv
노란봉투법 / 노동조합법 개정,노란봉투법 시행 초기 노사 간 교섭 현황과 제도적 전환기 평가,노동조합법;원청사용자책임;노사관계;제도전환기;교섭권,http://www.worklaw.co.kr/view/view.asp?accessSite=Naver&accessMethod=Search&accessMenu=News&in_cate=102&in_cate2=0&gopage=1&bi_pidx=39221,노란봉투법 시행 후 교섭 상황에 대한 평가와 향후 과제,worklaw.co.kr,제도개선,중립적,안종기 고려대 노동문제연구소 연구교수,노란봉투법 시행 이후 노동계의 요구 분출과 경영계의 방어적 태도를 제도적 전환기라는 관점에서 객관적으로 분석하고 있습니다.,"- HOME > 법률 - 등록 : 2026-06-05 10:08:48 수정 : 2026-06-05 10:10:22 노란봉투법 시행 후 교섭 상황에 대한 평가와 향후 과제 2026-06-05 10:08:48 [2026년 6월호 vol.0] - 2,000원 [노동법률] 안종기 고려대 노동문제연구소 연구교수 1. 문제의식 : 노란봉투법은 왜 등장했는가 개정 노동조합법(노란봉투법)이 시행된 이후인 현 상황을 평가할 때 가장 먼저 생각해야 할 것은 이 법이 갑자기 등장한 제도가 아니라는 점이다. 우리나라 산업현장에서는 오래전부터 원청이 실질적으로 노동조건에 영향을 미치면서도 법적 사용자 책임은 하청업체에 한정되는 구조가 반복돼 왔다. 그 결과 하청·용역·위탁 노동자들의 교섭권은 사실상 유명무실한 형식에 그쳤고 이에 대한 개선 방안으로 노란봉투법이 제정된 것이다. 노란봉투법이 노동계의 요구를 대폭 수용한 법이라는 점은 틀림없는 사실이다. 그러기에 경영계의 우려와 보완 의견 역시 다른 각도의 이해로서 신중히 경청해야 한다. 그러나 노란봉투법의 제정 자체를 어느 한쪽의 이익을 편향적이고 일방적으로 들어줬다는 인식보다는 산업구조의 현실과 기존 노동법 체계 사이의 괴리를 보정하려는 시도로 이해할 필요가 있다. 이 법의 문제의식이 '원청 책임의 실질적 범위, 하청 노동자, 특수형태근로종사자의 기본적인 교섭권, 사용자 개념의 적실한 현실에의 적용'에 있다고 본다면 기존 노동법 체계 사각지대를 보완하려는 변화의 출발점으로 볼 수 있기 때문이다. 다만 여기서 중요한 점은 법 시행이 곧 안정적 노사관계 질서의 완성을 의미하지 않는다는 것이다. 새로운 교섭 질서가 형성되는 초기 국면인 현재, 현장 혼선과 갈등이 불가피하게 나타나고 있다. 2. 시행 후 교섭 상황 : '잠재된 요구' 분출과 '방어적 관망'의 교차 국면 노란봉투법 시행 직후 나타난 가장 뚜렷한 현상은 하청 노조들의 교섭 요구가 매우 빠르게 분출됐다는 점이다. 시행 첫날부터 하청 노조 407곳이 원청 사업장 221곳을 대상으로 교섭 요구를 하기 시작해 시행 후 한 달 기준으로 약 14만6000명의 조합원이 원청을 상대로 교섭을 요구한 것으로 집계됐다. 다만 원청의 대응은 아직 제한적이며 교섭 요구에 대한 공고 비율은 계속 낮은 수준에 있다. 이러한 현상의 이면에는 두 가지 합리적 메커니즘이 작동하고 있다. 노동의 입장에서는 '진짜 사장'이라고 생각되는 대상, 즉 실질적 지배력을 가진 주체를 상대로 교섭을 통해 노동권의 행사를 시도하는 것이 합리적인 선택임은 자명하다. 마찬가지로 경영(자본)의 입장에서는 사용자성 판단기준, 교섭의 범위 및 의제, 기존 하청업체와의 관계, 복수노조 구조 등 법적·경영상 불확실성이 해소되지 않은 혼란의 상황에서 섣부른 의사결정보다는 현상을 면밀히 모니터링 하면서 '주의 깊은 선택' 노력을 기울이는 것 역시 존중받아야 할 합리적인 행위다. 결국 현재의 국면은 '노동계 요구의 폭발'과 '경영계의 방어적 관망'이 팽팽히 대치하는 전형적인 제도적 전환기라 할 수 있다. 위 기사는 유료기사 입니다. 전문을 보기 위해서는 로그인 후 '기사구매'를 하셔야 전문을 보실 수 있습니다. 안종기 고려대 노동문제연구소 연구교수 특집 LIST - 1 금속노조 원청교섭 추진 현황과 과제 - 2 ‘모범 사용자’ 자임한 정부, 외려 원청교섭 회피하나 - 3 건설현장 안전과 시공품질을 위한 원청교섭 발걸음은 멈추지 않는다 - 4 투쟁이 열고 판결이 키운 판 : 노란봉투법 원년, 백면노조의 교섭 과제 - 5 노란봉투법 시행 후 교섭 상황에 대한 평가와 향후 과제 - 6 ‘모든 일하는 사람’을 위한 법, 실질적 보호 대책으로 답하라 - 7 근로자 추정제, 신중한 접근이 필요하다 - 8 일하는 사람 기본법과 기업의 대응 방안 - 9 근로자 추정제로 바뀔 근로자성 분쟁의 구조와 대응 방안 - 10 ‘노동자냐 아니냐’를 넘어, 해외 입법사례가 보여주는 길",ok,articles.csv
AI 반도체 초과이익 재분배 / 사회연대임금,반도체 초과이익을 AI 생태계 육성에 투자해야 한다는 제언,반도체;AI생태계;초과이익;지식서비스수지;산업경쟁력,https://zdnet.co.kr/view/?no=20260605110408,"[기고] 韓 반도체 슈퍼사이클, AI 생태계로 이어야 산다",zdnet.co.kr,기업성과_강조,중립적,산업 전문가 및 경제 분석가,반도체 호황으로 인한 초과이익을 단순 재분배하기보다 AI 소프트웨어 생태계 구축을 위한 투자 재원으로 활용해야 한다는 구조적 관점을 제시하고 있습니다.,"2026년 한국 경제의 가장 밝은 지표는 단연 반도체다. 고대역폭메모리(HBM)를 앞세운 메모리 슈퍼사이클은 삼성전자와 SK하이닉스의 실적을 사상 최고 수준으로 끌어올렸다. 초과세수가 거론되고 정치권에선 초과이익 공유가 다시 의제로 떠올랐다. 호황의 과실을 어떻게 나눌 것인가란 질문엔 위험한 사각지대가 있다. 거시경제 측면에서 보면 반도체 호황은 경상수지의 한쪽 면일 뿐이다. 반대편에선 조용하지만 구조적인 적자가 커지고 있다. 한국은행 통계에 따르면 작년 지식서비스 무역수지 적자는 약 102억 5000만 달러로, 전년보다 30% 가까이 확대됐다. 이는 역대 네 번째로 큰 규모다. 온라인 동영상 서비스(OTT), 인공지능(AI) 구독료 등이 적자의 주범이었다. AI 에이전트 시대가 본격화되기도 전에 이미 지능의 대가를 해외에 치르며 적자를 키워 온 셈이다. 멀티 에이전트 시대가 본격화되면 토큰 소비는 폭증한다. 단발성 질의응답이 아니라, 에이전트가 또 다른 에이전트를 호출하고 추론을 반복하며 일을 처리하는 구조로 넘어가기 때문이다. 한 번의 사용자 요청이 수십수백 번의 모델 호출로 증폭된다. 기존 소프트웨어 수입이 사용자 수에 비례해 선형으로 늘었다면 에이전트 경제의 토큰 소비는 에이전트가 에이전트를 부르며 복리로 증식한다. 더 결정적인 문제는 우리가 소비하는 토큰 대부분이 외산 모델과 외산 클라우드 위에서 발생한다는 점이다. 결제 통화는 달러이고 청구서 수취인은 해외 사업자다. 여기서 우리나라가 처한 비대칭 본질이 드러난다. 반도체는 한 번 팔면 끝나는 재고지만 AI 서비스는 매달 청구서가 날아오는 구독이다. 우리가 받은 대금은 일회성이고 우리가 치르는 비용은 영속적이다. 가치는 지금 그릇에서 내용물로, 하드웨어에서 그 위에 얹힌 지능으로 이동하는 중인데 우린 가장 무겁고 마진 얇은 층을 지키며 가장 가볍고 마진이 두꺼워질 층을 내주고 있다. 이 비대칭은 곧 악순환의 엔진이 된다. 이미 적자인 지식서비스수지가 토큰 소비 곡선을 따라 가파르게 확대되면 반도체 흑자가 떠받치던 경상수지의 균형은 흔들린다. 경상수지가 적자로 기울면 원화는 약세로 간다. 환율이 오르면 달러로 청구되는 AI 사용료의 원화 부담은 더 커진다. 부담이 커진 만큼 적자는 더 벌어지고 적자는 다시 환율을 밀어 올린다. 한번 돌기 시작하면 멈추기 어려운 순환이다. 반도체 흑자와 AI 서비스 적자는 별개 장부가 아니라 하나의 국제수지 안에서 상쇄되는 항목이다. 반도체로 아무리 많이 벌어도 그 돈이 토큰 청구서로 고스란히 빠져나간다면 국가 전체 부(富)는 늘지 않는다. 지금 초과이익·초과세수 논의는 부분균형의 시야에 갇혀 있다. 반도체란 한 부문 이익에만 초점을 맞추고 그 이익을 어떻게 거두어 어떻게 재분배할 것인가를 따진다. 국가 전체의 일반균형으로 시야를 넓히면 그림은 달라진다. 반도체가 벌어들인 흑자가 결국 AI 서비스 적자를 메우는 데 소진된다면 우리가 나누자고 다투는 초과이익은 회계상의 착시에 가깝다. 더 위험한 것은 시점 불일치다. 반도체 흑자는 사이클을 탄다. 슈퍼사이클은 언젠가 반드시 꺾이지만 토큰 적자는 구조적이다. 초과이익을 거둬 소비로 재분배하는 방식은 그 순간 분배 정의에 기여할지 몰라도 적자 구조 자체를 바꾸지는 못한다. 오히려 호황기에 마련해야 할 구조 전환의 골든타임을 흘려보내는 비용이 될 수 있다. 진짜 질문은 누가 얼마를 가져갈 것인가가 아니라 이 흑자를 어디에 심어야 다가오는 적자 구조를 끊어낼 것인가다. 미중 패권 경쟁은 본질적으로 AI 생태계 패권 경쟁으로 흘러가고 있다. 모델과 데이터, 칩, 그 위에서 굴러가는 소프트웨어와 에이전트 경제 전체가 전장이다. 이 경쟁에서 한국이 미국·중국에 이어 3대 강국 자리를 노린다면 메모리 반도체란 하드웨어 레버리지를 무기로 삼아야 한다. AI 인프라 병목이 메모리에 걸려 있는 한 우리나라는 협상 테이블에서 결코 작은 플레이어가 아니다. 다만 이 레버리지엔 유효기간이 있다. 메모리 우위는 영구 자산이 아니다. 중국의 추격과 아키텍처 변화 속에서 협상력은 점점 줄어들 수 있다. 한국은 하드웨어 분야에서 세계 최정상이지만 소프트웨어 존재감은 옅다. IDC의 2025년 추산에 따르면 국산 서비스형 소프트웨어(SaaS) 시장 규모는 약 2조 5500억원으로, 글로벌 시장의 0.35%(약 723조원)에 그친다. 세계 메모리 시장 점유율과 비교하면 거의 100배에 달하는 비대칭이다. 0.35%는 매출 규모가 아니라 표준의 부재다. 모델 컨텍스트 프로토콜(MCP)을 비롯한 에이전트 프로토콜, 플랫폼 계층, 데이터 인터페이스 계층을 누가 쥐느냐가 앞으로 수십 년의 지대를 결정한다. 표준을 쥔 자가 토큰 흐름을 설계하고 그 흐름 위에서 항구적인 임대료를 거둔다. 소프트웨어 경쟁력을 갖지 못하면 영원히 남이 설계한 토큰 경제 위에서 사용료만 치르는 순수입국으로 남는다. 하드웨어 레버리지를 소프트웨어 경쟁력을 키우는 지렛대로 전환해야 하는 이유다. 반도체에서 번 자본과 협상력을 AI 모델·플랫폼·SaaS·에이전트 생태계란 소프트웨어 자산으로 옮겨야 한다. 여기서 삼성전자와 SK하이닉스 역할을 다시 정의할 수 있다. 두 기업이 호황의 성과를 한국 AI 생태계에 기여하는 것이야말로 진정한 의미의 초과이익 공유라고 본다. 이때 공유는 세금으로 거둬 흩뿌리는...",ok,articles.csv
AI 반도체 초과이익 재분배 / 사회연대임금,삼성전자 성과급 합의에 따른 산업계 파장과 경영 원칙 훼손 우려,노사갈등;기업부담;경영환경;재분배;반도체,https://www.mk.co.kr/article/12060939,반도체 ‘잭팟’…행복의 나라?- 매경ECONOMY,mk.co.kr,노사갈등_구도,부정적,산업계 및 경제 전문가,삼성전자의 성과급 합의가 기업 내부 갈등을 심화시키고 제조업 전반의 장기 경쟁력과 임금 체계에 부정적인 영향을 미칠 수 있다는 우려를 중심으로 서술하고 있습니다.,"삼성전자 임금협상 잠정합의안이 최종 가결됐지만, 삼성은 물론 산업계와 우리 사회는 값비싼 청구서를 받아들게 됐다. 삼성 내부에서는 반도체와 비(非)반도체 간 대립과 반목이 극에 달했다. 노조와 노조, 직원과 주주 사이 균열도 한꺼번에 드러났다. 오늘날 삼성을 일군 성과주의 원칙과 사업부 간 견제와 균형 등 경영 원칙이 훼손됐다는 지적도 거세다. 재계 기준점 역할을 해온 삼성전자가 ‘영업이익 N% 성과급’을 받아들인 것을 산업계는 예사롭지 않은 시선으로 바라본다. 일각에서는 제조업 보상 체계 변곡점으로 기록될 가능성을 점친다. 노동 시장 전체 임금 기대 수준을 올릴 수 있단 우려도 나온다. 천문학적인 반도체 이익 분배 방식을 두고 사회 각계는 논쟁이 가열된다. 기록적인 호황의 과실이 일부 산업과 직군에 집중되지만, 고환율·고금리·고물가 부담은 국민 경제 전체가 짊어져서다. 삼성 성과급 갈등이 쏘아올린 청구서 내역을 들여다본다. AI 호황 덮친 ‘성과급의 난’ “내 몫부터”…분배 갈등 시대 1인당 6억~7억원에 달하는 삼성전자 반도체 부문(DS) 성과급 파장이 산업계는 물론 우리 사회를 흔들고 있다. 영업이익 일정 비율을 성과급으로 나눠주기 시작한 것은 SK하이닉스였지만, 재계 ‘룰 세터(설계자)’ 역할을 해오던 삼성전자마저 ‘영업이익 N% 성과급’을 받아들인 파장은 전 산업계를 집어삼킬 조짐이다. 반도체 초호황에 따른 천문학적인 이익의 분배 방식과 크기에 대한 논쟁은 사회 각계로 확산하고 있다. 삼성과 노조의 성과급 합의안은 파업 못지않은 값비싼 청구서를 한국 사회에 요구할 것으로 전문가들은 진단한다. 지난 5월 27일 삼성전자 임금협상 잠정합의안이 최종 가결됐다. 이번 합의안은 반도체 부문에 영업이익 10.5%를 재원으로 하는 특별경영성과급을 신설하고 기존 OPI(초과이익성과급) 재원도 EVA(경제적 부가가치)에서 영업이익 10%로 바꾸는 내용을 담았다. 올해 삼성전자 영업이익을 300조원으로 가정하면 메모리사업부 직원은 특별경영성과급과 OPI를 합쳐 최대 6억원 안팎을 받는다. DX 부문은 600만원 상당 자사주에 그칠 가능성이 높다. 잠정 합의안을 두고는 내부 균열을 확인한 결과에 가깝다는 시각이 많다. 삼성전자 노조 공동교섭본부에 따르면, 찬반투표 결과 전체 찬성률은 73.7%에 달했지만, 반도체 DS 부문과 완제품 DX 부문 표심은 정반대로 갈렸다. 반도체 조합원이 다수인 초기업노조에서는 찬성률이 80.6%에 달한 반면, DX 부문 비중이 높은 전국삼성전자노동조합(전삼노) 찬성률은 21.1%에 그쳤다. DX 부문 중심 동행노조가 별도로 진행한 자체 투표에서도 반대 8909표, 찬성 47표가 나온 것으로 알려졌다. 이번 갈등은 오늘날 삼성을 일군 ‘삼성 DNA’의 균열을 드러냈다. 과거 삼성은 무노조 경영, 철저한 성과주의, 사업부 간 경쟁과 협업 체계를 통해 고도 성장을 일궜고, 산업계 표준적인 성장 공식으로 자리 잡았다는 게 대체적인 평가다. 성과급 합의 과정에서 반도체·비(非)반도체 부문 간 갈등이 극에 달해 훼손된 조직문화를 단기간 재건하기 쉽지 않을 것이란 우려가 팽배하다. 특히, 삼성전자는 종합반도체 기업으로 DX 부문 등 완제품 사업에서 창출되는 현금흐름이 반도체 불황기 설비투자 재원이 됐다는 데 이견이 없다. 이는 반도체 부문이 벌어들일 천문학적 영업이익이 반도체사업부 직원만의 성과로 볼 수 있는지에 대한 논란으로 확산한다. 서로 현금흐름 사이클이 다른 이종(異種) 산업 간 결합으로 상당한 시너지를 누린 삼성전자였기에 이번 노노(勞勞) 갈등이 큰 충격과 후유증을 남길 것이란 우려가 나온다. 삼성 성과급 갈등은 대기업 전반의 보상 기준 논의로 확산하는 분위기다. 소수 초호황 기업의 막대한 성과급은 공정성 논쟁과 사회적 비교 심리를 자극하고 노동 시장 전체 임금 기대 수준을 끌어올릴 가능성이 있다. 임금 기대 상승이 기업 비용 부담을 키우고 비용 증가가 다시 물가 상승 압력으로 번지는 ‘임금·물가 상승 악순환’ 우려가 나오는 배경이다. 비(非)반도체 업종 종사자의 박탈감 등 통계에 드러나지 않는 부정적 외부효과도 상당할 전망이다. 익명을 원한 경제연구소 연구원은 “성과급은 기업별 업황, 이익 구조, 자본집약도, 투자 사이클을 반영하는 매우 특수한 보상”이라며 “초호황 기업 사례가 반복 노출되면, 예외적 성과급이 전체 노동 시장의 정상 보상 기준처럼 받아들여지는 현상이 확산하면서 노동 시장 전체 기대 수준이 왜곡될 수 있다”고 우려했다. 미래 재원, 현재 보상으로 지급 제조업 장기 경쟁력 훼손 우려 특히, 한국처럼 제조업 기반 국가에서 영업이익 연동 성과급이 산업계 전반으로 확산할 경우, 단기 보상과 장기 경쟁력 간 긴장이 커질 수밖에 없다. 호황기마다 영업이익 고정 비율이 성과급 재원으로 먼저 빠져나가면 내부 유보와 투자 재원으로 남을 몫이 그만큼 줄어든다. 미래 투자 여력을 현재 보상으로 앞당겨 쓰는 우를 범할 수 있다는 우려가 나오는 이유다. 오지윤 명지대 경상통계학부 교수는 “반도체는 첨단공정에서 먼저 생산량을 확보한 기업이 학습 곡선을 타고 비용 우위를 잡는다”며 “선도투자를 놓치면 구조적 경쟁력 상실로 이어질 수 있다”고 지적했다. ‘초귀족 노조’ 출현을 우려하는 목소리도 높다. 고임금 노동자라는 이유로 단체교섭권과 정당한 성과 공유 요구가...",ok,articles.csv
AI 반도체 초과이익 재분배 / 사회연대임금,정부의 사회연대임금 도입 제안에 대한 경영계의 우려와 논쟁,사회연대임금;초과이익공유;경영자율성;생산적재투자;경제민주화,https://www.mt.co.kr/economy/2026/06/01/2026053122382850693,"불황에 쓸 비상금인데 ""초과이익 나누자""…불붙은 '사회연대임금' 논쟁 - 머니투데이",mt.co.kr,시장경제_원칙,중립적,경영계 및 경제 전문가,정부의 사회연대임금 제안에 대해 경영계의 우려와 시장경제 원칙을 강조하는 반론을 균형 있게 다루고 있습니다.,"반도체가 쏘아올린 사회연대임금 논란(上) 김영훈 고용노동부 장관이 띄운 기업의 초과이익에 대한 '한국형 사회연대 임금' 논란이 확산한다. 기업의 사회적 역할과 협력사와의 상생, 동반성장 등을 강조하는 취지지만 기업의 경영상 이익에 대해 정부가 사회적 대화로 논의하자는 것 자체가 문제라는 지적이다. 시장경제의 핵심인 사유재산권과 경영 자율성을 근본적으로 훼손할 수 있다는 점에서다. 정부 내부에서도 기업의 이익을 어떻게 사용할 지에 대한 이견이 감지된다. 사회연대임금은 지난 27일 김 장관이 기자간담회에서 ""대기업의 초과이익을 어떻게 재분배 할 것인지 논의하는 '한국형 사회연대 임금'의 가능성을 모색해야 한다""고 밝히며 처음 화두를 던졌다. 김 장관의 발언은 기업의 이익은 기업만의 노력으로 이뤄낸 성과가 아닌, 주주의 자본적 기여와 노동자의 노동력 제공, 정부의 사회적 인프라 구축 등이 복합적으로 작용한 결과인데 이를 정규직 노동자만 성과급으로 가져가는 것이 옳으냐는 지적이다. 김 장관의 취지는 막대한 초과이익을 정규직만 가져갈 게 아니라 비정규직과 협력사, 지역사회 등과 상생할 수 있는 방안을 모색하자는 것이었다. 정부가 특정 방향을 강제하진 않겠다고도 덧붙였다. 그러나 경영계에서는 경영상 판단에 해당하는 잉여이익의 활용에 대해 정부가 나서서 논의해 보자고 하는 것 자체가 부담이라고 토로한다. 무엇보다 정부가 말하는 초과이익이 무엇인지에 대한 정의도 모호하다. 김 장관은 ""세금, 재무비용, 판관비, 감가상각비 등을 다 떼고도 남은 이익""이라고 설명했다. 회계적으로 보면 임의적립금이 초과이익과 유사한 형태로 보인다. 임의적립금이란 투자 등 미래의 특정 목적을 위해 이익금 중 일부를 사내 유보금으로 남겨놓은 일종의 비상금이다. 삼성전자를 비롯해 국내 주요 상장사들은 이익의 80~90% 이상을 임의적립금으로 적립해 놓고 있다. 임의적립금 규모가 과도하다는 지적도 일부 있지만 미래 불확실성에 대비한 자금인 만큼 이를 온전한 초과이익으로 보기도 어렵다. 황인태 중앙대 명예교수는 ""삼성전자 영업이익이 300조원이라고 해도 미래 투자에 100조원을 쓸지, 200조원을 쓸지는 알 수 없는 것""이라며 ""초과이익을 정의하는 것 자체가 쉽지 않다""고 지적했다. 반면 경제계는 기업 이익은 위험을 감수하고 자본을 투자한 주주와 경영 성과를 낸 기업의 몫이라고 주장한다. 국가 인프라 지원을 받았다고 해서 초과 이윤을 공공의 것으로 보는 논리는 세금을 내고 정당한 대가를 지불하면서 인프라를 이용하는 기업에 대한 이중 과세라는 비판이다. 이 같은 분배 압박이 지속될 경우 기업은 공격적인 투자보다 정부의 눈치를 보는 소극적인 경영 행태를 보일 수밖에 없다는 지적도 나온다. 반도체는 호황기에 벌어들인 초과이윤을 불황기에 대비한 연구·개발(R&D)과 천문학적인 설비 투자에 쏟아부어야 생존할 수 있는 대표적인 사이클 산업이다. 정부 기조에 맞춰 이윤을 임의로 쪼개기 시작하면 미래를 위한 투자는 뒷전으로 밀릴 수밖에 없다. 독자들의 PICK! 정부 안에서 기업 이익의 사회적 재분배보다 미래 성장을 위한 투자에 집중하는 것이 바람직하다는 다른 의견이 나온다. 김정관 산업통상부 장관은 지난 29일 소셜미디어(SNS)를 통해 ""기업 이익 활용의 최우선 원칙은 '생산적 재투자'여야 한다""며 ""투자와 혁신의 속도가 주춤하는 순간 미래의 주도권은 다른 나라의 몫이 될 것""이라고 밝혔다. 노동부는 한국형 사회연대 임금 논의를 위해 오는 1일 토론회를 열 예정이었으나 다양한 의견 수렴을 위해 일정을 연기했다. 정부가 화두로 던진 '한국형 사회연대 임금'은 오래 전부터 이어져 왔던 논쟁 거리였다. 대한민국 헌법에 담긴 경제민주화에서 이익공유의 개념을 찾기도 하고 보수 정부의 총리를 지냈던 정운찬 전 국무총리도 '초과이익공유'를 주장하기도 했다. 스웨덴에서는 1950년대부터 사회연대임금을 도입했다. 핵심은 지속가능한 자본주의를 위해 대기업, 중소기업, 지역사회가 동반성장하는 상생 모델을 모색해야 한다는 것이다. 하지만 한국의 노동시장 구조와 글로벌 산업 경쟁력 등을 감안하면 한국형 사회연대 임금을 적용하기엔 현실적으로 쉽지 않다는 지적도 있다. 김영훈 고용노동부 장관이 언급한 한국형 사회연대 임금은 기업이 예상을 뛰어넘는 막대한 이익을 거뒀을 때 이를 사회적으로 어떻게 재분배할지를 모색해야 한다는 것이다. 직접 노동력을 제공한 노동자뿐 아니라 비정규직과 협력사, 자본적 기여를 한 주주, 지역사회까지도 고려해야 한다는 취지다. ◆ 기업의 이익을 공유? 지속적 논쟁거리 기업의 이익을 여러 주체와 공유해야 한다는 개념은 지속적인 논쟁 거리였다. 기업의 이익이 온전히 기업의 노력만으로 이뤄낸 게 아닌 만큼 기업도 일정 부분 사회적 역할을 해야 한다는 것이다. 물론 기업도 이익에 대한 세금을 내고 전기 등 각종 인프라 이용을 위한 공공요금을 납부한다. 하지만 산업 육성을 위한 정부의 각종 지원 정책과 외교적 노력, 기업이 안정적으로 경영할 수 있도록 하는 민주주의 시스템과 사회 치안 등 무형의 가치도 기업의 성과에 함께 고려할 요소다. 이익 공유 근거를 헌법에서 찾는 시각도 있다. 대한민국 헌법 119조에는 '경제민주화' 개념이 명시돼 있다. 국가는 균형있는 국민경제의 성장과 적정한 소득 분배를 유지할 의무가 있고 경제의 민주화를...",ok,articles.csv
AI 반도체 초과이익 재분배 / 사회연대임금,AI 반도체 기업의 초과이익 재분배 논의와 시장경제 원칙 간의 갈등,재분배;시장경제;사회적대화;노동격차;갈등,https://www.yna.co.kr/view/AKR20260529127000530?input=1195m,AI발 '초과이익' 재분배론 부상…시장경제 원칙 훼손 지적도 | 연합뉴스,yna.co.kr,갈등_구도,중립적,고용노동부 및 경제 전문가,정부의 초과이익 재분배 추진 방침과 이에 대한 시장경제 원칙 훼손 우려를 균형 있게 다루며 논의의 난제를 조명하고 있습니다.,"노동장관 ""사회적 대화 필요""…협력업체 이익공유 등 제도화 필요성 초과이익 기준·사회적 분배 범위 등 난제 산적 이미지 확대 노동현안 관련 발언하는 김영훈 노동부 장관 (세종=연합뉴스) 김주성 기자 = 김영훈 고용노동부 장관이 지난 27일 정부세종청사 고용노동부 기자실에서 열린 출입기자단 차담회에서 국민주권정부 1년간 이룬 성과와 삼성전자 노사문제 등 노동 현안에 대해 발언하고 있다. 2026.5.27 utzza@yna.co.kr (서울=연합뉴스) 한혜원 옥성구 기자 = 인공지능(AI) 특수로 삼성전자와 SK하이닉스 등 반도체 기업의 수익이 급증하면서 초과이익을 노동자 간 격차 해소와 원하청 상생 등을 위해 재분배해야 한다는 주장이 힘을 얻고 있다. 고용노동부는 사회적 대화를 통해 재분배 문제를 공론화하겠다는 방침이지만, 시장경제 원칙 훼손을 우려하는 논란도 적지 않다. 초과이익 기준부터 사회적 분배의 범위까지 논의 초기단계부터 난제가 산적했다는 평가가 나온다. ◇ 노동장관, ""대기업 이익 만드는데 기여한 이해관계자와 나눠야"" 31일 정부 부처 등에 따르면 노동부는 조만간 '한국형 사회연대임금정책 가능성 모색에 관한 긴급토론회'를 개최할 예정이다. 김영훈 노동부 장관은 지난 27일 출입기자단 차담회에서 ""대기업의 초과이익을 어떻게 사회적 분배할 것인가에 대한 유일한 해법은 사회적 대화밖에 없다""며 화두를 던졌다. 김용범 청와대 정책실장이 지난 12일 사회관계망서비스(SNS)에 올린 글에서 ""인공지능(AI) 인프라 시대의 과실은 특정 기업만이 끌어낸 결과가 아니다""라며 이를 국민에 환원하기 위한 '국민배당금제'를 제안한 이후 2주만이다. AI 시대 속 일부 기업에 집중된 막대한 초과이익을 어느 이해당사자까지, 어떤 방식으로 배분할 것인지 등이 주요 논의 대상이다. 김 장관의 발언은 대기업 초과이익을 국민배당 방식 등으로 나누겠다는 것이 아닌, 기존 성과인센티브가 정규직 중심인 만큼 협력업체나 하청에도 초과이익이 나눠질 수 있도록 재분배 필요성을 제기한 것으로 풀이된다. 지난 29일 연합뉴스와 만난 김 장관은 ""'이해관계자 자본주의'에 따라 대기업의 대규모 이익을 만드는데 기여한 이해관계자와 나눠야 한다""고 말했다. 이미지 확대 삼성전자 임협 잠정합의안 노조투표 찬성률 73.7%로 가결 (수원=연합뉴스) 홍기원 기자 = 경기도 수원시 삼성전자 본사 모습. 2026.5.27 xanadu@yna.co.kr ◇ 초과이익 정의부터 모호…""현실 측정 어려워"" 문제는 출발선이라고 할 수 있는 '초과이익' 정의부터 난제라는 점이다. 경제학 관점에서 초과이익은 정상 이익을 넘어서 얻은 모든 이익을 뜻한다. 김 장관은 초과이익을 세금, 이자 비용, 감가상각비, 판매·관리비 등을 빼고 남은 이익으로 규정했다. 그런데 기업은 이미 세금 납부와 고용 창출 등으로 사회적 역할을 하는 만큼, 초과이익 범위를 어디까지로 보고 분배의 몫으로 정할지부터 불명확하다. 한국경제연구원은 과거 보고서에서 ""경제학에는 정상이익은 존재하지만, 초과이익은 현실적으로 측정하기 어려운 개념""이라고 밝힌 바 있다. 송헌재 서울시립대 경제학과 교수는 ""기대조차 할 수 없던 막대한 이익을 얻었다고 해서 목표이익을 넘어선 모든 이윤을 기업의 초과이익으로 보고 분배의 몫으로 규정할 수는 없다""고 말했다. 아울러 AI나 반도체처럼 업황 사이클에 따른 일시적 어닝 서프라이즈 등이 발생하는 변동성이 큰 업종에서는 특정 시기의 고수익만으로 초과이익을 판단하기 어렵다는 지적이 뒤따른다. ◇ 사회적 분배 범위는 어디까지 그다음 난제는 사회적 분배의 적절성이다. 올해 300조원 안팎으로 예상되는 삼성전자의 영업이익에는 기업의 기술력과 경영전략 외에도 세제 혜택 및 보조금, 공공 인프라 구축, 수많은 협력사 생태계 등이 뒷받침됐다. 김 장관은 ""오늘날 삼성전자 성공은 노사의 헌신적 노력에 모든 국가와 지역사회의 지원이 더해진 결과""라며 ""재분배도 사회적으로 이뤄져야 한다""고 말했다. 국가 공동체와 사회 인프라가 제공한 유무형의 '사회적 지원'이 밑바탕이 된 만큼 상생을 위한 재분배가 필요하다는 논리다. 그러나 삼성전자의 1차 협력사만 약 1천곳이고, 2·3차 협력사와 연계한 소재·부품·장비 업체들을 더하면 수천곳에 달하는 만큼 어떤 이해당사자까지 분배 대상에 포함할지 결정이 쉽지 않다. 기준이 마련된다고 해도 또 다른 반발이 불가피하다. 송 교수는 ""삼성전자는 해외에도 협력업체가 다수인데, 이들도 분배 대상에 포함하긴 힘들다""며 ""분배 논의를 기업이 알아서 해야지 국가가 나서면 안 된다""고 했다. 이미지 확대 손 맞잡은 노사정 (수원=연합뉴스) 홍기원 기자 = 지난 20일 경기도 수원시 장안구 경기고용노동청에서 열린 삼성전자 임금협상을 마친 후 여명구 삼성전자 DS(디바이스솔루션·반도체 사업 담당) 피플팀장과 최승호 삼성그룹 초기업노동조합 삼성전자지부 위원장이 잠정 합의안에 서명한 후 김영훈 고용노동부 장관과 손을 맞잡고 있다. 2026.5.20 [공동취재] xanadu@yna.co.kr ◇ 경영 자율성 등 침해…논의 필요성 제언도 근본적인 문제는 정부가 나서 기업의 초과이익에 대해 사회적 분배를 언급하는 것 자체가 시장경제 원칙과 충돌한다는 점이다. 초과이익의 사회적 재분배가 시장경제 핵심인 사유재산권과 경영 자율성 등을 훼손할 수...",ok,articles.csv
AI 반도체 초과이익 재분배 / 사회연대임금,기업 초과이익의 노조 배분 요구와 경영권 및 재투자 논란,기업부담;시장경제;노사갈등;재분배;반도체,https://www.segye.com/newsView/20260531508041?OutUrl=naver,초과이익 분배 논란 확산에… 기업 투자 경쟁력 약화 위기감 [뉴스 투데이],segye.com,기업부담_우려,중립적,한국경영자총협회 및 산업통상부,기업의 초과이익 배분 요구에 대해 경영계의 우려와 정부 부처 간의 입장 차이를 균형 있게 다루며 시장 원칙과 재투자의 중요성을 강조하고 있습니다.,"노조들 요구에 “주주 권리 침해” “성과급, 현금보다 주식” 권고도 김정관 “생산적 재투자에 쓸 시기” 김영훈 “원청에만 이익 배분 문제” 사회적 재분배 놓고 부처간 엇박자 일각 “투자자 고려 국제기준 검토” 한국경영자총협회(경총)가 잇따른 노동조합의 기업 이익 배분 요구와 관련한 문제점을 지적하고, 김정관 산업통상부 장관이 ‘초과이익의 재투자’ 필요성을 언급한 것은 글로벌 시장 주도권 및 기술 경쟁이 격화하는 상황에서 투자 여력 등 국내 기업들의 경쟁력 약화를 막아야 한다는 위기감과 무관치 않아 보인다. 주요 대기업 노조의 ‘영업이익 N% 성과급 제도화’ 요구나 사회적 재분배 논란 차단과 함께 기업의 초과이윤을 미래 기술 선점 등 경쟁력 강화를 위해 써야 한다는 공감대에 따른 것으로 풀이된다. ◆경영계 권고와 산업부 장관의 호소 경총은 31일 회원사에 전달한 경영계 특별권고를 통해 노조의 영업이익 직접 배분 요구가 고유한 경영 판단이자 주주 권리를 침해하는 행위임을 명확히 했다. 최근 주요 대기업 노조가 성과급 산정 기준을 단체협약에 명문화하려는 움직임에 제동을 건 것이다. 앞서 SK하이닉스의 거액 성과급에 자극받은 삼성전자 노조가 ‘총파업 카드’로 사실상 ‘영업이익 연동형’ 보상 체계를 이끌어낸 후 자동차·조선·정보통신기술(ICT) 대기업 노조를 중심으로 ‘영업익 N%’ 성과급 요구가 확산하고 있다. 너도나도 “성과급 기준을 삼성전자와 SK하이닉스와 같게 해 달라”며 목소리를 높이고 있다. 이와 관련, 경총은 기업 이익의 배분 기준을 제도화하는 것은 기업의 고유한 경영 판단에 해당해 단체교섭 대상이 될 수 없다고 못 박았다. 노조법상 의무적 단체교섭 대상은 임금·근로시간·복지·해고 등 근로조건에 한정되는데, 이익 배분은 임금도 복지도 아니라는 논리다. 경총은 노조의 이익 배분 요구가 처음 제기된 시점부터 단체교섭 대상이 아님을 분명히 밝혀야 한다고 회원사들에 주문했다. 아울러 노조가 영업이익 등을 미리 나눠주도록 요구하는 건 자본시장 원칙과 국제 표준에도 맞지 않는다고 지적했다. 기업의 이익에는 주주를 비롯한 투자자의 자본 기여분이 포함된 만큼 주주 권리를 제약하는 결과로 이어질 수 있다는 것이다. 경총은 해외 글로벌 기업에서도 이익의 일정 비율을 근로자에게 배분하기로 사전 약정하는 제도를 두는 경우는 찾아보기 어렵다고 덧붙였다. 그러면서 성과급 제도 운영 원칙을 제시했다. 성과급은 단기 실적에 매몰되지 않고 중장기 투자계획과 기업 유동성 등을 종합적으로 고려해 결정하되, 근로자 생산성 향상과 기업 성과 창출을 유인하는 보상 수단으로 활용해야 한다는 것이다. 경총은 단기적 현금 위주 보상보다 조건부 주식보상 등 회사와 근로자 이익을 중장기적으로 일치시키는 방향이 바람직하다고 권고했다. 경총 관계자는 “기업 이익의 활용 방안은 노조와의 교섭이 아닌 경영 판단에 따라 결정·운영돼야 한다”며 “이번 권고를 토대로 회원사들이 원칙에 입각해 대응해 줄 것을 당부한다”고 말했다. 김정관 장관이 삼성전자 초과이익에 대해 노조 성과금 배분보다 ‘생산적 재투자’가 필요하다고 호소한 것도 비슷한 맥락이다. 그는 지난 29일 페이스북에 “지금은 대한민국 대도약을 위한 투자 골든타임”이라며 “인공지능(AI) 호황을 전략적으로 활용해 대한민국의 산업 대도약의 성장 엔진을 확보해야 한다”고 강조했다. 앞서 김영훈 고용노동부 장관이 대기업의 초과이익을 사회적으로 재분배해야 한다고 불을 지피자 산업부 장관이 진화에 나선 모양새다. 김영훈 장관은 27일 출입기자 간담회에서 “삼성전자 노사 성과급 합의를 계기로 기업의 초과이익에 대한 사회적 재분배 방안을 논의하는 토론회를 개최하겠다”면서 “오늘날 삼성전자의 성공은 해당 노사의 헌신적 노력에 더해 국가, 지역, 사회의 노력이 합쳐진 것”이라며 사회적 재분배 방안에 대한 각계 전문가들의 지혜를 모아달라고 요청했다. 하지만 김정관 장관은 “AI 시대의 승부는 압도적인 속도와 규모에서 갈린다. 단 한 번의 투자 실기조차 산업 생태계를 붕괴시키고, 우리 기업들을 회복하기 어려운 패자의 길로 내몰 수 있다”며 “기업 이익 활용의 최우선 원칙은 ‘생산적 재투자’여야 한다”고 김영훈 장관과 결이 다른 목소리를 냈다. 조동근 명지대 경제학과 명예교수는 “(상장기업의 초과이익을 어떻게 배분할지는) 상법에 따라 주총에서 결정하면 되고, 주주의 판단에 따라 재투자가 필요하면 그렇게 결정하는 것이 시장 원리”라고 말했다. ◆초과이익 공유 논란 이어질 듯 그럼에도 초과이익 배분을 둘러싼 찬반 논란은 쉽게 가라앉지 않을 전망이다. 삼성전자와 SK하이닉스 구성원들이 막대한 성과급을 받는 것과 관련해 정부 지원과 공공 인프라의 혜택을 본 기업들의 엄청난 이익을 해당 기업 임직원들의 주머니에만 몰아주는 것에 대한 문제의식이 작지 않아서다. 김영훈 장관도 “초과이익의 공유가 원청 정규직에만 한정되는 게 옳은 것인지, 원·하청 동반성장의 길은 없는 것인지가 저의 문제의식”이라고 했다. 김성희 고려대 노동대학원 교수 역시 “(삼성전자와 SK하이닉스의 막대한 이익은 반도체 산업 발전에) 전력망 등 많은 국가 자원이 한곳에 쏠린 (덕도 본) 만큼 사회적 재투자 관점에서 하청 업체 및 노동자에게도 (초과이익이) 배분돼야 한다”고 했다. 다만 정부 의도가 불분명하다는 지적도 나온다....",ok,articles.csv
AI 반도체 초과이익 재분배 / 사회연대임금,반도체 초과이윤의 사회적 재분배 및 사회연대임금 도입 논란,사회연대임금;초과이익공유제;반도체공공재론;정부개입논란;반도체,https://www.newsis.com/view/NISX20260530_0003650331,노동장관이 띄운 '초과이윤' 배분 논란…사회적 대화로 풀릴까,newsis.com,사회적대화_필요,중립적,고용노동부 장관,정부의 초과이윤 재분배 제안에 대한 찬반 논란과 정부 부처 간의 시각차를 객관적으로 전달하고 있습니다.,"노동장관이 띄운 '초과이윤' 배분 논란…사회적 대화로 풀릴까 김영훈 노동장관, 삼성전자 합의 후 '사회연대임금' 토론 제안 '초과이윤 사회적 재분배'…'반도체는 공공재' 발언 두고 논란 야권 ""거위 배 가르기"" 강력 비판…산업장관도 ""재투자 우선"" 靑은 공론화 필요성 언급…노동부, 내달 1일 토론회 잠정 연기 전문가들 ""논의 자체는 필요하지만 정부 역할·표현 신중해야"" [서울=뉴시스] 고홍주 기자 = 삼성전자 노사 갈등에서 출발한 '초과이윤' 배분을 둘러싼 논란이 확산하고 있다. 김영훈 고용노동부 장관이 반도체를 '공공재'로 표현하며 한국형 사회연대임금 논의를 제안한 데 대해 야권을 중심으로 '거위 배 가르기'라며 반발하고 있고, 여기에 김정관 산업통상부 장관도 ""반도체 산업의 이윤은 미래를 위한 생산적 재투자로 연결해야 한다""고 반박하면서 정부 내 시각차도 불거지는 모습이다. 31일 고용노동부에 따르면 정부는 내달 가칭 '한국형 사회연대임금 정책 가능성 모색에 관한 토론회'를 개최할 예정이다. ""반도체는 공공재""…靑은 공론화, 야권은 반발 또 개별 기업 노사 합의에 정부가 지나치게 개입한 것 아니냐는 지적에 대해서도 ""삼성전자는 사기업이지만 인공지능(AI) 시대를 살아가는 우리에게 반도체는 이미 공공재가 됐다""고 했다. 이어 ""삼성전자에 투여된 자본 속에는 세금이 있고, 국민 10명 중 1명이 주주일 정도로 국민기업이며 전력과 용수도 투입이 됐다""며 ""정부가 마땅히 주요 사업장에 대한 중재 노력을 기울였어야 한다고 생각한다""고 강조했다. 이 같은 발언이 보도되자 곧장 논란이 이어졌다. 특히 야권은 정부가 기업 이익 배분에 개입하려는 것 아니냐며 '거위 배 가르기'라고 비판하고 나섰다. 송언석 국민의힘 원내대표는 29일 기자간담회에서 ""경쟁국들은 정부와 기업이 한 몸이 돼 최첨단 산업의 연구개발과 시설 투자를 위한 금융·세제·재정 지원 등에 올인하는데, 이 정부는 철 지난 낡은 이념에 사로잡혀 거위의 배를 가르겠다고 팔을 걷어붙이고 있는 꼴""이라고 했다. 청와대는 김 장관 발언에 대해 당장 선을 긋기보다 공론화 필요성에 동의하는 입장을 냈다. 강유정 청와대 수석대변인은 28일 브리핑에서 ""다양한 사회적 문제점, 그리고 앞으로 논의돼야 할 사회적 과제들이 제기된 만큼 우리 사회가 터놓고 논의해 봐야 할 문제라고 노동장관이 언급한 것 같다""면서 ""향후 토론회를 통해 다양한 공론화의 기회가 있었으면 좋겠다""고 밝혔다. 반면 산업정책을 담당하는 김정관 산업통상부 장관은 다른 결의 메시지를 냈다. 김 장관은 29일 자신의 페이스북에 ""지금은 대한민국 대도약을 위한 투자 골든타임""이라며 ""지금은 반도체 산업이 만들어내는 이윤을 미래를 위한 생산적 재투자로 연결해야 하는 절체 절명의 시간으로, 인공지능(AI) 호황을 전략적으로 활용해 대한민국의 산업 대도약의 성장 엔진을 확보해야 한다""고 강조했다. 노동부는 당초 6월 1일로 예정됐던 토론회를 잠정 연기한 상태다. 노동부는 ""보다 다양한 의견 수렴을 위해 개최 일정 등을 다시 조율 중""이라고 설명했으나, 사실상 6·3 지방선거를 앞두고 추가적인 논란 확산을 피하기 위한 것 아니냐는 해석이 제기된다. 여기에 내달 1~12일 스위스 제네바에서 열리는 국제노동기구(ILO) 총회 일정까지 겹치면서 토론회 개최는 6월 중순 이후로 밀릴 가능성도 거론된다. 과거 초과이익공유제 논란 재소환…초과세수 논란과도 겹쳐 당시에도 재계는 물론 정부 내부에서도 반대와 회의론이 거셌다. 초과이익의 기준이 불명확하고, 기업 이익을 사실상 외부에서 배분하려는 것 아니냐는 비판이 제기됐기 때문이다. 고(故) 이건희 삼성그룹 회장도 ""어릴 때부터 기업가 집안에서 자랐고 경제학 공부를 해왔으나 이익공유제라는 말은 들어보지도 못했고 이해도 안 가고 도무지 무슨 말인지를 모르겠다""며 ""도대체 누가 만들어낸 말인지, 사회주의 국가에서 쓰는 말인지, 자본주의 국가에서 쓰는 말인지, 공산주의 국가에서 쓰는 말인지 모르겠다""고 강하게 비판한 바 있다. 이후 '협력이익배분제'로 명칭이 완화됐으나, 법 제정을 통한 배분 방식 제도화보다는 기업 간 자율 약정과 정부 인센티브를 통한 확산 방식으로 흡수됐다. 이번 논란도 당시와 닮았다는 평가가 나온다. 김 장관이 '초과이익의 사회적 재분배', '반도체는 공공재', '한국형 사회연대임금'이라는 표현을 쓴 것도 논란을 키우는 촉매제가 됐다 여기에 김용범 대통령실 정책실장의 'AI 국민배당' 발언 논란도 다시 언급되고 있다. 김 실장은 11일 자신의 페이스북에 ""AI인프라 시대의 과실 일부는 전 국민에게 구조적으로 환원돼야 한다""는 글을 올렸다. 이를 두고 AI·반도체 호황으로 발생한 기업의 초과이윤을 정부가 국민에게 배당하려는 것 아니냐는 해석이 나왔다. 논란이 되자 이재명 대통령은 직접 13일 엑스(X·옛 트위터)에 ""김 실장이 한 말은 'AI 부문 초과이윤으로 발생하는 국가의 초과세수를 국민배당하는 방안 검토'였다""고 반박한 바 있다. 김 장관의 발언은 김 실장의 AI 국민배당 논란과 달리 국가 초과세수 활용이 아니라 협력업체나 비정규직 등 노동시장 내 배분 문제에 초점이 맞춰져 있다. 다만 두 논의 모두 AI·반도체 시대 초과성과의 사회적 환원을 언급한 만큼, 기업 이익을 정부가 환수·배분하려는 것 아니냐는 해석으로 이어지고...",ok,articles.csv
호황의 이면 / 청년 체감경기 괴리,청년층 가구 소득 감소 및 고용 부진 현상 분석,청년고용;체감경기;소득양극화;산업구조변화;반도체호황,https://www.hankyung.com/article/202605319247i,코로나 이후 5년 만의 '충격'…왜 2030세대만 소득 줄었나 [김익환의 부처 핸즈업],hankyung.com,청년고용_불안,부정적,청년층 가구,전체 가구 소득은 증가하는 반면 청년층만 소득이 감소하는 현상을 통계 자료를 통해 분석하며 구조적 고용 불안을 지적하고 있습니다.,"코로나 이후 5년 만의 '충격'…왜 2030세대만 소득 줄었나 [김익환의 부처 핸즈업] 코로나 이후 5년 만의 청년 소득 감소 청년층 근로·재산소득 나란히 줄어 청년층 근로·재산소득 나란히 줄어 “채용 공고를 내도 지원자가 거의 없다…2030세대는 씨가 말랐다.” 방송인 장동민은 최근 한 방송에서 2030세대가 취업이 어렵다는 말에 이해하기 힘들다며 이같이 말했다. 그는 ""취업이 안 된다는 말은 이해하기 어렵다""며 ""주변 사업가들도 전부 일손 부족을 이야기한다""고 했다. 하지만 2030세대는 눈높이가 높다는 데 대해서는 갑론을박이 이어졌다. 이 와중에 2030 가구의 월평균 소득이 5년 만에 감소한 것으로 나타났다. 전 연령층의 소득이 고르게 늘어난 가운데 유독 2030 청년층만 소득이 쪼그라든 것이다. 청년층 고용 상황이 나빠지는 데다 경기 회복의 과실이 고임금 제조업과 장기 근속 근로자 중심으로 쏠린 영향으로 풀이된다. 1일 국가데이터처의 2026년 1분기 가계동향조사에 따르면 39세 이하인 가구주의 올 1분기 월평균 명목소득은 539만원으로 전년 동기(548만원) 대비 1.7%(9만원) 줄었다. 39세 이하 가구 소득이 전년 동기 대비 줄어든 것은 코로나19 충격이 이어진 2021년 2분기(-2.3%) 후 약 5년 만이다. 같은 기간 전체 가구 소득은 548만원으로 2.4%(13만원) 늘었다. 40대 가구주의 월평균 소득은 741만원으로 7.0% 급증했다. 50대도 증가세를 유지했고 60세 이상 역시 이전소득 등을 바탕으로 늘었다. 전 연령층 가운데 39세 이하만 나홀로 줄어들었다. 청년 가구 소득 감소를 끌어내린 것은 전체 소득 가운데 '근로소득'이었다. 39세 이하 가구의 근로소득은 올해 1분기 414만원으로 지난해 같은 기간보다 8만1000원(-1.9%) 감소했다. 반면 전체 가구의 근로소득은 0.3% 증가했고, 40대 가구의 근로소득은 6.0% 늘었다. 반도체·대기업 중심의 성과급 확대 효과가 상대적으로 근속 기간이 긴 중장년층에 더 크게 반영된 영향이라는 분석이 나온다. 청년층 고용 부진도 영향을 미친 것으로 풀이된다. 국가데이터처에 따르면 올 4월 청년층(15~29세) 취업자는 19만4000명이나 줄었다. 고용률은 1.6%포인트 하락한 43.7%를 나타냈다. 2024년 5월부터 24개월째 내리막길이다. 2005년 9월부터 금융위기 직후인 2009년 11월까지 51개월 연속 떨어진 후 최장 기간 하락세다. 인공지능(AI) 확산에 따른 기업 채용 구조 변화도 변수로 꼽힌다. 기업들이 AI 투자와 자동화에는 적극적으로 나서지만 신규 인력 채용에는 신중해지면서 청년층의 임금 상승 기회가 제한되고 있다는 분석이 제기된다. 지난 4월 변호사·회계사 등이 포함된 전문·과학 및 기술서비스업 취업자는 전년 대비 11만5000명 감소했다. 관련 통계 작성 이후 최대 감소 폭을 기록했다. 자산수입도 격차가 컸다. 2030세대의 경우 이자 및 배당수입 등 재산소득이 월평균 1만9745원으로 전년 동기 대비 14.2%나 감소했다. 전체 가구의 재산소득이 9.1% 증가했지만 청년층만 감소했다. 금융자산 축적 규모가 작은 청년층이 최근 증시 상승 효과를 상대적으로 덜 누리고 있다는 해석이 나온다. 소득이 줄면서 여윳돈도 감소했다. 39세 이하 가구의 흑자액(처분가능소득에서 소비지출을 제외한 금액)은 지난해 월평균 151만원에서 올해 142만원으로 6.4%(9만원) 줄었다. AI·반도체 중심 성장 구조에서는 경기 회복이 곧바로 청년층 소득 개선으로 이어지지 않을 수 있다고 지적했다. 과거 제조업 호황처럼 대규모 신규 채용으로 연결되기보다 기존 고숙련 인력과 자산 보유층에 성장 효과가 집중될 가능성이 커졌다는 것이다. 김익환 기자 lovepen@hankyung.com 방송인 장동민은 최근 한 방송에서 2030세대가 취업이 어렵다는 말에 이해하기 힘들다며 이같이 말했다. 그는 ""취업이 안 된다는 말은 이해하기 어렵다""며 ""주변 사업가들도 전부 일손 부족을 이야기한다""고 했다. 하지만 2030세대는 눈높이가 높다는 데 대해서는 갑론을박이 이어졌다. 이 와중에 2030 가구의 월평균 소득이 5년 만에 감소한 것으로 나타났다. 전 연령층의 소득이 고르게 늘어난 가운데 유독 2030 청년층만 소득이 쪼그라든 것이다. 청년층 고용 상황이 나빠지는 데다 경기 회복의 과실이 고임금 제조업과 장기 근속 근로자 중심으로 쏠린 영향으로 풀이된다. 1일 국가데이터처의 2026년 1분기 가계동향조사에 따르면 39세 이하인 가구주의 올 1분기 월평균 명목소득은 539만원으로 전년 동기(548만원) 대비 1.7%(9만원) 줄었다. 39세 이하 가구 소득이 전년 동기 대비 줄어든 것은 코로나19 충격이 이어진 2021년 2분기(-2.3%) 후 약 5년 만이다. 같은 기간 전체 가구 소득은 548만원으로 2.4%(13만원) 늘었다. 40대 가구주의 월평균 소득은 741만원으로 7.0% 급증했다. 50대도 증가세를 유지했고 60세 이상 역시 이전소득 등을 바탕으로 늘었다. 전 연령층 가운데 39세 이하만 나홀로 줄어들었다. 청년 가구 소득 감소를 끌어내린 것은 전체 소득 가운데 '근로소득'이었다. 39세 이하 가구의 근로소득은 올해 1분기 414만원으로 지난해 같은 기간보다 8만1000원(-1.9%) 감소했다....",ok,articles.csv
호황의 이면 / 청년 체감경기 괴리,반도체 중심의 K자형 경제 성장과 민생 체감경기의 괴리,체감경기;산업편중;청년고용;소상공인;경제양극화,https://economist.co.kr/article/view/ecn202605280001,경제 성장률 2.5%·코스피 8000시대에 가려진 그늘[한국경제 K자형 성장의 그림자]①,economist.co.kr,체감경기_괴리,부정적,자영업자 및 청년 구직자,거시경제 지표의 호황과 달리 실제 민생과 고용 현장에서 느끼는 양극화와 불황을 중심으로 경제 구조의 취약성을 비판적으로 다루고 있습니다.,"산업 일반 경제 성장률 2.5%·코스피 8000시대에 가려진 그늘[한국경제 K자형 성장의 그림자]① - 삼성·SK하이닉스가 끌어올린 성장률…한국경제는 왜 얼어붙었나 AI·반도체 슈퍼사이클이 만든 산업·고용·소득 양극화 [이코노미스트 원태영 기자]국책연구기관인 한국개발연구원(KDI)이 올해 대한민국 경제성장률 전망치를 2.5%로 상향 조정하고 주식시장이 반도체 슈퍼사이클에 힘입어 사상 최고치를 향해 가고 있지만, 현장에서 느끼는 체감경기는 차갑게 얼어붙어 있다. 거시경제 지표의 화려한 숫자와 바닥 민생경제의 냉혹한 현실이 철저하게 분리되는 이른바 디커플링 현상이 심화하고 있는 것이다. 서울 종로의 한 골목에서 만난 자영업자는 수출이 잘되고 경제가 성장한다는데 서민들은 외환위기 때보다 더 살기 퍽퍽하다고 호소하며 손님이 끊겨 저녁 장사를 공치는 날이 허다하다고 전했다. 한국 경제가 외형적으로는 성장하고 있지만 내부적으로는 특정 산업만 독주하고 나머지는 고사하는 K자형 양극화의 짙은 그늘에 가려져 있음을 보여주는 단면이다. KDI가 올해 한국 경제성장률 전망치를 기존보다 높게 잡은 배경에는 인공지능(AI) 열풍에 따른 반도체 수요 폭발이 자리 잡고 있다. 삼성전자와 SK하이닉스를 필두로 한 반도체 기업들이 역대급 실적을 갈아치우며 증시와 수출을 강력하게 견인한 결과다. 주식시장 역시 기술주 중심의 랠리가 이어지며 온기가 도는 듯 보이지만, 정작 이러한 온기는 경제 전반으로 퍼지지 못하고 반도체 대기업이라는 한정된 영역에만 머물고 있다. 통계학적 착시가 민생의 고통을 가리고 있는 셈이다. 사라진 낙수효과, 자본집약적 AI 성장의 그늘 반도체를 제외한 나머지 제조 분야와 내수 시장은 극심한 가뭄을 겪고 있다. 고물가로 인해 가계의 실질 구매력이 떨어지면서 소비 부진의 늪에 빠진 모습이다. 자영업자들은 불어난 대출 이자와 인건비를 감당하지 못해 최근 몇 년 새 폐업이 속출하고 있는 상황이다. 실제로 2024년 폐업 신고 사업자는 100만8282명으로 처음 100만명을 넘어섰다. 아울러 지난해 자영업자 실업급여 수급자는 3820명, 지급액은 205억2600만원으로 각각 역대 최고 수준을 기록했다. 중소기업 가동률 역시 하락세를 면치 못하고 있다. 외형상 경제는 커졌는데 국민의 지갑은 더 얇아지는 기이한 불황이 지속되는 모습이다. 한국 경제의 가장 큰 약점인 특정 산업 외골수 구조는 이번 슈퍼사이클을 계기로 더욱 고착화됐다. 전체 수출에서 반도체가 차지하는 비중은 무려 37%를 돌파하며 단일 품목에 대한 의존도가 위험 수위에 도달했다. 지난해부터 이어진 수출 회복세와 무역수지 흑자의 대부분이 반도체 한 곳에서 발생한 착시인 것이다. 과거 한국 경제를 지탱하던 전통적인 주력 산업들은 중국의 기술 추격과 글로벌 공급과잉 속에서 구조적 침체에 허덕이는 모습이다. 세계 시장을 호령하던 철강과 석유화학 업종은 수익성 악화로 감산과 공장 가동 중단을 고심하는 처지다. 원자재 가격 상승과 부동산 프로젝트파이낸싱(PF) 부실 여파로 건설업 역시 고사의 기로에 서 있다. 그나마 사상 최대 실적을 기록 중인 조선업 정도를 제외하면 반도체의 독주를 받쳐줄 우군이 전무한 실정이다. 전문가들은 한 나라의 국가 경제가 단 하나의 산업 엔진에만 의존하는 구조는 극도로 위험하다고 경고한다. 반도체 사이클이 하강 국면에 진입하는 순간, 한국 경제 전체가 순식간에 차갑게 식어버릴 수 있는 시한폭탄을 안고 있는 것과 다름없기 때문이다. 반도체 중심의 성장이 가진 또 다른 한계는 고용 유발 효과가 현저히 떨어진다는 점이다. 반도체와 AI 산업은 대규모 장치와 기술이 중심이 되는 자본집약적 산업이다. 수조원의 투자가 이뤄져도 실제 창출되는 직접 고용 인원은 전통 제조업이나 서비스업에 비해 턱없이 부족하다. KDI에 따르면 생산액 10억원이 증가할 때 발생하는 취업자 수는 반도체 산업이 2.1명으로 전체 제조업 평균(6.2명)의 3분의 1 수준에 불과하다. 이로 인해 대기업의 막대한 수익이 가계 소득 증대와 고용 확대로 이어지는 낙수효과는 사실상 소멸했다는 지적이 나온다. 실제로 국가데이터처가 발표한 4월 고용동향에 따르면, 반도체 등 일부업종의 수출 호황에도 제조업은 5만5000명, 건설업은 8000명 줄며 각각 22개월, 24개월 연속 감소했다. 이 같은 고용 구조의 변화는 청년 세대에게 직격탄을 날렸다. 4월 고용동향을 보면 지난 4월 15세 이상 취업자는 2896만1000명으로 지난해 같은 달보다 7만4000명(0.3%) 증가했다. 이는 16개월 만에 최저 수준이다. 특히 청년층 취업자는 1년 전보다 19만4000명 감소했다. 이는 2022년 11월부터 42개월 연속 감소세다. 청년층 고용률 역시 1년 전보다 1.6%포인트 하락한 43.7%로 2024년 5월 이후 24개월 연속 하락세다. 청년층 실업률은 7.1%로 전년보다 0.2%p 하락했다. 청년들이 원하는 양질의 일자리는 반도체와 AI 등 일부 첨단 분야에 한정돼 있는데, 이들 기업의 채용 문턱은 갈수록 높아지고 있다. 반면 청년들을 흡수해야 할 중소기업과 도소매업, 서비스업은 침체로 인해 신규 채용을 극도로 꺼리고 있다. 결과적으로 소수의 첨단 산업 종사자들은 성과급 잔치를 벌이는 반면, 대다수 청년과 서민들은 일자리조차 구하지 못해 소득 양극화가 벼랑...",ok,articles.csv
호황의 이면 / 청년 체감경기 괴리,반도체 호황에 따른 초과세수 활용 방안 논의,초과세수;반도체호황;재정정책;사회계약;시장경제,https://www.ohmynews.com/NWS_Web/View/at_pg.aspx?CNTN_CD=A0003235788&CMPT_CD=P0010&utm_source=naver&utm_medium=newsearch&utm_campaign=naver_news,"반도체 호황이 만든 초과세수, 이렇게 쓰자... 4가지 원칙",ohmynews.com,재분배_필요,중립적,대통령실 정책실장,반도체 호황으로 발생할 초과세수를 기업 이윤 환수가 아닌 국가 재정 및 사회계약적 관점에서 어떻게 활용할지 논의해야 한다는 점을 강조하고 있습니다.,"▲김용범 정책실장이 13일 호텔현대 바이 라한 울산에서 열린 이재명 대통령 주재 K-조선 미래비전 간담회에 참석해 있다.연합뉴스 김용범 대통령실 정책실장은 최근 페이스북에 '차원이 다른 나라: AI 시대 한국의 장기 전략'이라는 글을 올렸다. AI 인프라 공급망에서 한국이 차지한 전략적 위치, 반도체 호황이 가져올 구조적 초과세수, 그리고 그 재원을 어떻게 설계할 것인가에 관한 문제 제기였다. 적지 않은 논란이 있었지만, 단순한 해프닝으로 넘길 일이 아니다. 한국 경제가 곧 마주하게 될 중요한 질문을 앞당겨 드러낸 사건이었기 때문이다. 일부 외신과 국내 언론은 이를 기업의 초과이윤을 정부가 국민에게 나눠주려는 구상으로 해석했고, ""김용범 발언 때문에 코스피가 급락했다""는 인과관계를 덧씌웠다. 그러나 이는 오비이락에 가깝다. 5월 11일 한국 증시가 장중 크게 흔들린 것은 사실이지만, 당시 동아시아 주요 증시 역시 중동 불확실성 확대, 차익실현 압력, 단기 과열 경계감이 겹치며 유사한 변동성을 보였다. 이후 대통령실은 블룸버그가 '초과세수'를 '초과이익'으로 해석했다며 공식 사과를 요구하기도 했다. 더욱 중대한 문제는, 이러한 혼선으로 인해 정작 다루어져야 할 핵심 쟁점이 충분히 부각되지 못했다는 데 있다. 기업의 사적 이윤을 정부가 환수하자는 논의와, 법에 따라 거둬들인 추가세수를 국가가 어떻게 사용할 것인가에 대한 논의는 전혀 다르다. 전자는 시장경제의 원칙과 기업지배구조의 문제이고, 후자는 재정제도와 사회계약의 문제다. 두 문제를 섞으면 시장에는 불필요한 공포를 주고, 공론장에는 이념 논쟁만 남는다. 김용범 대통령실 정책실장은 최근 페이스북에 '차원이 다른 나라: AI 시대 한국의 장기 전략'이라는 글을 올렸다. AI 인프라 공급망에서 한국이 차지한 전략적 위치, 반도체 호황이 가져올 구조적 초과세수, 그리고 그 재원을 어떻게 설계할 것인가에 관한 문제 제기였다. 적지 않은 논란이 있었지만, 단순한 해프닝으로 넘길 일이 아니다. 한국 경제가 곧 마주하게 될 중요한 질문을 앞당겨 드러낸 사건이었기 때문이다. 일부 외신과 국내 언론은 이를 기업의 초과이윤을 정부가 국민에게 나눠주려는 구상으로 해석했고, ""김용범 발언 때문에 코스피가 급락했다""는 인과관계를 덧씌웠다. 그러나 이는 오비이락에 가깝다. 5월 11일 한국 증시가 장중 크게 흔들린 것은 사실이지만, 당시 동아시아 주요 증시 역시 중동 불확실성 확대, 차익실현 압력, 단기 과열 경계감이 겹치며 유사한 변동성을 보였다. 이후 대통령실은 블룸버그가 '초과세수'를 '초과이익'으로 해석했다며 공식 사과를 요구하기도 했다. 더욱 중대한 문제는, 이러한 혼선으로 인해 정작 다루어져야 할 핵심 쟁점이 충분히 부각되지 못했다는 데 있다. 기업의 사적 이윤을 정부가 환수하자는 논의와, 법에 따라 거둬들인 추가세수를 국가가 어떻게 사용할 것인가에 대한 논의는 전혀 다르다. 전자는 시장경제의 원칙과 기업지배구조의 문제이고, 후자는 재정제도와 사회계약의 문제다. 두 문제를 섞으면 시장에는 불필요한 공포를 주고, 공론장에는 이념 논쟁만 남는다. ▲2026년 5월 11일 KOSPI·니케이·가권·STI 오전 9~11시 추이. 현지 시각을 한국 시각으로 전환·비교한 뒤 Yahoo Finance를 이용해서 그렸다. ⓒ우석진 제공 반도체 사이클 한복판 속 역대급 초과세수가 온다 한국경제는 지금 반도체 사이클의 한복판에 있다. AI 서버와 데이터센터 투자가 폭발하면서 고대역폭메모리, D램, 낸드 수요가 동시에 살아나고 있다. 그 결과 SK하이닉스는 2025년 연결 기준 영업이익 47조 2063억원의 역대 최대 실적을 기록했고, 삼성전자의 2025년 영업이익도 43조 5300억원 수준이었다. 두 회사의 합산 영업이익만 약 90조 7000억 원이었다. 더 놀라운 것은 향후 전망이다. 노무라증권 전망을 인용한 일부 보도에서는 양사의 합산 영업이익이 2026년 432조 원, 2027년 589조 원 수준에 이를 수 있다고 전했다. 확정치는 아니다. 실제 세수는 세액공제, 이월결손금, 연결납세, 과세표준 조정 등에 따라 달라질 수 있다. 윤석열 정부의 감세 조치로 법인세 부담이 줄어든 부분도 있다. 그럼에도 시나리오별로 보면, 2026년 합산 영업이익을 370조 원으로 가정하고 한계세율 25%를 적용하면 추가 법인세만 약 70조 원이다. 500조원 시나리오라면 추가세수는 약 102조 원에 달한다. 성과급 증가에 따른 소득세, 소비 증가에 따른 부가가치세까지 고려하면 추가세수는 역대급 규모가 될 가능성이 크다. 반도체 사이클 한복판 속 역대급 초과세수가 온다 한국경제는 지금 반도체 사이클의 한복판에 있다. AI 서버와 데이터센터 투자가 폭발하면서 고대역폭메모리, D램, 낸드 수요가 동시에 살아나고 있다. 그 결과 SK하이닉스는 2025년 연결 기준 영업이익 47조 2063억원의 역대 최대 실적을 기록했고, 삼성전자의 2025년 영업이익도 43조 5300억원 수준이었다. 두 회사의 합산 영업이익만 약 90조 7000억 원이었다. 더 놀라운 것은 향후 전망이다. 노무라증권 전망을 인용한 일부 보도에서는 양사의 합산 영업이익이 2026년 432조 원, 2027년 589조 원 수준에 이를 수 있다고 전했다. 확정치는 아니다. 실제 세수는 세액공제, 이월결손금,...",ok,articles.csv
호황의 이면 / 청년 체감경기 괴리,반도체 의존도 심화에 따른 거시경제 리스크와 노동시장 구조개혁 필요성,산업편중;재정건전성;노동격차;청년고용;체감경기,https://www.mk.co.kr/article/12064738,"“韓 반도체 의존, 사우디 석유보다 심해”…‘초과세수 샴페인’ 경고한 거시경제통 - 매일경제",mk.co.kr,산업편중_우려,중립적,조동철 전 KDI 원장,"반도체 중심의 경제 호황이 가진 구조적 위험성과 재정 운용의 신중함, 그리고 노동시장 내 세대 간 격차 문제를 전문가의 시각에서 분석하고 있다.","“반도체, 성장·물가·세수 좌우 명목성장률도 10% 끌어올릴것 특정산업 의존도 지나치게 커져 초과세수 활용에는 신중할 필요 인플레 위험속 부양 논할때아냐” 성과급을 둘러싼 삼성전자 노사 갈등이 총파업 직전에 가까스로 봉합됐지만 논란은 산업계 전반으로 불붙고 있다. 반도체 슈퍼사이클 덕분에 기업 이익과 정부 세수가 동시에 불어나면서 이른바 ‘초과 수익’ 활용 방식을 둘러싼 사회적 논의도 이어지고 있다. 한국의 대표적 실전형 경제학자인 조동철 전 한국개발연구원(KDI) 원장은 한국 경제를 관통하는 키워드로 주저 없이 ‘반도체 공화국’을 내세웠다. 국책연구기관인 KDI를 3년간 이끌었던 그에게 반도체가 수출과 증시, 성장과 물가까지 뒤흔드는 지금의 경제 상황에 대해 물었다. 그는 반도체 호황을 마냥 축복으로만 볼 수 없다며 경계심을 주문했다. 특정 산업에 대한 의존도가 지나치게 커지면서 그만큼 리스크도 확대됐다는 것이다. ◆올해 명목성장률 10% 넘을 것 조 전 원장은 “반도체가 지난달 전체 수출액에서 차지하는 비중이 40%를 넘어섰고, 주식시장에서도 시가총액의 절반가량을 차지한다”며 “사우디아라비아도 석유 의존도가 높지만, 석유 비중이 경제에서 이 정도까지 크지는 않다”고 말했다. 그는 올해 한국의 실질 국내총생산(GDP) 성장률이 2.5%를 넘어설 가능성이 높다고 봤다. 한국은행은 지난달 발표한 수정 경제 전망에서 올해 GDP 성장률 전망치를 기존 2.0%에서 0.6%포인트 높인 2.6%로 제시했다. 조 전 원장은 “국민들이 실제로 체감하는 것은 명목 성장률”이라며 “올해는 반도체 가격 상승 영향으로 명목 성장률이 10%를 넘어설 수 있을 것”이라고 말했다. 한국은행에 따르면 올해 명목GDP 성장률이 10%를 넘어설 경우 이는 2002년 11.0% 이후 24년 만에 처음이다. 다만 조 전 원장은 치솟은 반도체 가격이 ‘GDP 디플레이터(명목GDP를 실질GDP로 나눈 값)’를 밀어올리는 동시에 경제 전반에 팽창 압력을 키우고 있다고 진단했다. ◆구조 개혁 없인 단기 호황에 그친다 조 전 원장은 반도체 슈퍼사이클이 ‘코리아 디스카운트’에 시달렸던 국내 증시의 재평가를 이끌고 자본시장 활성화로 이어진 것은 의미가 크다고 평가했다. 그는 “많은 시장 참여자가 기업 활동에 관심을 갖고 나라 전체의 부가 자본시장을 통해 생산적인 투자처로 흘러가는 것은 바람직하다”고 말했다. 미국처럼 자본시장이 발달할수록 경제 전반의 역동성이 커진다는 설명이다. 다만 조 전 원장은 반도체 호황의 과실을 활용하되 구조 개혁이 병행되지 않으면 지금의 호황이 장기 성장으로 이어지기 어렵다고 지적했다. 그는 “성장성이 높은 부문에서 고용이 늘고 그 효과가 경제 전체로 확산되도록 해야 한다”며 “정부 지원도 스스로 경쟁력을 키우려는 부문을 뒷받침하는 방식이어야 한다”고 말했다. ◆인플레 압력 커… 부양할 시점 아냐 조 전 원장은 “반도체 호황이 영원히 지속되는 것이 아니라면 초과 세수 활용에도 신중해야 한다”고 강조했다. 거시경제정책 방향 역시 확장보다 긴축에 무게를 둬야 한다고 봤다. 그는 “경제 전체로 보면 인플레이션 압력이 커지고 성장률도 높아지고 있다”며 “거시경제정책은 경기가 팽창할 때는 조심하고 수축될 때 부양하는 것인데, 지금은 경기를 부양할 시점이 아니다”고 말했다. 조 전 원장은 빌 클린턴 행정부 시절 미국이 세수 증가분을 국가채무 상환에 활용한 사례를 들며 재정건전성 확보의 중요성을 강조했다. 그는 “당시 미국은 세수가 늘었을 때 빚을 갚는 데 썼고, 그 덕분에 닷컴버블 붕괴와 9·11 테러, 글로벌 금융위기 때 정책 여력을 동원할 수 있었다”며 “건전한 재정은 한 번 놓치면 되돌리기 어렵다”고 말했다. ◆친노동 좋지만 ‘친노조’ 정책은 곤란 조 전 원장은 한국 경제의 최우선 구조 개혁 과제로 노동 개혁을 꼽았다. 대기업·공기업 노조의 기득권이 커질수록 청년과 중소기업 노동자가 오히려 피해를 볼 수 있다는 이유에서다. 그는 “청년 세대는 저성장, 자산 격차, 고용 불안을 동시에 겪고 있다”며 노란봉투법 등 최근 노동정책 흐름에 우려를 나타냈다. 이어 “문제는 노동정책이 친노동이 아니라 친노조로 흐르는 것”이라고 지적했다. 법적 정년 연장 논의에 대해 그는 “호봉제를 그대로 둔 채 정년만 늘리면 청년들이 더 어려워지는 구조”라고 진단했다. 또한 “정년 연장의 수혜자는 노조가 강한 대기업이나 공기업의 기존 직원들이고, 피해자는 그 안에 들어가고 싶지만 들어가지 못하는 청년들이 될 것”이라고 말했다.",ok,articles.csv
호황의 이면 / 청년 체감경기 괴리,김해시의 청년·장년층 취업 및 정신건강 통합 지원체계 구축,청년고용;국가책임;체감경기;사회안전망;반도체호황,http://www.newsmaker.or.kr/news/articleView.html?idxno=177624,뉴스메이커,newsmaker.or.kr,국가책임,긍정적,김해시,경제적 어려움과 정신건강 문제를 복합적인 사회문제로 규정하고 지자체 차원의 통합 지원체계를 마련하는 정책적 노력을 긍정적으로 다루고 있습니다.,"(뉴스메이커=이서준 기자) 김해시가 경제적 어려움과 취업난으로 심리적 부담을 겪는 청년과 장년층을 위한 통합 지원체계 구축에 나섰다. 김해시는 지난 29일 김해시정신건강복지센터와 김해시의생명산업진흥원이 업무협약을 체결하고 취업 지원과 정신건강 서비스를 연계한 협력체계를 구축하기로 했다고 밝혔다. 이번 협약은 경기침체 장기화와 청년 실업 증가 등 사회·경제적 여건 변화로 정신건강 위기가 심화되는 상황에 대응하기 위해 마련됐다. 양 기관은 경제적 어려움과 심리적 문제를 별개의 사안이 아닌 복합적인 사회문제로 인식하고 통합 지원 방안을 추진할 계획이다. 협약에 따라 양 기관은 자살예방과 생명존중 문화 확산을 위한 협력은 물론, 구직자 대상 취업 연계와 직업훈련 지원, 취업역량 강화 프로그램 운영, 심리상담 서비스 제공 등에 힘을 모은다. 특히 의생명산업진흥원이 운영하는 청년도전지원사업과 청년성장프로젝트 등 고용 지원 프로그램과 정신건강복지센터의 상담 서비스를 연계해 구직 과정에서 심리적 어려움을 겪는 청년들에게 맞춤형 지원을 제공할 예정이다. 최근 청년층과 장년층의 정신건강 문제는 실업과 고용 불안, 경제적 부담, 사회적 고립 등과 밀접한 관련이 있는 것으로 분석되고 있다. 이에 따라 단순 상담 지원을 넘어 경제적 자립과 심리 회복을 함께 지원하는 통합 접근의 중요성이 커지고 있다. 김해시는 이번 협력을 통해 취업 지원과 정신건강 서비스를 유기적으로 연결하고, 위기 상황에 놓인 시민들이 보다 촘촘한 사회안전망 안에서 자립할 수 있도록 지원 체계를 강화할 방침이다. 또한 지역 내 유관기관과의 협력 범위를 확대해 경제적·심리적 위기 대응 역량을 높이고, 청년과 장년층의 삶의 질 향상과 건강한 사회 참여를 지원하는 정책을 지속적으로 추진할 계획이다. 법인명: (주)뉴스메이커 | 제호: 뉴스메이커 | 월간지 등록번호: 서울 라11804 | 등록일자: 2008년 1월 21일 인터넷신문 등록번호: 서울 아 54731 | 등록일자: 2023년 03월 8일 | 발행인: (주)뉴스메이커 황인상 | 편집인: 황인상 우)110-999 서울특별시 종로구 신문로1가 163 광화문오피시아빌딩 14층 뉴스메이커 | 전화 : 02-733-0006 | 팩스 : 02-733-0009 청소년보호책임자 : 안상호 뉴스메이커는 (주)뉴스메이커에서 발행하는 시사종합월간지로서 특정언론과는 전혀 무관한 완전한 자유 독립 언론입니다. 뉴스메이커를 통해 제공되는 모든 콘텐츠(기사 ·사진)는 무단 사용, 복사, 배포시 저작권법에 저해되며, 법적 제재를 받을 수 있습니다. Copyright ⓒ 뉴스메이커. All rights reserved. mail to webmaster@newsmaker.or.kr",ok,articles.csv
호황의 이면 / 청년 체감경기 괴리,청년층의 고용 불안과 경제적 비관론,청년고용;체감경기;쉬었음;고용창출;경제회복,https://www.labortoday.co.kr/news/articleView.html?idxno=231987,불안을 공유하는 사회의 가능성,labortoday.co.kr,청년고용_불안,부정적,청년 세대 및 여론조사 데이터,청년층의 고용 불안과 경제적 비관론을 여론조사 데이터와 일상적 사례를 통해 분석하며 사회적 문제로 조명하고 있습니다.,"연말에 오랜만에 대학 친구들을 만나고 왔다. 나름의 송년 모임인데, 못 보던 사이에 결혼한다는 사람도 있고, 취업을 준비 중이거나 혹은 퇴사 고민을 하는 사람들도 있었다. 곧 계약 만료라 다른 직장을 구해야 한다든가, 수험 중에 2차 시험을 앞둔 이야기, 일이 너무 힘들어 퇴사 시점을 고민하거나 주변인이 퇴사한다고 하는데 어떻게 대해야 할지 자신이 안 선다든지. 어째서인지 무슨 이야기를 하더라도 노동, 고용, 생계 문제로 주제가 넘어가곤 했다. 누군가는 사업을 시작했고, 누구는 집에서 독립했고, 어떤 프로그램이 요새 재밌고, 다가오는 소개팅에 무슨 말을 해야 할지 등등 꼭 무거운 이야기만 한 것도 아니었는데 말이다. 우리는 불안 속에서 즐거웠다. 사실 경기가 좋지 않다느니, 살기 어렵다든지 하는 이야기는 살면서 듣지 않은 적 없고, 느끼지 않은 적이 없는 것 같다. 시급 해결 필요 과제는 ‘고용 창출 및 경제 회복’ NBS의 12월 4주 여론조사에서 우리 사회의 시급 해결 과제를 물었을 때 '고용 창출 및 경제 회복' 응답이 32%로 가장 높았다. 특히 70세 이상 외 모든 연령대에서 '고용 창출 및 경제 회복' 응답이 30% 이상으로 나타났으며, 18~29세, 30대의 경우 각 38%로 조사됐다. 또한 ‘고용 창출 및 경제 회복’ 응답은 2025년 1월 조사 대비 하락했으나, 여전히 가장 응답이 많았으며, 이는 연령대, 이념성향, 경제적 계층 인식과 무관하게 응답이 많았다. 같은 기관의 12월 2주 조사에서 이재명 정부의 경제정책에 2030의 과반이 부정 평가를 한 것을 생각해 보면, 어떻게 보면 놀랍지 않은 결과다. 고용불안의 생활화: ‘쉬었음’ 인구 현황 2025년 8월 실시된 국가데이터처의 경제활동인구조사에서 비경제활동인구의 특성을 살폈을 때, 비경제활동인구 중 ‘가사’는 36.9%, ‘재학·수강 등’은 20.2%, ‘쉬었음’(일도 구직활동도 하지 않는 상태)은 16.3%다. ‘쉬었음’ 계층에 쉰 이유를 물었을 때, ‘원하는 일자리를 찾기 어려워서’라는 응답은 연령대별로 15~29세 중 30.8%로 비율이 높았고, 30대 중 27.3%, 40대 중 26.8%, 50대 중 14.3%, 60세 이상 중 9.0%로 연령대가 높아질수록 응답 비율이 낮아지는 경향을 보였다. 15~29세 연령대에서는 ‘원하는 일자리를 찾기 어려워서’ 응답이 가장 높은 비율이었으나, 30대 이상 연령대에서는 ‘몸이 좋지 않아서’라는 응답 비율이 가장 높았다. 쉬고 있다고는 하지만, 사실상 건강 등 필요에 의한 휴식이거나, 원하는 일자리를 찾기 위해 기다리는 대기 상태에 가깝다. 이러한 상황을 고려할 때, 쉰다는 것은 온전한 개인의 선택에 의한 결과로 보기 어렵다. 가장 최근 자료인 올해 11월 기준 한국의 ‘쉬었음’ 인구는 254만3천명, 이 중 20대는 40만5천명, 30대는 31만4천명이다. 이 둘을 합치면 71만9천명으로, 이는 코로나19 시기(2021년 67만명, 2022년 58만9천명)보다도 많다. 연령대별로 살필 때, 전년 동월 대비 ‘쉬었음’ 인구는 60세 이상 연령대에서 10.6%, 20대에서 4.5% 증가했다. 고용불안은 개인의 느낌으로만 존재하지 않는다. 실제로 정년 이후 제2의 인생을 준비하거나, 양질의 일자리를 위해 자격증을 준비하는 중장년 세대가 늘었다. 한국산업인력공단에 따르면 지난해 5060대 남성은 지게차운전기능사, 5060대 여성의 경우 한식조리기능사를 가장 많이 접수했다고 한다. 공통적으로 재취업에 용이한 자격증이다. 또한 ‘기능사’의 경우 별도 자격 요건이 없는 입문 단계의 자격증으로, 대다수 경력과 무관하게 취득이 가능하다. 이에 학원가를 찾는 중장년층도 늘었다. 공시생이 떠난 노량진 학원가에는 자격증 취득을 위한 중장년 수험생이 자리를 메꾼다. 정부는 내년 고용 대책으로 ‘쉬었음’ 청년의 노동시장 유입에 집중하겠다고 밝혔다. 취업 의사 유무와 직장 경험 여부에 따른 유형별 맞춤형 지원방안을 마련, 역량을 강화하고, 구직 단념 청년에게는 사회 복귀를 돕는 방식이다. 불안한 현재가 만든 비관적 전망 NBS의 12월 4주 여론조사에서 2025년 한 해의 개인적 차원에서의 평가를 물은 결과, 전체의 53%는 좋지 않은 해였다고 부정 평가했다. 연령대별 부정 평가는 18~29세 중 58%, 30대 중 59%, 70세 이상 중 63%로 전체 평균 대비 상대적으로 높은 비율을 보였다. 동일하게 개인적인 차원에서의 내년 전망을 물었을 때, 전체의 44%가 더 좋아질 것이라 답했으나, 18~29세 중에서는 26%, 70세 이상 중에서는 39%만 긍정 전망해 전체 평균에 못 미치는 응답 비율을 기록했다. 특히 연령대별로 18~29세에서 유일하게 더 나빠질 것이라는 부정 전망이 30%로 긍정 전망(26%)보다 높은 비율을 보였다. 다만 최우선 과제 문항과 달리 이념 성향에 따라 다른 결과가 나타났는데, 진보 성향자의 경우 상대적으로 긍정, 보수 성향자의 경우 상대적으로 부정적인 응답 경향이 올해 평가와 내년 전망 공통으로 나타났다. 송년 모임에서 만난 불안한 대화는 연말 여론조사에서 ‘가장 해결해야 할 과제는 고용 창출 및 경제 회복’이라는 결과로 되돌아온다. 여론조사는 사회가 무엇을 문제로 인식하고 있는지를 비교적 잘 보여주는 도구다. 연말에 반복되던 개인들의 대화는...",ok,articles.csv
전세사기 특별법 / 피해자 구제,전세사기 피해자의 경험 공유 및 정책 개선 촉구,전세사기;피해자;주거권;지방선거;세입자,https://www.ohmynews.com/NWS_Web/View/at_pg.aspx?CNTN_CD=A0003235529&CMPT_CD=P0010&utm_source=naver&utm_medium=newsearch&utm_campaign=naver_news,전세사기 보증금 받았지만... 이 사람이 계속 활동하는 이유,ohmynews.com,피해자_보호,중립적,전세사기 피해자,전세사기 피해 당사자의 인터뷰를 통해 피해 실태를 알리고 세입자 중심의 정책 변화를 요구하는 내용을 담고 있습니다.,"제9회 전국동시지방선거가 치러지는 6월 3일은 ‘무주택자의 날’입니다. 지난 제21대 대통령선거 역시 같은 날 치러졌습니다. 선거는 우리가 살아가는 도시와 동네의 미래를 결정하는 시간입니다. 하지만 그동안 ‘세입자의 삶’을 중심에 둔 정책과 선거는 좀처럼 찾아보기 어려웠습니다. 전세사기가 사회적 재난이 되어 대한민국을 휩쓴 이후, 우리가 살고 있는 집과 동네는 어떻게 바뀌어야 할까요? 그 질문에 답하기 위해, 세입자들의 목소리를 한 사람씩 천천히 들어보고자 합니다. 이번 <세입자의 목소리를 찾아서> 인터뷰 시리즈는 6월 3일 지방선거를 앞두고, 집을 잃은 사람들의 이야기가 공약으로 이어질 수 있도록 세입자들의 경험과 목소리를 기록하고 전하고자 합니다. 이 연재 기사 시리즈는 제9회 지방선거를 계기로 민달팽이유니온과 서울시전세피해세입자연대가 함께 꾸린 '세입자의 목소리를 찾아서' 팀이 기획·제작했습니다. 그 질문에 답하기 위해, 세입자들의 목소리를 한 사람씩 천천히 들어보고자 합니다. 이번 <세입자의 목소리를 찾아서> 인터뷰 시리즈는 6월 3일 지방선거를 앞두고, 집을 잃은 사람들의 이야기가 공약으로 이어질 수 있도록 세입자들의 경험과 목소리를 기록하고 전하고자 합니다. 이 연재 기사 시리즈는 제9회 지방선거를 계기로 민달팽이유니온과 서울시전세피해세입자연대가 함께 꾸린 '세입자의 목소리를 찾아서' 팀이 기획·제작했습니다. ▲다빈 씨가 인터뷰에 응하고 있다. ⓒ 민달팽이유니온 관련사진보기 다빈씨는 평생 세입자로 살았다. 인천에서 성남으로, 성남에서 서울로 직장을 따라 이사를 했다. 그리고 서울에서 구한 첫 집에서 전세사기를 당했다. 우여곡절 끝에 보증금을 모두 되찾았지만, 그는 여전히 전세피해 대응활동을 이어가고 있다. 동료 피해자들에게 '훌륭한 캠페이너'라고 불리는 다빈씨의 이야기를 들었다. AD ""서울시 관악구에 살고 있는 이다빈이라고 합니다. 개발자로 일하고 있고, 나이는 삼십대 중반입니다. 관악구 남현동에서 전세사기 피해를 입었고, 지금은 옆 동네 청룡동으로 이사해서 살고 있어요. 전세사기피해자전국대책위와 서울시전세피해세입자연대에서 활동하고 있기도 합니다."" ""반지하 한번 벗어나 보자 해서 전세를 알아보기 시작했어요"" - 이사를 해야겠다고 생각하신 이유는 뭐였나요? 거기서 보증금 피해를 입으시긴 했지만요. ""회사가 원래 판교에 있었는데 양재로 이사를 왔거든요. 회사 따라서 서울로 이사를 왔습니다. 원래는 회사가 판교에 있으니 가까운 성남에서 자취생활을 했어요. 회사가 양재로 가니까, 성남에서 양재까지 출퇴근 하는 게 힘들어서 서울로 와야겠다고 생각을 했습니다. 그런데 양재 주변은 전월세가 너무 비싸더라고요. 그나마 저렴하면서 교통이 가까운 곳이 관악구였고, 그 중에 조금이라도 양재에 가까운 쪽으로 해서 남현동을 찾은 거죠."" - 그렇군요. 성남에서도 전세로 사셨어요? ""아니요. 그때가 첫 자취였는데, 반지하 월세집이었어요. 서울로 이사 갈 집을 찾다가, 이제 나이도 30대가 되었고 하니 반지하 한번 벗어나 보자 해서 전세를 알아보기 시작했어요. 5평 쯤 되는 좁은 집에 전세 보증금이 1억 7천만 원이긴 했지만, 반지하가 아니니까 담배 냄새도 덜 나고 벌레도 없어져서 만족했습니다. 은행에서 전세 대출도 문제 없이 나왔습니다. 집 위치가 사당역 번화가랑 가깝고, 관악산 가는 길목이기도 했거든요. 그래도 언덕 위에 있어서 언덕을 올라오면 왁자지껄 하는 분위기가 조용해지곤 했습니다. 한강을 보러 산책을 자주 나갔던 것 같아요. 사당역이랑 이수역을 지나서 30분 정도 걸으면 한강공원이 나왔거든요. 그 집에서 4년 정도 살았어요."" - 지금 동네는 어때요? 오래 사실 계획이세요? ""지금 사는 집은 여기 봉천역 근처에요. 작년 10월에 이사를 왔으니 반년 조금 넘게 살았네요. 오래 살지는 모르겠어요. 서울에 사는 1인가구들 특징이, 사는 동네가 직장에 따라서 달라지는 거잖아요. 그러니까 오래 살 거냐는 질문이 '이 직장을 평생 직장으로 생각하냐'는 질문 같이 느껴져요. 성남에서 서울로 이사온 것처럼, 직장이 이동하면 동네를 옮기는 게 더 나을 것 같아요. 혼자 살고 있기도 하니까요."" ▲다빈씨가 인터뷰 질문에 답변하고 있다. ⓒ 민달팽이유니온 관련사진보기 ""막상 모이려고 하니 모일 곳이 없는 거예요"" - 피해를 당했다는 상황은 어떻게 알게 되셨어요? ""뉴스에서 미추홀구랑 강서구에서 전세사기 피해가 한참 많이 나왔을 때가 있잖아요. 그 때 저도 불안해지니까 이것저것 조사를 해봤죠. 그러다가 무슨 앱을 알게 되었는데, 월마다 몇 천 원을 내면 집이 위험해질 때 알림을 준다고 하더군요. 불안하니까 가입을 했습니다. 그러고 나서 몇 달 뒤에 임차권 등기, 가압류 설정 이런 경고가 막 울리기 시작했어요. 상황이 심각하다는 생각이 들어서, 변호사 상담도 알아보고 인터넷도 뒤져보고 했습니다. 경매까지 잡히고 나서 피해자 단톡방에 초대가 되었어요. 단톡방에 들어가 보니 제가 살던 건물 뿐 아니라 같은 임대인에게 피해를 입은 건물이 더 있는 거예요. 그리고 제가 피해 사실을 안 시점에서 1년 전부터 세입자들끼리 심각하게 이야기를 나누고 있었다는 사실도 알게 되었어요. 월마다 앱에 돈도 내고 했지만, 사실 소용이 없었던 거죠. 분석 내용이 별 게 없기도 했습니다."" - 다빈님은 임대인으로부터...",ok,articles.csv
전세사기 특별법 / 피해자 구제,정부의 비아파트 매입임대 확대 및 공급 생태계 지원,주거안정;제도개선;국가책임;피해자;전세사기,https://economist.co.kr/article/view/ecn202605220034,전세난 대응 나선 정부…비아파트 매입임대 9만호 공급,economist.co.kr,주거안정,중립적,정부(재정경제부),정부의 비아파트 공급 확대 정책을 중심으로 전문가들의 기대와 우려를 균형 있게 다루고 있습니다.,"부동산 일반 전세난 대응 나선 정부…비아파트 매입임대 9만호 공급 - 서울·경기 규제지역에 6.6만호 집중 전세사기 이후 위축된 비아파트 시장 회복 시동 [이코노미스트 이승훈 기자] 정부가 전세시장 불안과 비아파트 공급 절벽에 대응하기 위해 수도권 매입임대주택 공급을 대폭 확대한다. 서울과 경기 규제지역을 중심으로 향후 2년간 6만6000가구를 공급하고, 민간 사업자 금융 지원도 강화해 위축된 비아파트 공급 생태계 회복에 나선다는 방침이다. 구윤철 부총리 겸 재정경제부 장관은 22일 정부서울청사에서 열린 부동산관계장관회의에서 “정부는 주거 사다리의 중요한 한 축인 비아파트 공급을 확대하는 방안을 다각적으로 검토하고 있다”며 “2027년까지 2년간 수도권에 매입임대주택 9만호를 공급하고, 그중 6만6000호는 규제지역에 공급할 계획”이라고 밝혔다. 구 부총리는 “오피스텔 등 비아파트는 상대적으로 공급 속도가 빨라 1~2년 안에 가시적인 효과를 기대할 수 있다”며 “청년층의 주거 애로 완화에도 도움이 될 것”이라고 강조했다. 이번 대책은 전세사기 여파와 프로젝트파이낸싱(PF) 경색, 공사비 급등 등으로 급격히 위축된 비아파트 시장을 공공이 직접 떠받치겠다는 성격이 강하다. 실제 빌라·도시형생활주택·오피스텔 등은 서울 도심 전월세 공급의 핵심 축 역할을 해왔지만 최근 공급 감소세가 뚜렷하다. 국토교통부에 따르면 지난해 비아파트 인허가 물량은 3만3061가구로 전년 대비 11.4% 감소했고 착공 물량도 3만1215가구로 7.7% 줄었다. 최근 3년간 비아파트 착공 물량은 장기 평균의 20~30% 수준에 머문 것으로 나타났다. 정부는 우선 2026~2027년 수도권에 총 9만가구의 매입임대주택을 공급한다. 이 가운데 서울·경기 규제지역에는 신축 5만4000가구, 기존주택 1만2000가구 등 총 6만6000가구를 집중 배치한다. 비아파트 공급이 정상화될 때까지는 목표 물량을 초과하더라도 추가 매입을 추진한다는 계획이다. 매입 방식도 대폭 완화된다. 기존에는 한 동 전체를 LH가 매입해야 했지만 앞으로는 일부 세대만 선택적으로 매입하는 ‘부분 매입’이 가능해진다. 예컨대 100가구 규모 사업장에서 20~50가구만 공공이 매입할 수 있게 되는 구조다. 최소 매입 기준도 낮춘다. 서울은 기존 19가구 이상에서 10가구 이상으로 완화하고, 경기 역시 기존 기준을 대폭 낮출 예정이다. 규제지역 내 기존주택 매입 시에는 건축연한 제한도 사실상 적용하지 않아 매입 대상 범위를 넓힌다. 토지비 80% 지원·PF보증 확대 민간 사업자 금융 지원도 강화한다. 한국토지주택공사(LH)의 토지 확보 지원금은 기존보다 확대돼 토지비의 최대 80%까지 지원된다. 나머지 토지비와 설계비 등 초기 사업비는 주택도시보증공사(HUG) PF보증 강화를 통해 조달하도록 해 사업자의 실질 부담을 토지비의 10% 수준까지 낮춘다는 계획이다. 착공 이후 공사비 지급 방식도 바뀐다. 기존에는 ▲골조 공사 완료 ▲준공 ▲품질검사 이후 등 3단계로 지급했지만 앞으로는 공정률에 따라 3개월 단위로 나눠 지급한다. 정부는 건설사의 현금 흐름 부담을 줄여 공사 중단 리스크를 낮추고 사업 속도를 높이겠다는 설명이다. 공사비 연동형 사업에는 ‘선 착공-후 공사비 검증’ 방식도 도입한다. 인허가 이후 바로 착공할 수 있도록 절차를 단축해 공급 속도를 끌어올리겠다는 취지다. 대신 토지 확보나 인허가가 장기간 지연되는 사업장에는 약정 해지 등 페널티를 부과해 사업 관리도 강화하기로 했다. 전문가들은 이번 정책이 단기적으로는 전월세 시장 안정에 일정 부분 기여할 것으로 보고 있다. 양지영 신한 프리미어 패스파인더 전문위원은 “전월세난이 심각한 상황에서 신규 아파트 공급 속도를 단기간에 높이기 어려운 만큼 비아파트는 사회초년생과 신혼부부 등 주거 취약계층의 현실적인 주거 사다리 역할을 한다”며 “특히 공공 매입임대가 전세사기 우려를 줄여 수요자들에게 보다 안전한 주거 환경을 제공할 수 있다는 점이 중요하다”고 말했다. 이어 “비아파트는 아파트보다 착공부터 입주까지 기간이 짧아 현재 전월세난에 대한 즉각적인 단기 처방이 될 수 있다”며 “토지비 지원 확대와 PF보증 강화는 자금력이 부족한 중소 건설사들의 참여를 유도하는 강력한 유인이 될 것”이라고 평가했다. 함영진 우리은행 부동산리서치랩장은 “사실상 붕괴 직전의 비아파트 공급 생태계에 공공이 회복의 마중물을 제공하는 정책”이라며 “비아파트 공급 공백이 장기화되는 것보다는 공공이 일정 수준의 공급을 유지하도록 돕는 정책이 필요했던 상황”이라고 진단했다. 다만 한계도 지적된다. 함 랩장은 “6만6000가구는 2년 누적 기준으로 연간 약 3만가구 수준에 불과해 서울·수도권 전체 임대차 시장 가격을 본격적으로 안정시키기에는 제한적일 수 있다”며 “이번 정책은 전세가격 하락보다는 월세 급등 압력 완화와 비아파트 공급 절벽 방지 성격에 가깝다”고 설명했다. 이어 “LH의 적극적인 매입 과정에서 일부 부실 사업장이 연명하는 부작용이나 공공 재정부담 확대 가능성도 있다”며 “장기적으로는 민간 비아파트 시장이 자생적으로 공급을 재개할 수 있도록 금융·세제·임대사업 제도 정상화 논의도 병행돼야 한다”고 덧붙였다. ⓒ이코노미스트(https://economist.co.kr) '내일을 위한 경제뉴스 이코노미스트'...",ok,articles.csv
전세사기 특별법 / 피해자 구제,전세사기 선구제 후회수 정책의 실효성 및 형평성 논란,전세사기특별법;선구제후회수;재정건전성;정책;피해자,https://www.dailian.co.kr/news/view/1586350/?sc=Naver,"李, 전세사기 ‘선구제 후회수’ 다시 쏘아 올렸지만…실행 가능성 ‘물음표’",dailian.co.kr,재정건전성_우려,중립적,국토교통부 및 부동산 전문가,전세사기 선구제 정책 추진에 따른 형평성 논란과 재정적 실행 가능성에 대한 우려를 중심으로 다루고 있습니다.,"국토부, 대통령 지시에 폐기됐던 전세사기 특별법 토대로 검토 “전세사기에만 정부 개입”…보이스피싱·다단계와 형평성 논란 LH 경·공매도 활발한데…선구제 기준 마련도 어려워 ⓒ데일리안 DB 전 정권에서 무산됐던 전세사기 피해자에 대한 선(先)구제 후(後)회수 조치가 시행될 가능성에 무게가 실린다. 이재명 대통령이 직접 정부의 책임을 강조하며 제도 검토를 지시하면서다. 다만 다른 사기 사건과의 형평성 논란, 선구제를 위한 기준 설정의 어려움 등이 문제로 꼽혀 제도 실행력이 뒷받침되긴 어렵단 지적이 나온다. 16일 국토교통부 등에 따르면 전세사기 피해 회복을 위해 선구제 후회수를 실시하는 방식이 논의되기 시작했다. 이는 이 대통령의 지시에 따른 것이다. 지난 12일 이 대통령은 국토부 업무보고 중 “정부에서 선지급하고 구상은 정부가 하는 법안을 더불어민주당이 내고 통과도 됐는데 이전 정부에서 거부당했다”며 “공식적으로 약속한 것인데 약속은 지켜야 한다. 준비해서 별도로 보고하라”고 지시했다. 선구제 후회수는 전세사기 피해자에게 공공이 일정 수준 먼저 보상하고 후에 임대인에 대한 구상권 청구나 전세사기 주택 경·공매를 통해 회수하는 것을 의미한다. 지난해 5월 21대 국회에서 당시 야당이었던 더불어민주당 주도로 선구제 후회수 방안을 골자로 한 ‘전세사기피해자 지원 및 주거안정에 관한 특별법’이 통과됐으나 윤석열 전 대통령의 재의요구권(거부권) 행사로 폐기된 바 있다. 국토부에선 폐기됐던 해당 법안 내용을 토대로 제도화 방안에 대한 검토를 나섰다. 주택도시보증공사(HUG) 등 공공기관이 전세사기 피해자의 임차보증금 반환채권을 평가해 주택도시기금으로 매입한 뒤 최우선변제금 수준 이상의 보증금 일부를 지급하고 향후 전세사기 주택을 매각하는 방식으로 자금을 회수하는 방식이다. 문제는 해당 내용 법제화될 시 사회적 혼란이 초래될 수 있다는 것이다. 다단계나 보이스피싱과 달리 전세사기에만 정부가 직접 개입한다는 형평성 논란이 발생할 수밖에 없고 주택시장 안정을 위해 조성된 주택도시기금을 활용하는 데에도 사회적 공감대를 형성하기 쉽지 않을 것으로 예상된다. 형평성 논란을 차치하더라도 회수가 어려운 부실채권으로 전락한 임차보증금 반환채권에 대한 평가 기준을 세우는 것이 어려워 제도화가 사실상 불가능하다는 지적이 컸다. 부동산 업계 한 관계자는 “선구제 방안이 도입되더라도 피해 금액 전액을 보상해줄 수는 없다”며 “특히 기금 투입 후 회수를 진행해야 하는데 이 과정에서 문제가 생길 가능성이 높다”고 주장했다. 이에 정부는 한국토지주택공사(LH)가 경·공매를 통해 전세사기 주택을 매입하고 경매차익(감정가-낙찰가)을 활용해 피해자를 지원하는 방안을 마련해 시행 중이다. 매입한 주택은 공공임대로 최대 10년까지 거주 가능하고 퇴거 시 경매차익을 보증금으로 전환해 지원하는 방식이다. 이미 LH가 전세사기 피해주택을 활발히 매입하고 있는 상황에 정책을 설계해야 하는 국토부의 고민도 깊어질 것으로 예상된다. 국토부 관계자는 “선구제 후회수 대안으로 여야가 합의해 경매차익을 활용하는 방안이 시행됐다”며 “이미 1년 넘게 경·공매가 시행돼 해당 주택의 피해자들은 선구제 대상에서 벗어났다”고 설명했다. 그러면서 “일단 해당 내용을 포함해 검토가 필요하다”며 “과거 폐기됐던 법안을 토대로 실제 추진 과정에서의 문제와 현실적인 대안들을 고민하고 있다”고 부연했다. 이와 관련해 조주현 건국대 부동산학과 명예교수는 “자금 배분의 우선순위와 전세사기 피해자에 대한 선구제 후회수 시 형평성에 어긋나는 부분이 없는지 종합적으로 검토해야 할 필요가 있다”며 “실무부서에서 이 같은 원칙을 어기고서라도 제도를 도입해야 한다면 이에 따른 기회비용까지도 제대로 따져보고 판단해야 한다”고 말했다. ©(주) 데일리안 무단전재 및 재배포 금지 0 0 기사 공유 댓글 쓰기 임정희 기자 (1jh@dailian.co.kr) 기사 모아 보기 > 댓글 0 / 150 - 최신순 - 찬성순 - 반대순 0 개의 댓글 전체보기",ok,articles.csv
전세사기 특별법 / 피해자 구제,전세 제도의 구조적 결함 진단 및 제도 개선 방안 제시,전세사기;주거안정;제도개선;국가책임;전세보증,https://dhnews.co.kr/news/view/1065575356606736,‘전세위기의 제도적 해법(내 집 구하는 법: 제도편)’ 출간,dhnews.co.kr,제도개선,중립적,전문가(저자),"전세 위기를 개인의 문제가 아닌 구조적 재난으로 규정하고, 이를 해결하기 위한 제도적 개선과 국가적 차원의 정책 재설계를 강조하는 도서 내용을 다루고 있습니다.","저자 오창섭은 1994년 입행 이후 30여 년간 은행 현장에서 주택담보대출·전세대출·전세보증 리스크 관리 등 주택금융 실무와 감독을 수행해 온 시중은행 지점장이자, 전세보증사고·역전세 리스크를 실증 분석해 온 부동산학 박사다. 현장에서 축적한 경험과 데이터를 결합해, 전세보증 사고가 왜 특정 시기·특정 구조에서 급증하는지, 그리고 그 부담이 개인을 넘어 보증기관과 국가 재정에까지 확산될 수 있는 위험으로 전이되는 과정을 구조적으로 설명한다. 책은 “지난 11년(2014~2024) 동안 전세 제도는 겉으로 유지됐지만 내부적으로는 조용하고 지속적인 붕괴를 겪어왔다”는 문제의식에서 출발한다. 전세보증 발행 규모가 급격히 확대되고 사고 금액과 건수가 동시에 증가하며, 2024년 HUG·HF 기준 전세보증 사고 건수는 35.7천 건, 사고 금액은 5.3조 원에 달했다. 이는 같은 기간 보이스피싱 피해 금액의 6배 이상으로, 전세 시스템이 더 이상 정상적으로 작동하기 어려운 국면에 진입했음을 보여준다. 저자는 전세 위기를 단순한 주거 문제가 아니라 소비 위축과 지역경제 침체, 금융기관 리스크 확대, 보증기관 재정 악화와 국가 재정 부담으로 이어질 수 있는 구조적 경제 위기로 바라본다. 『전세위기의 제도적 해법(내 집 구하는 법: 제도편)』은 전세 문제를 도덕이나 사건의 문제가 아니라 “구조와 메커니즘의 문제”로 해부한다. 왜 집값 상승기에는 전세금이 폭등하고 주거비 부담이 삶을 압박하는지, 왜 하락기에는 역전세·보증금 미반환 위험이 현실화되는지, 그리고 왜 피해가 반복적으로 세입자에게 집중되는지를 단계적으로 짚는다. 특히 주택임대차보호법의 사각지대, 전세보증과 전세자금대출이 만들어낸 위험의 전가 구조, 전세사기의 반복 패턴과 유형, 깡통전세가 경제·사회에 주는 충격의 연쇄를 연결해 “하락기마다 반복되는 피해는 우연이 아니라 구조적 재난”이라는 결론을 제시한다. 또한 이 책은 진단에 그치지 않고 제도 개선의 방향을 구체화한다. 전세보증과 주택금융 정책의 재설계, 신용평가 체계의 한계와 개선, 시장 왜곡을 키우는 정책·금융·투기 심리의 결합 구조를 점검하며, 주거 시장과 투자 시장의 분리, 금융·부동산 시장의 부작용 대응, 규제 회피가 낳는 부작용 차단 등 “전세 시스템을 다시 정상화하기 위한 제도적 해법”을 제시한다. 아울러 AI 시대에 주거 안정이 단순 복지의 문제가 아니라 국민 생존을 지키는 국가 인프라라는 관점에서, 미래세대를 위한 선택의 문제까지 확장해 논의를 이어간다. 마지막으로 저자는 “전세 피해는 개인의 불운이 아니라 위험이 세입자에게 전가되도록 설계된 구조의 결과”라며, “이 책이 전세 제도의 붕괴 앞에서 국민이 더 이상 방치되지 않도록, 제도와 정책이 바뀌어야 할 지점을 명확히 이해하는 출발점이 되기를 바란다”고 전했다. [저작권자ⓒ 대학저널. 무단전재-재배포 금지]",ok,articles.csv
전세사기 특별법 / 피해자 구제,청년 채무 문제와 국가의 구제 의무,전세사기;청년파산;국가책임;피해자;제도개선,https://www.khan.co.kr/article/202606042032005,"[책과 삶]‘성실하게 망해버린’ 청년들의 구제, 국가의 의무다",khan.co.kr,국가책임,긍정적,도산·손해배상 전문 변호사,청년들의 채무 문제를 개인의 도덕적 해이가 아닌 사회적·국가적 구조의 문제로 규정하며 적극적인 구제와 제도 개선의 필요성을 강조하고 있습니다.,"청년파산 박기태 지음 메디치미디어 | 352쪽 | 2만2000원 ‘성실하게 망해버린 사람들’이라는 부제가 눈을 사로잡는다. 12년 차 도산·손해배상 전문 변호사인 저자는 최근 몇년간 자신의 사무실을 찾는 이들의 연령대가 낮아지고 있다고 느꼈다. “이제 갓 대학을 졸업했거나 사회생활을 시작한 지 몇년 되지 않은 2030 청년들이 (사무실을) 채우기 시작했다.” 저자는 사회가 청년들을 빚의 굴레에 묶이도록 내몰고는 모른 척한다고 비판한다. 사회가 부추긴 건 조급증이다. 취업은 어렵고, 직장에 들어가도 노동소득만으로는 ‘내 집 마련’은 꿈꿀 수조차 없다. 초반부는 ‘성실하게 망한’ 사례를 재구성해 보여준다. 2억원의 전세사기를 당한 사회초년생 부부의 삶이 어떻게 서로에 대한 원망으로 망가지는지, 학자금 대출을 갚지 못해 신용불량자가 된 20대 청년이 어떻게 신용카드 리볼빙 등 더한 수렁으로 빠지는지를 이야기한다. 빚에 허덕이는 청년은 쉽게 사기 범죄의 표적이 된다. 완전무결한 피해자만 있는 건 아니다. 사설 생활비 대출을 받아보려다가 보이스피싱에 연루되거나, 게임의 탈을 쓴 도박·투기를 조장하는 리딩방에 혹해 전 재산을 잃은 이들도 있다. 그러나 저자는 찰나의 잘못된 선택으로 이들이 사회에서 평생 기회를 받지 못한다면, 그것이 오히려 국가적 손실일 것이라고 말한다. 책은 후반부에 청년들에게 더 가닿을 수 있는 회생·파산 제도를 제안한다. 넘어야 할 것은 ‘빚쟁이는 중죄인’이라는 인식이다. 저자는 우리가 흔히 채권자를 ‘개인’으로 상상하는 것과 달리 실제 채권자의 90% 이상은 거대 금융기관이라고 짚는다. 더 나아가 사회에 투기와 금융사기가 성행하게 된 데에는 국가와 은행도 일정 부분 책임이 있다고 본다. 저자는 회생·파산 제도는 “국가가 베푸는 시혜가 아니다”라며 “설계 결함이 있는 게임에 참여시킨 시민에 대한 최소한의 보장이자 국가의 의무”라고 말한다.",ok,articles.csv
전세사기 특별법 / 피해자 구제,전세사기 피해자들의 특별법 제정 촉구 및 사회적 재난 규정,전세사기;피해자구제;특별법;주거권;사회적재난,https://www.ohmynews.com/NWS_Web/View/at_pg.aspx?CNTN_CD=A0003233817&CMPT_CD=P0010&utm_source=naver&utm_medium=newsearch&utm_campaign=naver_news,"""전세사기, 개인의 부주의가 아닌 사회적 재난입니다""",ohmynews.com,피해자_보호,부정적,전세사기 피해자 및 시민사회단체,전세사기 피해자들의 인터뷰를 통해 사건의 심각성을 알리고 국가 차원의 실질적인 구제와 특별법의 필요성을 강조하고 있습니다.,"▲2026.4.27. 전세사기 피해자대책위 이철빈 공동위원장(좌측)과 시민사회대책위 박효주 활동가(우측)가 인터뷰를 진행하고 있다. ⓒ 참여연대 관련사진보기 - 각자 소개를 부탁드립니다. 이철빈 : ""전세사기·깡통전세 피해자 전국대책위원회(아래 피해자대책위) 공동위원장 이철빈이라고 합니다. 전세사기 피해를 인지한 지는 4년이 지났고, 피해자 대책위를 결성해서 활동한 지는 3년 정도 되는 것 같습니다. 원래는 평범한 직장인이었다가 전세사기 당하고 나서, 대책위 활동하면서 점차 활동가의 삶을 살고 있어요. 현재는 다니던 회사에서 퇴사하고 대책위 활동에 매진하고 있습니다."" 박효주 : ""전세사기·깡통전세 문제 해결을 위한 시민사회대책위원회(아래 시민사회대책위)에서 활동하고 있는 참여연대 민생희망본부 박효주입니다. 저는 2017년부터 주거권 보장을 위한 활동, 주택임대차보호법 개정, 공공임대주택 확대를 위한 주거권 관련 활동들을 하고 있습니다."" - 이철빈님도 전세사기 피해를 입었다는 것으로 알고 있는데요. 이철빈 : ""전셋집을 계약한 건 2021년 10월쯤이고 11월에 입주했습니다. 그때 당시 주택 임대관리업 관련 일을 하고 있었기 때문에 등기부등본이나 건축물대장도 꼼꼼하게 확인했고, 근저당이 없다는 점도 살펴봤어요. 임대인은 보증보험 가입도 약속했는데 어느 순간부터 연락이 끊겼어요. 등기부등본을 다시 떼어보니 세무서 압류가 걸려 있었고, 임대인은 세금 체납 문제라고 기다리라고 했지만 이후 완전히 잠적했습니다. 그게 2022년 2월이었고, 전세사기라는 걸 직감했죠. AD 그러다 인천 미추홀구 전세사기 피해자대책위와도 만나게 되고 함께 대책을 논의하던 중 2023년 2월 28일, 대책위에서 활동하시던 피해자분이 스스로 생을 마감했다는 소식을 듣게 된 거예요. 국회 토론회 마치고 대책을 논의하는 와중에 소식을 듣고 모두 큰 충격을 받았습니다. 이 문제가 돈을 잃는 수준이 아니라 생명과 삶을 위협하는 문제라는 걸 절감했고, 그래서 국가가 빨리 대책을 마련해야 한다는 일념으로, 더 본격적으로 활동하게 되었습니다. 첫 번째 희생자의 49재 날인 2023년 4월 18일에 피해자대책위가 공식 출범했고, 저도 공동위원장으로 함께 활동을 시작했습니다. 그때부터 전세사기 특별법 제정과 개정 활동을 이어왔고, 이제 꼬박 3년이 됐습니다."" - 지난 3년 시민사회대책위에서 전세사기 문제 해결을 위해 여러 노력을 해오셨는데요. 시민사회대책위는 언제 만들어졌고, 어떤 역할을 해왔는지 말씀 부탁드립니다. 박효주 : ""참여연대를 비롯한 시민사회는 전세사기 문제가 본격화하기 전부터 이미 전세가율이 높아 위험 신호가 있다고 보고 있었습니다. 초기에는 예방 중심으로 논의했고, 전세대출 확대 문제나 제도 개선 필요성을 계속 제기했어요. 2022년 하반기, 이른바 '빌라왕' 사건이 알려지면서 문제의 심각성을 더욱 본격적으로 인식해 긴급 좌담회 등 대응 활동을 시작했습니다. 참여연대 내부에서는 특별법 초안을 만들고, 이를 바탕으로 국회 설득 작업도 진행했어요. 당시에는 여야 모두 적극적이지 않았고, 특히 국민의힘은 '사기에 대해 선구제 후회수한 전례가 없다'라며 특별법 제정 자체에 결사적으로 반대했습니다. 피해자들의 극단적 선택이 이어지면서 상황은 더욱 절박해졌습니다. 시민사회대책위는 급박한 상황 속에서 꾸려졌고, 현재는 시민사회·노동·종교단체와 진보당, 기본소득당, 녹색당, 정의당 등 60여 개 단체가 함께하고 있습니다. 2023년 4월 18일 시민사회대책위와 피해자대책위가 함께 출범했는데 피해자대책위가 피해 구제 요구를 중심으로 활동했다면, 시민사회대책위는 특별법 제정과 제도 개선, 전세가율·보증대출 규제 강화 같은 예방 대책도 다뤄왔습니다. 또한 현장에서 기자회견과 농성 등 여러 입법 촉구 활동 등을 함께 진행하며 긴밀하게 연대해 왔습니다."" - 전세사기 피해자 규모는 어느 정도로 봐야 하나요? 이철빈 : ""공식적으로 전세사기 피해자로 인정된 인원은 올해 4월 기준 누적 3만 8503명인데 인정 요건이 엄격해서 실제 피해자는 더 많을 것으로 봅니다. 국토부가 따로 집계하지 않은 보증보험에 가입했다가 사고 난 사례까지 포함하면 넓게는 10만 명 이상으로 추산하기도 합니다. 아직 정확한 전체 규모는 누구도 추산하지 못하는 것 같습니다. 특별법이 마무리된 뒤에 피해 인원과 피해 금액, 추가 재정 투입 규모까지 포함해 전세사기 사태가 남긴 피해를 종합적으로 따져볼 필요가 있다고 생각해요."" 박효주 : ""네, 맞습니다. 보증보험 대위변제, 그러니까 보증보험을 가입한 피해자에게 HUG가 대신 보증금을 돌려준 건수만 해도 2023년부터 지난해까지 약 4만 건 정도로 보고 있고, 여기에 보증보험에 가입하지 못했거나 요건이 애매해 피해자로 인정받지 못한 경우까지 더하면 전체 피해 규모는 10만 명 안팎일 것으로 보고 있습니다."" - 전세사기 피해자분들 중에 돌아가신 분들도 여러분 계시는데요. 이철빈 : ""공식적으로 언론에 보도된 사례만 기준으로 하면, 전세사기 피해로 돌아가신 분이 약 10명 정도인데, 공개되지 않았을 뿐이지 '어느 지역에서도 누군가 돌아가셨다더라'는 이야기를 훨씬 더 많이 들었습니다. 그리고 모두가 자살하신 건 아니에요. 제가 정말 가슴 아팠던 사례는 저와 같은 임대인의 피해자분이셨는데, 그분은 투잡,...",ok,articles.csv
