issue,sub_issue,issue_tags,url,title,source,frame,tone,primary_voice,memo,body_excerpt,tagging_status
대형마트 새벽배송 / 유통산업발전법 개정,대형마트 새벽배송 / 유통산업발전법 개정 관련 세부 쟁점,대형마트 새벽배송 / 유통산업발전법 개정;mk.co.kr;정책,https://www.mk.co.kr/article/12065949,홈플러스 37곳 결국 폐점한다는데…선거 끝났으니 ‘새벽배송’ 족쇄 풀릴까 - 매일경제,mk.co.kr,갈등_구도,중립적,정부,'홈플러스 37곳 결국 폐점한다는데…선거 끝났으니 ‘새벽배송’ 족쇄 풀릴까 - 매일경제' 기사에서 mk.co.kr가 어떤 주체와 강조점을 전면에 두는지 기준으로 생성한 mock 태깅 결과입니다.,"Key Points - 6·3 지방선거 종료와 함께 국회에 계류 중인 유통산업발전법 개정안 논의가 재점화될 조짐을 보이고 있어요. 🛍️🗳️ - 대형마트의 온라인 새벽배송 허용을 담은 개정안은 코로나19 이후 온라인 중심으로 급변한 유통 환경에 맞춰 규제 불균형을 해소하려는 움직임 속에 힘을 얻고 있어요. 🛒💨 - 실제로 온라인 비중 확대 속에 대형마트 매출은 감소세를 보이며, 이러한 부진의 여파로 홈플러스는 전국 37개 매장 폐점을 결정하는 등 경영난을 겪고 있어 규제 완화 요구가 커지고 있어요. 📉😔 - 하지만 골목상권 보호를 주장하는 중소상인 단체와 노동계의 반발도 여전해, 법 개정 과정에서 정책 목표와 이해관계자들의 목소리가 어떻게 조화를 이룰지 주목됩니다. ⚖️🗣️ 1. 사건 개요: 무슨 일이 있었나? 🛒 legislative process and its impact on the retail landscape 2026년 6월 4일, 6.3 지방선거가 끝나면서 국회에 계류 중이던 유통산업발전법(이하 유통법) 개정안 논의에 다시 불이 붙을지 관심이 모아지고 있어요. 💡 이 개정안은 대형마트의 온라인 새벽배송 허용을 핵심 내용으로 하고 있는데, 수년째 이어져 온 '기울어진 운동장' 논란을 어떻게 해결하고 골목상권 보호와 지역경제 활성화라는 정책 목표와 조화를 이룰지가 주목되는 지점이에요. 🤔 현재 국회 산업통상자원중소벤처기업위원회에서는 유통법 개정안을 법안심사소위원회로 넘긴 상태입니다. 2026년 2월, 더불어민주당은 당정협의를 통해 대형마트 새벽배송 허용을 위한 유통법 개정 추진 방침을 공식화하며 온라인 중심의 유통 환경 변화에 맞춰 규제 개선의 필요성을 강조했었어요. 🚀 하지만 현행 유통법은 대형마트와 기업형슈퍼마켓(SSM)의 자정부터 오전 10시까지 영업 제한을 두고 있으며, 이 시간대의 온라인 상품 피킹 작업도 영업행위로 간주되어 새벽배송이 사실상 불가능한 상황이에요. 🚧 이와 달리 쿠팡, 컬리 등 이커머스 업체들은 시간 제한 없이 새벽배송 서비스를 제공하며 시장을 확대해왔죠. 🚚 이러한 규제 차이로 인해 대형마트들은 온라인 중심으로 급변하는 소비 패턴에 발맞추지 못하며 어려움을 겪고 있어요. 실제로 산업통상부에 따르면 2025년 국내 유통업 내 온라인 비중은 59%까지 상승했지만, 대형마트 비중은 9.8%로 하락하며 2년 연속 역성장을 기록했답니다. 📉 이러한 실적 부진으로 한때 업계 2위였던 홈플러스는 결국 전국 37개 매장 폐점을 결정하며 약 3,500명의 고용 불안이 현실화되었어요. 😥 오프라인 유통업계는 지방선거 이후 규제 완화 논의가 속도를 낼 것으로 기대하며, 전국 수백 개 점포를 물류 거점으로 활용할 수 있게 되면 신선식품 배송 경쟁력 확보에 큰 도움이 될 것이라고 보고 있어요. 📦 하지만 중소상인 단체와 노동계는 대형마트의 새벽배송 시장 진출이 골목상권과 전통시장의 매출 감소를 야기하고, 심야·새벽 노동 확대에 따른 노동자 건강권 문제도 우려하고 있답니다. 😠 이처럼 유통법 개정안 통과 여부는 새 정부의 유통 규제 철학을 가늠할 시험대가 될 전망이에요. ⚖️ 2. 심층 분석: 이 뉴스는 왜 나왔나? 최근 홈플러스 37개 지점의 폐점 결정과 함께 유통산업발전법(이하 유통법) 개정안 논의가 다시 주목받고 있어요. 🏠 이는 오랜 기간 지속된 대형마트와 이커머스 업체 간의 '기울어진 운동장' 논란을 해결하고, 급변하는 유통 환경에 맞춰 규제를 현실화하려는 움직임의 연장선상에 있답니다. ⚖️ 이러한 논의가 다시 활발해진 배경에는 몇 가지 핵심적인 이유가 있어요. 첫째, 국내 유통 시장의 온라인 비중이 지난해 59%까지 치솟고 대형마트 비중은 9.8%로 급락하며, 온라인 중심으로 소비 패턴이 빠르게 변화하고 있다는 점이에요. 📈 이는 대형마트들이 현행 규제로 인해 온라인 시장에서 제대로 경쟁하지 못하고 있다는 방증이기도 합니다. 둘째, 실제로 홈플러스가 부진한 실적으로 기업회생절차를 밟는 등 오프라인 유통업체의 어려움이 현실화되고 있다는 점이에요. 💔 이는 규제 완화를 통해 경쟁력을 회복하려는 절박한 심정을 보여준다고 할 수 있습니다. 현재 국회에 계류 중인 유통법 개정안들은 대형마트의 온라인 새벽배송 허용을 핵심으로 하고 있어요. 🌙 현행법은 대형마트와 기업형슈퍼마켓(SSM)이 자정부터 오전 10시까지 영업을 제한받고, 이 시간대에 온라인 배송을 위한 상품 피킹 작업도 영업행위로 간주하여 새벽배송을 할 수 없도록 규정하고 있답니다. 🚫 반면 쿠팡, 컬리 등 이커머스 업체들은 이러한 시간 제한 없이 새벽배송 서비스를 운영하며 시장을 확대해왔어요. 이러한 규제 차이는 대형마트 업계에서 '역차별' 사례로 꾸준히 지적되어 왔습니다. 🤯 따라서 이번 유통법 개정안 논의는 단순히 규제 완화를 넘어, 변화된 유통 환경 속에서 공정한 경쟁을 촉진하고 국내 유통 기업들의 경쟁력을 강화하여, 나아가 알리익스프레스, 테무와 같은 해외 이커머스 업체의 공세에 맞서 국내 시장을 지키려는 노력이 담겨 있다고 볼 수 있어요. 🚀 3. 주요 경과: 지금까지의 흐름 (Timeline) 🏠🛍️⚖️ - 2020년 9월 대형마트의 온라인 배송 허용을 골자로 한 유통산업발전법 개정안이 처음으로 국회에 상정되었어요. 하지만 이후 10차례 논의에도 불구하고 골목상권 침해 우려 등 야당의...",mock
대형마트 새벽배송 / 유통산업발전법 개정,유통산업발전법 개정 논의 및 대형마트 새벽배송 허용,대형마트 새벽배송;유통산업발전법;규제완화;의무휴업;유통산업,https://biz.chosun.com/distribution/channel/2026/06/04/DFPWFE5RX5A5NKXPTH7H3UCRLU/?utm_source=naver&utm_medium=original&utm_campaign=biz,지선 후 대형마트 새벽배송 ·지역화폐 향방은... 유통 ·식품업계 ‘촉각...,biz.chosun.com,규제완화,중립적,유통업계,이 기사는 유통산업발전법 개정 논의와 대형마트의 새벽배송 허용 및 의무휴업일 변경 가능성에 대해 중립적인 입장에서 설명하고 있다.,내용의 유통산업발전법 개정 논의가 진행되고 있다. 법이 바뀌면 대형마트 는 점포를 물류 거점으로 활용해 심야 포장·반출· 배송 을 할 수 있어 새벽배송 이 가능해진다. 대형마트 의무휴업일을 일요일에서 평일로...,partial
대형마트 새벽배송 / 유통산업발전법 개정,대형마트 새벽배송 / 유통산업발전법 개정 관련 세부 쟁점,대형마트 새벽배송 / 유통산업발전법 개정;ddaily.co.kr;정책,https://www.ddaily.co.kr/page/view/2026060508324088155,6·3 지방선거 이후 대형마트 정책 어디로…규제 완화 ‘속도조절’,ddaily.co.kr,갈등_구도,중립적,정부,'6·3 지방선거 이후 대형마트 정책 어디로…규제 완화 ‘속도조절’' 기사에서 ddaily.co.kr가 어떤 주체와 강조점을 전면에 두는지 기준으로 생성한 mock 태깅 결과입니다.,"6·3 지방선거 이후 대형마트 정책 어디로…규제 완화 ‘속도조절’ - 가 - 가 [디지털데일리 왕진화기자] 6·3 지방선거 이후 유통업계가 가장 주목하는 분야 중 하나는 대형마트 관련 규제의 향방이다. 최근 몇 년간 일부 지방자치단체를 중심으로 의무휴업일 평일 전환이 확산되고 국회에서는 새벽배송 허용 법안 논의까지 시작됐지만, 이번 선거 결과로 규제 완화 흐름에 제동이 걸릴 수 있다는 관측이 나온다. 유통산업발전법에 따르면 대형마트와 기업형슈퍼마켓(SSM)의 의무휴업일 지정과 심야 영업 제한은 시장·군수·구청장 권한이다. 실제 제도 운영은 각 지방자치단체의 조례와 지역 내 이해관계자 협의를 통해 결정된다. 지방선거 결과가 유통업계에 적지 않은 영향을 미치는 이유다. 그동안 대형마트 업계는 의무휴업일 평일 전환과 새벽배송 허용을 핵심 과제로 꼽아왔다. 온라인 쇼핑이 유통시장의 중심으로 자리 잡은 상황에서 오프라인 유통업체만 별도 규제를 받는 것은 역차별이라는 주장이다. 실제 산업통상자원부에 따르면 지난 4월 전체 유통업체 매출 가운데 온라인 비중은 처음으로 60%를 넘어섰다. 반면 대형마트 비중은 한 자릿수 수준에 머물렀다. 홈플러스는 기업회생절차 과정에서 의무휴업 규제로 연간 약 1조원의 매출 감소 효과가 발생했다고 주장하기도 했다. 이 같은 상황 속에서 최근 몇 년간 규제 완화 움직임도 이어졌다. 2023년 대구를 시작으로 부산과 충북 청주, 경기 고양·의정부, 서울 서초구·동대문구·중구·관악구 등이 의무휴업일을 기존 일요일에서 평일로 전환했다. 현재 전국 350여개 대형마트 점포 가운데 약 130여곳이 평일 의무휴업 체제를 운영 중인 것으로 알려졌다. 국회에서도 변화 움직임이 감지된다. 현재 국회 산업통상자원중소벤처기업위원회에는 대형마트 영업시간 제한 대상에서 온라인 배송 업무를 제외하는 내용의 유통산업발전법 개정안이 계류돼 있다. 법안이 통과될 경우 이마트와 롯데마트, 홈플러스는 점포를 물류 거점으로 활용해 심야 시간 상품을 선별·포장하고 새벽배송까지 할 수 있게 된다. 업계는 이를 통해 쿠팡과 컬리, SSG닷컴 등 이커머스 업체들과 보다 대등한 경쟁이 가능해질 것으로 기대하고 있다. 다만 이번 지방선거 결과는 규제 완화 논의에 변수로 작용할 가능성이 크다. 더불어민주당은 그동안 전통시장과 골목상권 보호를 이유로 대형마트 규제 완화에 신중한 태도를 보여왔다. 오히려 일부 의원들은 복합쇼핑몰과 백화점, 아울렛 등으로 의무휴업 적용 범위를 확대하는 법안까지 발의한 상태다. 특히 부산과 청주 등 의무휴업일을 평일로 전환했던 지역에서 민주당 소속 단체장이 새롭게 당선되면서 기존 제도가 유지될지 여부에도 관심이 쏠린다. 업계 일각에서는 평일 휴업 체제가 다시 일요일 휴업으로 복귀할 가능성까지 거론하고 있다. 반면 전통시장과 소상공인 단체들은 규제 완화에 강하게 반발하고 있다. 소상공인연합회와 마트노조 등은 대형마트 새벽배송 허용이 지역 상권 침체와 노동강도 증가로 이어질 수 있다며 법안 철회를 요구하고 있다. 이에 따라 향후 대형마트 정책은 규제 완화와 골목상권 보호라는 두 가치 사이에서 균형점을 찾는 방향으로 전개될 가능성이 높다. 새벽배송 허용 여부는 국회 입법 논의에 달렸지만, 의무휴업일 문제는 지방정부 판단에 따라 지역별로 서로 다른 모습이 나타날 것으로 전망된다. 유통업계에서는 규제 완화 흐름이 완전히 중단되기보다는 소상공인 지원책과 연계한 절충안 형태로 추진될 가능성에 무게를 두고 있다. 유통업계 관계자는 “지방선거 결과만으로 당장 규제 강화나 완화 방향을 단정하기는 어렵다”면서도 “대형마트 규제 문제가 전통시장과 소상공인 보호 이슈와 맞물려 있는 만큼 향후에는 규제 완화 여부 자체보다 어떤 상생 대책을 함께 내놓느냐가 정책 추진의 핵심 변수가 될 것”이라고 전했다. Copyright ⓒ 디지털데일리. 무단전재 및 재배포 금지 - ""숙박도 팬덤 겨냥""…파라다이스 부산, BTS 콘서트 연계 '팬캉스' 선보여 2026-06-05 17:30:43 - 영풍·MBK, 고려아연 감사위에 “원아시아 펀드 투자 조사” 요구 2026-06-05 17:26:44 - 멸종위기동물 알리고 기부까지…신세계면세점, WWF와 환경보전 캠페인 2026-06-05 17:26:08 - 2026-06-05 17:15:37 - [DD퇴근길] 홍대에 뜬 젠슨 황…깜짝 선물 보따리 푼다 2026-06-05 17:15:08",mock
대형마트 새벽배송 / 유통산업발전법 개정,대형마트 새벽배송 / 유통산업발전법 개정 관련 세부 쟁점,대형마트 새벽배송 / 유통산업발전법 개정;newscj.com;정책,https://www.newscj.com/news/articleView.html?idxno=3406240,[이슈in] 지방선거 끝났다… 유통법 개정 ‘새벽배송 전쟁’ 본격화 초읽기,newscj.com,갈등_구도,중립적,정부,'[이슈in] 지방선거 끝났다… 유통법 개정 ‘새벽배송 전쟁’ 본격화 초읽기' 기사에서 newscj.com가 어떤 주체와 강조점을 전면에 두는지 기준으로 생성한 mock 태깅 결과입니다.,"대형마트 460개 배송망 ‘대항마’… 14년 유통규제 상생대책 ‘감감’ 노동권·생존권 정면충돌… 소상공인 100만 폐업 골목상권 ‘기로’ [천지일보=양효선 기자] 6.3 지방선거 투표가 종료됐다. 개표 결과를 기다리는 사이 유통업계의 시선은 이미 국회로 향하고 있다. 대형마트 새벽배송 허용을 담은 유통산업발전법(유통법) 개정안이 법안심사소위원회 문턱에 올라서면서 유통시장 판도를 바꿀 14년 만의 규제 변화가 현실화할 가능성이 커지고 있다. 소상공인·노동계는 선거 직후 저지 투쟁 본격화를 예고하며 맞서고 있다. ◆ 당정 합의에서 소위 회부까지… 5개월의 질주 유통법 개정 논의는 올해 1월부터 수면 위로 올랐다. 중소상인·자영업자·노동자·시민사회단체로 구성된 ‘온라인 플랫폼법 제정촉구 공동행동’은 1월 8일 국회 정문 앞에서 기자회견을 열고 1월 임시국회 내 ‘쿠팡갑질방지법’으로 불리는 온라인 플랫폼법 처리를 촉구했다. 이들은 “쿠팡이 3300만 고객 개인정보를 유출하고도 국회 청문회 출석 요구를 거부하고 있다”며 정무위원회에 법안소위 개최를 요구하는 촉구서를 전달했다. 그러나 정부와 여당의 방향은 달랐다. 지난 2월 4일 더불어민주당과 정부, 청와대는 실무협의회를 열고 대형마트 영업시간 제한을 완화하는 방향으로 유통법 개정 논의를 시작했다. 이어 지난 2월 5일 더불어민주당 김동아 의원이 대형마트와 준대규모점포(SSM)의 새벽배송을 허용하는 유통산업발전법 일부개정법률안을 대표발의했다. 개정안의 핵심은 현행법상 대형마트에 적용되는 0시부터 오전 10시까지의 심야 영업 제한에 ‘전자상거래를 위한 영업행위에는 이를 적용하지 아니한다’는 단서를 추가하는 것이다. 지난 2월 8일 민주당과 정부, 청와대는 서울 삼청동 국무총리 공관에서 고위협의회를 열고 유통법 개정 추진에 공식 합의했다. 민주당 박수현 수석대변인은 “온라인 비중 확대 등 유통 환경 급변에 따라 현행 오프라인 중심 규제를 개선할 필요가 있다”며 “온·오프라인 규제 불균형을 해소해 공정한 경쟁 환경을 조성해야 한다는 데 의견을 모았다”고 밝혔다. 당정 합의의 배경으로는 시장 구도 변화가 지목된다. 산업통상부에 따르면 지난해 국내 유통업 내 온라인 비중은 59%까지 상승했다. 반면 대형마트 비중은 9.8%로 떨어지며 사상 처음 한 자릿수로 내려앉았다. 현재 이마트·롯데마트·홈플러스 등 대형마트 3사가 전국에 보유한 점포는 약 670개다. 이 가운데 온라인 주문 처리가 가능한 점포는 약 460개에 달한다. 업체별로는 이마트 100여개, 롯데마트 70여개, 홈플러스 290여개 수준이다. 행정안전부에 등록된 쿠팡 물류 거점은 246개다. 법 개정 시 대형마트는 쿠팡의 두 배에 가까운 배송 거점을 기반으로 전국 단위 새벽배송망을 구축할 수 있게 된다. ◆ 반대 진영, 40여 개 단체 결집… 헌법소원까지 예고 당정 합의 소식이 알려지자 반대 진영은 즉각 거리로 나섰다. 2월부터 대통령실·국회·청와대 일대를 중심으로 기자회견과 집회가 이어졌다. 지난 3월 19일 국회 본청 계단 앞 집회에서 반대 단체들은 “최근 10년 사이 전통시장 100곳이 사라졌고 동네 슈퍼는 5만개가 문을 닫았다”며 “작년 한 해에만 쿠팡에서 8명의 노동자가 사망했고 사망 노동자 10명 중 7명은 과로성 뇌·심혈관 질환 때문”이라고 주장했다. 지난 4월 8일에는 40여 개 단체가 ‘대형마트 새벽배송 허용 저지를 위한 대책위원회’를 출범했다. 대책위는 산재 승인건수의 81.3%가 자정부터 새벽 5시 사이에 집중된다는 점을 저지 근거로 내세웠다. 소상공인연합회 등은 법안 통과 시 헌법소원을 제기하겠다는 입장이다. 반면 주무 부처인 중소벤처기업부는 아직 상생 지원 방안을 내놓지 못하고 있다. ◆ 5월~현재 소위 회부… 선거 후 논의 ‘진통 불가피’ 지난달 19일 국회 산업통상자원중소벤처기업위원회는 관련 개정안을 상정해 법안심사소위에 회부했다. 현재 심사 대상에는 민주당 김동아 의원안과 국민의힘 김성원 의원안이 올라 있다. 김동아 의원안은 오프라인 영업 규제는 유지하되 의무휴업일과 영업 제한 시간대 온라인 배송을 허용하는 내용이다. 반면 김성원 의원안은 새벽배송 허용과 함께 심야 영업 제한 및 의무휴업일 규제 폐지까지 포함하고 있다. 지난달 27일에는 대형마트 새벽배송 허용 저지 대책위원회가 성명을 내고 “이번 조치를 중소상인과 자영업자의 생존권을 짓밟고 노동자를 과로와 위험으로 내모는 유통법 개악 시도로 규정한다”며 강력 규탄했다. 산업통상부가 지난 27일 발표한 ‘2026년 4월 주요 유통업체 매출 동향’에 따르면 온라인 유통업체 매출은 전년 동월 대비 7.5% 증가했다. 반면 오프라인 매출 증가율은 6.7%에 그쳤고 대형마트 매출은 6.6% 줄었다. 한국개발연구원(KDI) 분석에서도 대형마트 의무 휴업일을 주말에서 평일로 전환한 경우 전통시장과 골목상권 매출이 줄었다는 뚜렷한 증거가 확인되지 않았다는 결과가 나왔다. 한편 서울 25개 자치구 가운데 서초구·동대문구·중구·관악구 등 4곳은 이미 의무 휴업일을 평일로 바꿔 운영 중이다. 서초구가 2024년 7월 처음으로 규제를 완화한 데 이어 동대문구·중구가 뒤따랐으며 2025년 2월에는 관악구도 의무 휴업일을 평일로 변경했다. ◆ 규제 데이터가 말하는 것… “마트 쉬어도 전통시장 안 간다” 14년 넘게 시행된...",mock
대형마트 새벽배송 / 유통산업발전법 개정,대형마트 새벽배송 / 유통산업발전법 개정 관련 세부 쟁점,대형마트 새벽배송 / 유통산업발전법 개정;mydaily.co.kr;정책,https://www.mydaily.co.kr/page/view/2026060511430130907,지선 이후 유통 판 흔드나…새벽배송·지역화폐·야간경제 ‘정책 대전’ 막 올랐다,mydaily.co.kr,갈등_구도,중립적,정부,'지선 이후 유통 판 흔드나…새벽배송·지역화폐·야간경제 ‘정책 대전’ 막 올랐다' 기사에서 mydaily.co.kr가 어떤 주체와 강조점을 전면에 두는지 기준으로 생성한 mock 태깅 결과입니다.,"- 0 - 가 - 가 대형마트 새벽배송 ‘제도화’ 논의 다시 본격화 오세훈표 야장 확대에 외식·주류업계 기대감 ↑ 지역화폐·배달앱 확대 등 골목상권 살리기에 힘 [마이데일리 = 방금숙 기자] 6·3 지방선거 이후 본격화될 정책들이 유통 산업 지형에 어떠한 변화를 가져올지 업계의 시선이 쏠리고 있다. 5일 정치권과 유통업계에 따르면 지방선거가 끝나고 당선자들이 공약을 내세운 지역화폐 확대, 공공배달앱 활성화, 야간경제 육성 등 소비 구조와 직결되는 정책들이 향후 유통 지형을 바꿀 변수로 떠오르고 있다. 특히 공약은 아니지만 선거 기간 표심을 의식해 속도가 늦춰졌던 유통산업발전법 개정안 논의가 다시 탄력을 받을 것으로 전망된다. 핵심은 대형마트 의무휴업일이나 심야 영업 제한 등 규제 속에서도 온라인 배송을 허용할 것인지 여부다. 현재 국회에는 대형마트와 기업형슈퍼마켓(SSM)의 온라인 배송 규제를 완화하는 내용의 개정안이 계류 중이다. 법안이 통과될 경우 이마트·롯데마트·홈플러스 등은 전국 점포를 물류 거점으로 활용해 새벽배송에 본격 뛰어들 수 있게 된다. 유통업계에서는 오프라인 마트가 보유한 촘촘한 점포망이 강점으로 작용할 수 있다고 보고 있다. 그동안 새벽배송 시장은 쿠팡과 컬리 등 이커머스 업체들이 주도해왔지만, 규제가 완화되면 오프라인 유통 대기업들이 본격적으로 시장 점유율 확보에 나설 수 있기 때문이다. 유통업계 관계자는 “그동안 오프라인 마트가 영업시간 제한과 의무휴업 규제에 묶여 있는 사이 이커머스 기업들은 사각지대에서 새벽배송을 앞세워 공룡으로 커왔다”며 “새벽배송 허용 논의는 환영하지만, 의무휴업 규제가 그대로 남아 있어 인력 운영과 수익성 등을 내부적으로 따져봐야 할 것”이라고 말했다. 서울을 비롯해 지방정부 차원의 정책 변화도 업계의 관심사다. 서울에서는 오세훈 시장의 ‘야간경제 상생특구’ 공약이 외식·주류업계의 기대를 모으고 있다. 해당 공약은 홍대·을지로·성수‧여의도 일대 등 주요 상권을 중심으로 그간 불법 운영되던 야외 영업(야장)과 도로 점용 규제를 완화하는 것이 골자다. 외식업계는 야외 테이블 영업이 제도권 안으로 들어올 경우 상권 체류 시간이 늘어나고 외식 소비가 확대될 것으로 보고 있다. 이는 맥주와 하이볼, 와인 등 업소용 주류 판매 소비 회복에도 긍정적인 요인이다. 주류업계 관계자는 “최근 회식 감소와 음주 문화 변화로 업소용 주류 시장이 크게 위축된 상황”이라며 “한시적으로라도 야장 규제가 완화된다면 외식 소비를 높이고 젊은 층의 음용률을 자연스럽게 끌어올리는 계기가 될 것”이라고 기대했다. 여기에 서울시는 관광객 유치 3000만명을 목표로 뚝섬·잠원·옥수·한남 일대의 야간 경관을 특화하고, 한강버스 야간 투어 상품을 내놓을 예정이다. 5대 고궁 야간 개방‧야외 밤 도서관도 상설화하고, 의료관광 활성화도 추진한다. 더불어민주당 단체장들이 대거 당선된 경기·인천·부산 등 주요 광역지자체는 지역화폐와 공공배달앱 확대에 속도를 낸다. 추미애 경기지사 당선인은 경기지역화폐 확대와 공공배달앱 ‘배달특급’ 고도화를 핵심 공약으로 제시했다. 박찬대 인천시장 당선자은 인천사랑상품권 혜택 확대와 전통시장 물류 전용 인프라 개선을 약속했다. 또한 8년 만에 정권 교체가 이뤄진 부산의 전재수 당선자는 ‘부산 민생 100일 비상조치’를 통해 골목상권의 디지털 전환과 온라인 판로 확대를 추진할 계획이다. 이원택 전북도시자 당선자도익산 국가식품클러스터와 새만금을 연계한 대규모 식품·유통 가공 산업 허브 구축에 나선다. 이 같은 지역화폐와 공공배달앱 확대는 소상공인과 골목상권에는 호재로 평가된다. 할인 혜택과 낮은 수수료를 앞세워 지역 내 소비를 유도할 수 있기 때문이다. 반면 배달의민족·쿠팡이츠 등 민간 배달 플랫폼이나 대형 이커머스 업체에는 경쟁 압박 요인으로 작용할 수 있다. 다만 배달업계 관계자는 “공공배달앱 확대는 정치권에서 꾸준히 추진해온 정책이지만 시장에서 성공하려면 소비자와 가맹점 확보가 동시에 확보돼야 한다”며 “민간 플랫폼과 경쟁하려면 상당한 예산과 투자, 차별화된 서비스가 뒷받침돼야 하기에 판도가 바뀌기는 쉽지 않을 것”이라고 진단했다. 업계는 선거 공약과 법안이 실제 시장 변화로 이어지기까지는 상당한 시간이 필요할 것으로 보고 있다. 대형마트 규제 완화는 국회 입법 과정을 거쳐야 하는 데다 소상공인 단체들의 반발도 적지 않아 치열한 공방이 예상된다. 야간특구 지정과 지역화폐 확대 역시 지방정부의 조례 개정과 추가경정예산 편성 등이 선행돼야 실효성이 발휘된다. 식품업계 관계자는 “대부분의 공약이 오래전부터 논의되거나 추진돼 온 사업들”이라며 “선거가 끝난 만큼 공약이 이행되고, 실제 소상공인 지원이나 기업 투자로 이어질지는 향후 예산 확보와 정책 추진 속도를 지켜봐야 할 것”이라고 말했다. 방금숙 기자 mintbang@mydaily.co.kr - ⓒ마이데일리(www.mydaily.co.kr). 무단전재&재배포 금지 -",mock
대형마트 새벽배송 / 유통산업발전법 개정,대형마트 새벽배송 / 유통산업발전법 개정 관련 세부 쟁점,대형마트 새벽배송 / 유통산업발전법 개정;newsis.com;정책,https://www.newsis.com/view/NISX20260605_0003657766,"지방선거 끝, '의무휴업' 등 대형마트 규제 완화 논의 주목",newsis.com,갈등_구도,중립적,정부,"'지방선거 끝, '의무휴업' 등 대형마트 규제 완화 논의 주목' 기사에서 newsis.com가 어떤 주체와 강조점을 전면에 두는지 기준으로 생성한 mock 태깅 결과입니다.","지방선거 끝, '의무휴업' 등 대형마트 규제 완화 논의 주목 규제 완화 개정안 법안심사소위 회부 상태 유통업체 매출 중 온라인 비중 60% 상회해 소상공인들 반발…""의무휴업 제도 존속해야"" 5일 업계에 따르면 그간 관련 규제를 완화하는 내용을 담은 법 개정안 다수가 발의됐다. 이들 가운데 최근 국회 산업통상자원중소벤처기업위원회가 법안심사소위에 회부한 개정안은 김동아 더불어민주당 의원안과 김성원 국민의힘 의원안이다. 두 개정안은 의무휴업 및 영업시간 제한 범위에서 온라인 배송 제한을 허용하되, 오프라인 영업규제는 유지하는 안(김동아 의원), 영업시간 제한 및 의무휴업일 지정 제한을 일괄 푸는 안(김성원 의원) 등을 다룬다. 현재 대형마트는 자정부터 오전 10시까지 범위에서 영업시간 제한을 받고 있다. 이들 법안은 대형마트에 대한 일부 규제가 완화될 필요가 있다는 점에서는 의견을 같이 한다. 유통시장 중심이 오프라인에서 온라인으로 넘어왔고, 기존의 규제가 당초 입법 취지인 골목 상권 보호 효과는 미미한 반면, 쿠팡 등 거대 온라인 유통 플랫폼의 몸집만 불려 준 게 아니냐는 인식이 배경이다. 개정안 검토보고서 역시 2020년부터 2025년까지 온라인 주요 11개사는 연평균 12.8% 성장했는데 대형마트 주요 3사는 4.4% 역성장했다는 수치를 포함하고 있다. 산업통상부에 따르면 4월 유통업체 매출 중 온라인 비중은 60.3%에 달했다. '대형마트 의무휴업'이 보호하고자 하는 전통 시장 매출이 제도의 영향을 크게 받고 있지 않다는 취지 국책연구기관의 분석이 나오기도 했다. 한국개발연구원(KDI)은 '의무휴업일 평일 전환이 시사하는 유통정책의 전환 방향' 보고서에서 의무휴업일을 평일로 전환했을 때 대형마트 매출이 증가했는데, 전통시장의 유의미한 매출 감소세는 확인되지 않는다고 했다. 관련 법 개정안과 연구 보고서, 악화된 업황 등을 마주한 대형마트 측은 정치권 논의에 기대감을 공유하는 모습이다. 특히 이커머스 업체들과 가격 경쟁 등 비용이 발생하는 새벽 배송보다 의무휴업 규제 완화가 이뤄질지에 관심이 높아 보인다. 현행 법은 지자체 조례에 따라 의무휴업을 주말에서 평일로 전환할 수 있도록 한다. 업계 관계자는 ""의무휴업일을 주말에서 평일로만 전환해도 매출에 유의미한 변화가 나타난다""며 ""규제가 시작된 2012년에 비해 환경이 많이 달라졌다. 기울어진 운동장을 평평하게 만들어 서로 경쟁할 수 있는 구조가 필요하다""고 말했다. 규제 완화 논의는 회생 절차를 밟고 있는 홈플러스 매각에도 영향을 줄 수 있어 함께 거론되기도 한다. 현재 홈플러스는 익스프레스를 분리 매각하고 본체 매각을 추진 중인데, 규제가 완화될 경우 사업적인 측면에서 활용도가 상승할 수 있다. 다만 개정이 추진될 경우 적지 않은 진통도 함께 예상된다. 소상공인들은 규제 완화가 이뤄지면 벼랑 끝에 내몰리게 된다며 대형마트 영업시간 제한과 공휴일 의무휴업 제도 존속 필요성을 강조하고 있다. 이들은 ""'온라인 플랫폼을 견제하고자 대형마트 규제를 푼다'는 논리는 본말이 전도된 궤변""이라며 개정안이 통과된다면 헌법 소원 등 절차를 밟을 것이라고 예고한 상태다. ◎공감언론 뉴시스 [email protected] Copyright © NEWSIS.COM, 무단 전재 및 재배포 금지",failed
대형마트 새벽배송 / 유통산업발전법 개정,대형마트 새벽배송 / 유통산업발전법 개정 관련 세부 쟁점,대형마트 새벽배송 / 유통산업발전법 개정;biz.heraldcorp.com;정책,https://biz.heraldcorp.com/article/10763338?ref=naver,"대형마트 규제 풀릴까…선거 끝, 아리송해진 셈법 [언박싱]",biz.heraldcorp.com,갈등_구도,중립적,정부,"'대형마트 규제 풀릴까…선거 끝, 아리송해진 셈법 [언박싱]' 기사에서 biz.heraldcorp.com가 어떤 주체와 강조점을 전면에 두는지 기준으로 생성한 mock 태깅 결과입니다.","대형마트 영업규제 권한은 지자체 ‘규제 완화’ 신중 기조는 이어질듯 새벽배송 허용 법안 동력도 떨어져 [헤럴드경제=강승연 기자] 6·3 지방선거에서 더불어민주당이 압승을 거두면서 유통업계에서도 선거 결과의 영향을 따져보느라 분주한 모습이다. 대형마트 영업규제 완화에 신중한 민주당이 우위를 가져간 만큼 규제 완화에는 시간이 걸릴 것이라는 관측이 제기된다. 유통산업발전법에 따르면 대형마트와 기업형슈퍼마켓(SSM)의 심야 영업시간 제한과 의무휴업일 지정은 특별자치시장·시장·군수·구청장의 권한으로 규정돼 있다. 관련 사항은 해당 지방자치단체 조례로 정하게 돼 있다. 지자체 구성이 각 지역 내 대형마트·SSM 영업에 중요한 이유다. 핵심 지역인 서울에서는 규제 완화 흐름이 지지부진할 것으로 보인다. 구청장·구 의회 선거에서 우위를 점한 민주당이 전통시장·골목상권 보호를 위해 규제 완화에 신중한 입장을 보이기 때문이다. 오세훈 서울시장은 규제를 유연하게 적용해야 한다는 기조를 펼쳐왔지만, 실질적인 권한은 각 자치구에 있다. 현재 서울 25개 자치구 중 대형마트 의무휴업일을 평일로 전환한 자치구는 서초구·동대문구·중구·관악구뿐이다. 서울시의회가 2024년 4월 조례를 개정해 자치구들이 규제를 완화할 길을 열어줬지만, 2년간 단 4곳만 실행에 옮겼다. 그 외 지역에서도 의무휴업일을 평일로 바꾼 지자체는 경기(의정부·고양)·부산·대구·충북(청주) 등 일부에 그친다. 조지훈 전주시장 당선인의 경우 2010~2011년 전주시의회 의장 시절 대형마트 영업제한을 공론화했다. 이듬해에는 전국 최초로 대형마트 의무휴업 지정을 이끈 바 있다. 앞으로도 분위기는 크게 다르지 않을 것으로 예상된다. 유통업계는 온라인 쇼핑이 대중화된 환경을 고려해 낡은 규제를 철폐해야 한다고 호소하고 있다. 산업통상자원부에 따르면 지난 4월 전체 유통업체 매출 중 온라인 비중은 60.3%로 사상 처음으로 60%를 돌파했다. 대형마트 비중은 7.9%에 불과했다. 홈플러스는 지난해 기업회생절차에 돌입하면서 이커머스와 대형마트 간 역차별이 이유 중 하나라고 주장하기도 했다. 국회 산업통상자원중소벤처기업위원회는 지난달 19일 대형마트 규제를 완화하는 유통산업발전법 개정안을 법안심사소위원회에 회부했다. 심사 대상에 오른 김동아 민주당 의원안과 김성원 국민의힘 의원안 모두 대형마트의 새벽배송을 허용하는 내용을 담고 있다. 다만 중소상인·노동계 반발이 크고 각종 현안이 산적해 있어 논의가 탄력을 받을 수 있을지는 미지수다. 소상공인연합회·민주노총 마트노조 등은 최근 대형마트 규제 완화가 지역 상권 타격과 노동자 과로사를 조장할 것이라며 법안 철회를 요구하는 입장문을 내놨다. spa@heraldcorp.com",failed
대형마트 새벽배송 / 유통산업발전법 개정,대형마트 새벽배송 / 유통산업발전법 개정 관련 세부 쟁점,대형마트 새벽배송 / 유통산업발전법 개정;mediapen.com;정책,https://www.mediapen.com/news/view/1102661,대형마트 14년 족쇄 풀리나…‘새벽배송’ 역습 채비,mediapen.com,갈등_구도,중립적,정부,'대형마트 14년 족쇄 풀리나…‘새벽배송’ 역습 채비' 기사에서 mediapen.com가 어떤 주체와 강조점을 전면에 두는지 기준으로 생성한 mock 태깅 결과입니다.,"대형마트 14년 족쇄 풀리나…‘새벽배송’ 역습 채비 수정 2026-06-04 16:25:34 입력 2026-06-04 16:25:43 김성준 기자 | sjkim11@mediapen.com 국회 산자위, 유통법 개정안 상정…대형마트 '새벽배송' 허용 가닥 점포 영업시간 규제·의무휴업 규정은 쟁점, 소상공인 반발도 변수 ""규제 완화 첫걸음 환영""…신선식품 등 차별화 경쟁력 확보 단초 점포 영업시간 규제·의무휴업 규정은 쟁점, 소상공인 반발도 변수 ""규제 완화 첫걸음 환영""…신선식품 등 차별화 경쟁력 확보 단초 [미디어펜=김성준 기자] 온라인 유통 매출 비중이 사상 처음으로 60%를 돌파하며 대형마트의 생존 위기가 고조된 가운데, 14년째 발목을 잡아 온 '유통산업발전법' 개정 논의가 급물살을 타고 있다. 6·3 지방선거 이후 정치권에서 낡은 유통 규제 혁파에 대한 공감대가 형성되면서, 마트 업계는 새벽배송 소외 지역까지 아우르는 '초밀착 당일 배송' 전쟁에 본격 참전할 채비를 서두르고 있다. 4일 업계에 따르면 국회 산업통상자원중소벤처기업위원회(산자위)는 최근 유통산업발전법 개정안을 소위원회에 회부했다. 그간 지방선거를 앞두고 소상공인과 유통업계 종사자 등 표심 계산으로 논의가 더뎌졌지만, 여야 모두 유통 환경 변화에 맞춰 낡은 규제를 손질해야 한다는 필요성에는 공감대를 형성한 만큼 관련 논의가 급물살을 탈 것이란 관측이 나온다. 현재 국회에 상정된 개정안은 모두 '새벽배송' 허용 내용을 담고 있다. 더불어민주당 김동아 의원안은 오프라인 영업 규제는 현행대로 유지하되, 온라인 배송을 심야 영업 제한의 예외로 두는 내용을 골자로 한다. 국민의힘 김성원 의원안은 여기에 더해 대형마트 영업시간 제한을 폐지하고 의무휴업 규정도 대폭 완화하는 내용을 담고 있다. 변수는 소상공인과 전통시장 단체 등의 반발이다. 대형마트 규제 완화가 골목상권 생존을 위협할 수 있다는 우려 때문이다. 소상공인연합회 등은 법안 통과 시 헌법소원을 제기하겠다는 강경한 입장을 내비치고 있다. 이 때문에 대형마트 업계에서도 영업시간 제한이나 의무휴업 폐지 등 '베스트 시나리오'가 이뤄질 가능성은 낮게 보고 있다. 대형마트 A사 관계자는 ""법안 개정 방향에 따라 내부적으로 여러 가지 시나리오를 검토하고 있으며, 이에 따른 가이드 라인도 준비된 상태""라며 ""현실적으로 의무휴업일이 폐지될 가능성은 낮지만, 대형마트 규제 완화에 대한 논의가 첫발을 뗀다는 점은 고무적""이라고 말했다. 대형마트는 각종 규제가 이커머스와 경쟁에서 심각한 역차별로 작용하고 있다고 주장해 왔다. 실제로 산업통상부가 발표한 '2026년 4월 주요 유통업체 매출 동향'에 따르면 전체 유통업체 매출 중 온라인이 차지하는 비중은 60.3%로 나타났다. 온라인 매출 비중이 60%를 넘긴 것은 이번이 처음이다. 반면 대형마트가 차지하는 비중은 7.9%, SSM은 1.9%에 불과했다. 백화점(15.3%), 편의점(14.6%)과 비교해도 크게 낮은 수치다. 오프라인 유통에서 대형마트의 약세는 갈수록 심화되고 있다. 2021년 대형마트 비중은 15.1%, 백화점은 14.7%, 편의점은 15.4%였다. 4년여간 백화점과 편의점 비중은 큰 폭의 변화가 없었지만, 대형마트 매출 구성비는 절반 가까이 하락했다. 같은 기간 온라인 매출 비중이 52.1%에서 60.3%로 늘어났다는 점을 고려하면, 사실상 대형마트 매출을 고스란히 온라인에 빼앗긴 셈이다. 국책연구기관인 한국개발연구원(KDI)의 분석도 대형마트 규제 완화 논의에 무게를 싣고 있다. KDI의 '의무휴업일 평일 전환이 시사하는 유통정책의 전환 방향' 보고서에 따르면 대형마트 의무휴업일을 평일로 전환해도 전통시장 등 다른 오프라인 업태의 매출 감소를 수반하지 않는 것으로 나타났다. 이에 따라 오프라인 점포 간 대체관계를 전제로 운영돼 온 주말 중심 의무휴업일 제도도 재검토가 필요하다는 시각이다. 대형마트 B사 관계자는 ""전국 대형마트 및 SSM 점포를 새벽배송 물류 거점으로 활용할 수 있게 되면, 새벽배송 소외 지역 고객들의 편익를 크게 향상시킬 수 있다""면서 ""특히 신선도가 중요한 신선식품의 경우, 주거지역과 인접한 대형마트 및 SSM에서 배송되는 상품의 경쟁력이 더욱 부각될 수 있다""고 설명했다. 이어 ""당장은 이커머스 풀필먼트와 같은 수준의 물류시스템을 갖추긴 어렵겠지만, 신선식품 경쟁력, 점포기반 라스트마일 배송 최적화라는 대형마트의 강점과 결합해 이커머스와는 또 다른 형태의 고객 가치를 만들어낼 것으로 기대한다""고 덧붙였다.",failed
대형마트 새벽배송 / 유통산업발전법 개정,대형마트 새벽배송 / 유통산업발전법 개정 관련 세부 쟁점,대형마트 새벽배송 / 유통산업발전법 개정;inews24.com;정책,http://www.inews24.com/view/1973837,'24시간 퀵배송' 편의점의 반란⋯쿠팡·네이버 턱밑 추격,inews24.com,갈등_구도,중립적,정부,''24시간 퀵배송' 편의점의 반란⋯쿠팡·네이버 턱밑 추격' 기사에서 inews24.com가 어떤 주체와 강조점을 전면에 두는지 기준으로 생성한 mock 태깅 결과입니다.,"[아이뉴스24 진광찬 기자] 편의점이 주요 유통채널 가운데 소비자들의 이용빈도가 가장 많은 플랫폼인 것으로 나타났다. 온라인 쇼핑이 일상화된 시대에도 쿠팡·네이버 등 주요 이커머스를 앞지르며 근거리 장보기 수요를 흡수하는 모습이다. 촘촘한 오프라인 점포망을 기반으로 '24시간 배달' 체제를 구축한 게 효과를 거두고 있다는 평가다. 4일 시장조사기관 와이즈앱·리테일에 따르면 올 1~4월 주요 커머스 브랜드 월평균 결제횟수 조사에서 편의점 GS25와 CU는 각각 1위와 2위를 차지했다. 같은기간 편의점 4사(GS25, CU, 세븐일레븐, 이마트24) 결제 추정금액은 12조5600억원으로 집계됐다. 이는 2022년과 비교해 25.9% 증가한 수치로 4년연속 성장세다. 브랜드별 합산 결제 추정금액은 GS25가 가장 높았고 CU, 세븐일레븐, 이마트24가 뒤를 이었다. 특히 이커머스 양강인 쿠팡과 네이버(네이버페이 포함)를 앞질렀다는 점에서 주목된다. 외형(결제 금액 규모)에서는 대형 이커머스에 밀렸으나 실제 이용빈도 측면에서는 우위를 점했다는 의미다. 4월 기준으로 보면 국내 소비자의 편의점 4사(GS25, CU, 세븐일레븐, 이마트24) 1인당 월간 평균 결제횟수는 15.6회로 평균 결제금액은 9만1000원이다. 소비자들은 이틀에 한 번꼴로 편의점을 찾은 셈이다. 업계에서는 편의점의 성장세가 1시간내 물건을 즉시 배달해주는 퀵커머스 확대와 맞물린 것으로 분석했다. 소비 중심축이 온라인으로 급격히 기우는 상황에서 편의점들이 배송망을 강화하며 쇼핑수요를 붙잡고 있다는 것이다. 최근 CU와 GS25는 최근 쿠팡이츠와 손잡고 24시간 퀵커머스 서비스를 도입했다. 심야 배달수요가 늘어나자 기존에는 운영하지 않던 오전 3시부터 6시까지 서비스 운영 시간을 늘렸다. 사실상 이커머스가 독점하던 24시간 배송 시장에 균열을 내고 있다는 평가다. GS25 경우 퀵커머스 매출은 전년동기 대비 2024년 75.4%, 2025년 64.3%, 올 1분기 79.5% 증가했다. 전체 매출에서 차지하는 비중은 10%에 육박한다. 오프라인 점포 보조 채널을 넘어 새로운 매출원 역할을 하고 있다. 온라인 유입 고객을 오프라인 매장 방문으로 유입하는 데도 효과적이다. 여기에 편의점들이 상품군을 다변화하며 다른 채널과 경계를 줄여가고 있는 점도 경쟁력 향상 요인으로 꼽힌다. 과거 편의점은 담배·먹거리를 빼면 우산·건전지 등 긴급 구매 수요에 머물렀으나 최근에는 패션·뷰티·완구 등으로 영역이 넓어지고 있다. 편의점 전용 의류와 화장품이 나올 정도다. 시장에서는 편의점이 기존 필요한 제품을 구매하는 공간을 넘어 일상소비 수단으로 자리 잡으며 유통시장 구도가 변화하고 있다는 관측도 나온다. 1인가구 증가 등으로 소용량·가성비 소비 확산과 근거리 쇼핑 트렌드도 영향을 미치고 예측이다. 업계 관계자는 ""대형마트가 규제로 새벽배송이 불가한 상황에서 편의점은 24시간 배송이 가능한 유일한 오프라인 채널""이라며 ""최근에는 상품군마저 대폭 늘리며 온라인 쇼핑에 익숙해진 소비자들을 적극 공략하고 있다""고 말했다. /진광찬 기자(chan2@inews24.com)",mock
대형마트 새벽배송 / 유통산업발전법 개정,대형마트 새벽배송 / 유통산업발전법 개정 관련 세부 쟁점,대형마트 새벽배송 / 유통산업발전법 개정;daejonilbo.com;정책,https://www.daejonilbo.com/news/articleView.html?idxno=2279373,대형마트 의무휴업 평일 전환 확산…대전은 왜 멈춰있나,daejonilbo.com,갈등_구도,중립적,정부,'대형마트 의무휴업 평일 전환 확산…대전은 왜 멈춰있나' 기사에서 daejonilbo.com가 어떤 주체와 강조점을 전면에 두는지 기준으로 생성한 mock 태깅 결과입니다.,"서울·부산·청주 등 전국 30개 지자체 도입…전환 후 매출 증가 국회 개정안 계류 속 대전시 ""상충 의견 많아 상황 지켜볼 것"" 최근 전국적으로 대형마트 의무휴업일을 주말에서 평일로 전환하는 움직임이 확산되고 있지만 대전에서는 아직 관련 논의가 본격화되지 않은 것으로 나타났다. 국회에 유통산업발전법 개정안이 계류 중인 데다 대형마트와 전통시장 간 이해관계가 엇갈리고 있어 당분간 상황을 지켜보겠다는 입장이다. 3일 유통업계에 따르면 지난 2023년 이후 대구와 서울, 부산 등을 중심으로 확산된 평일 전환에 참여한 지자체는 30곳, 대상 점포는 300여 곳으로 확대됐다. 충청권에서는 청주시가 지난 2023년 5월 의무휴업일을 수요일로 변경한 바 있다. 의무휴업 제도는 대형마트와 준대규모점포(SSM)가 월 2회 공휴일에 의무적으로 휴업하도록 한 제도로, 전통시장과 골목상권 보호를 위해 2012년 도입됐다. 하지만 온라인 쇼핑과 새벽배송이 급성장하면서 제도 실효성을 둘러싼 논란이 이어지고 있다. 실제 한국개발연구원(KDI)의 '의무휴업일 평일 전환이 시사하는 유통정책의 전환 방향' 보고서에 따르면 2010년대 중반 이후 대형마트 매출은 감소세로 돌아선 반면 편의점과 SSM, 전자상거래 시장은 꾸준히 성장했다. 특히 온라인 유통 매출은 2006년 3조 8000억 원에서 2023년 96조 3000억 원으로 급증하며 유통시장의 중심축이 온라인으로 이동한 것으로 분석됐다. 평일 전환 이후 효과도 확인됐다. KDI 분석 결과 대형마트 매출은 대구 4.7%, 서울 2.8%, 부산 6.2-7.9% 증가한 것으로 나타났다. 반면 전통시장과 골목상권 매출이 일관되게 감소했다는 증거는 확인되지 않았다. 그러나 대전시는 아직 제도 변경을 검토하고 있지 않다는 입장이다. 시 관계자는 ""현재 의무휴업일 평일 전환과 관련해 별도로 논의되고 있는 사항은 없다""며 ""국회에 유통산업발전법 개정안이 계류돼 있는 만큼 향후 입법 상황을 지켜보면서 검토할 계획""이라고 말했다. 이어 ""대형마트 배송 규제를 완화하거나 새벽배송을 허용해야 한다는 의견이 있는 반면, 의무휴업을 주말에 유지해야 한다는 목소리도 적지 않다""며 ""과거 대구가 평일 전환을 추진할 당시 의견을 청취한 적은 있지만 현재는 구체적인 논의가 진행되고 있지 않다""고 설명했다. 현재 국회에는 대형마트 의무휴업 규제를 완화하고 온라인 새벽배송을 허용하는 내용의 유통산업발전법 개정안이 계류돼 있다. 유통업계는 온라인 플랫폼과의 형평성을 이유로 규제 완화를 요구하고 있지만, 전통시장과 소상공인 단체들은 골목상권 위축을 우려하며 반대하고 있다. 업계에서는 지방선거 이후 국회 논의가 재개될 경우 대전 역시 제도 변경 여부를 둘러싼 논의가 본격화될 가능성이 있다고 보고 있다. 다만 소비자 편익 확대와 유통업계 경쟁력 강화, 전통시장 보호라는 상충된 과제가 핵심 쟁점이 될 전망이다. 지역 유통업계 관계자는 ""과거에는 대형마트와 전통시장이 경쟁 관계였지만 지금은 쿠팡 등 온라인 플랫폼이 가장 큰 경쟁 상대가 됐다""며 ""소비자 편익과 지역 상권 보호라는 두 과제를 균형 있게 고려해야 하는 만큼 충분한 사회적 논의가 필요하다""고 말했다.",mock
대형마트 새벽배송 / 유통산업발전법 개정,대형마트 새벽배송 / 유통산업발전법 개정 관련 세부 쟁점,대형마트 새벽배송 / 유통산업발전법 개정;news.mtn.co.kr;정책,https://news.mtn.co.kr/news-detail/2026060113395828823,MTN NEWS,news.mtn.co.kr,갈등_구도,중립적,정부,'MTN NEWS' 기사에서 news.mtn.co.kr가 어떤 주체와 강조점을 전면에 두는지 기준으로 생성한 mock 태깅 결과입니다.,"대형마트 '족쇄' 풀릴까…논의 급물살에 업계 '기대감' 국회 산자위, 유통산업발전법 개정안 심사소위 상정 온라인 매출 비중 60% 넘어…대형마트·SSM은 나란히 역성장 '역차별' 논란에 규제 완화론 재부상 온라인 매출 비중 60% 넘어…대형마트·SSM은 나란히 역성장 '역차별' 논란에 규제 완화론 재부상 김가현기자 대형마트의 심야 영업 허용과 의무휴업 규제를 완화하는 내용의 유통산업발전법 개정안이 다시 수면 위로 떠올랐다. 온라인 유통업체와의 경쟁에서 각종 제약을 받아온 대형마트 업계는 6·3 지방선거 이후 관련 논의가 속도를 낼 수 있다는 관측에 기대감을 키우고 있다. 1일 업계에 따르면 국회 산업통상자원중소벤처기업위원회는 지난달 19일 유통산업발전법 개정안을 상정하고 법안심사소위원회에 회부했다. 현재 논의 대상에는 대형마트의 전자상거래 영업행위를 영업시간 제한 규제 대상에서 제외하는 내용과 의무휴업일 운영을 완화하는 방안 등이 포함된 것으로 알려졌다. 법안이 통과될 경우 지자체별 별도 조치 없이도 전국 대형마트 점포에서 온라인 새벽배송이 가능해질 수 있다. 현행법상 대형마트와 기업형 슈퍼마켓(SSM)은 자정부터 오전 10시까지 영업이 제한된다. 월 2회 공휴일 의무휴업 규제도 적용받고 있다. 이에 대형마트는 점포 기반 물류 인프라를 갖추고도 심야·새벽 시간대 온라인 배송 영업에 제약을 받아왔다. 법 개정이 시급하다는 목소리가 커지는 배경에는 오프라인 유통 채널 내 양극화가 있다. 산업통상자원부에 따르면 지난 4월 주요 유통업체 매출은 오프라인과 온라인 각각 6.7%, 7.5% 증가세를 보였다. 하지만 세부 업태별로는 백화점이 21.7%, 편의점이 3.3% 증가하며 오프라인 성장을 견인한 반면, 대형마트는 6.6%, SSM은 6.9% 감소했다. 매출 비중을 봐도 온라인이 60.3%를 차지했고, 이어 백화점 15.3%, 편의점 14.6%, 대형마트 7.9%, SSM 1.9% 순으로 나타났다. 온라인 유통 비중이 높아지는 가운데, 오프라인 채널 안에서도 백화점·편의점과 대형마트·SSM 간 격차가 확대되는 모습이다. ■ 껍데기만 남은 10년 전 규제…실효성 의문도 전문가들은 현행 규제가 2010년대 초반 골목상권과 전통시장 보호를 목적으로 설계된 만큼, 급변한 소비 트렌드와 맞지 않는다고 지적한다. 대형마트는 각종 규제를 적용받는 반면, 쿠팡 등 온라인 기반 이커머스 업체들은 규제에서 벗어나 있어 경쟁 조건이 기울어져 있다는 주장이다. 이에 따라 업계에서는 새벽배송 허용을 단순한 영업시간 확대가 아닌, 소비자 선택권 확대와 유통산업 경쟁력 회복 차원에서 접근해야 한다는 목소리가 커지고 있다. 최근 홈플러스 사태도 대형마트 업계 전반의 위기감을 보여주는 사례로 거론된다. 홈플러스는 경영 악화로 일부 점포 운영을 중단하거나 조정하는 등 구조조정 압박을 받고 있다. 현재 SSM 사업부문인 홈플러스 익스프레스에 이어 본사와 대형마트·온라인몰을 포함한 잔존사업부문까지 매각 추진 중으로, 대형마트 업계의 수익성 악화가 더 이상 개별 기업만의 문제가 아니라는 우려가 나온다. 대형마트와 SSM에 대한 역차별 문제도 규제 완화 주장에 힘을 싣고 있다. 현행 유통산업발전법상 전통시장 반경 1km 이내에는 매장 면적 3000㎡ 이상 대규모점포의 출점이 제한된다. 반면 식자재마트는 매장 면적을 3000㎡ 미만으로 유지할 경우 의무휴업과 영업시간 제한을 받지 않는다. 때문에 일부 식자재마트는 매장 규모를 쪼개는 방식으로 규제를 피해 가며 전통시장 인근에서 연중무휴 또는 24시간 영업을 이어가고 있다. 규제 실효성에 대한 의문도 제기된다. 한국개발연구원(KDI)는 대형마트 의무휴업일을 주말에서 평일로 전환했을 때 전통시장과 주변 상권 매출이 감소했다는 뚜렷한 증거가 확인되지 않았다는 분석을 내놓은 바 있다. 의무휴업 규제가 골목상권 보호로 직접 이어지는지에 대한 실증적 근거가 충분하지 않다는 것이다. ■ 소상공인·노동계 반발 거세…법안 처리까지 진통 불가피 다만 법안 처리까지는 적지 않은 진통이 예상된다. 소상공인 단체들은 대형마트 새벽배송 허용이 골목상권과 지역 중소 유통업체에 타격을 줄 수 있다며 반발하고 있다. 소상공인연합회와 전국상인연합회, 한국수퍼마켓협동조합연합회 등은 지난달 26일 공동 성명을 통해 대형마트 규제 완화에 강한 유감을 표하고 법안 철회를 요구했다. 노동계 역시 반대 입장을 고수하고 있다. 마트 노동자들은 의무휴업과 심야 영업 제한이 노동자의 온전한 휴식권과 건강권을 보장하는 최소한의 사회적 안전장치라고 주장한다. 새벽배송이 전국적으로 확대될 경우 노동 강도가 심화하는 것은 물론, 야간·심야 노동의 상시화로 이어져 노동 환경이 극도로 악화될 것이라는 우려다. 나아가 소상공인 단체들은 규제를 풀 것이 아니라, 오히려 대형 식자재마트를 규제 대상에 포함하도록 유발법을 한층 더 강화해야 한다고 맞서고 있다. 이들은 ""만약 국회가 소상공인들의 생존권을 위협하는 새벽배송 허용 법안을 강행 처리한다면, 즉시 헌법재판소에 헌법소원을 청구할 것""이라며 강경 대응을 예고했다. 유통업계 안팎에서는 6·3 지방선거 이후 멈춰 섰던 법안 논의가 정국의 핵심 쟁점으로 재점화될 것으로 보고 있다. 대형마트 규제 완화 논의는 2021년부터 꾸준히 제기됐으나 골목상권 보호와 노동자 휴식권 보장...",mock
대형마트 새벽배송 / 유통산업발전법 개정,대형마트 새벽배송 / 유통산업발전법 개정 관련 세부 쟁점,대형마트 새벽배송 / 유통산업발전법 개정;news.tvchosun.com;정책,https://news.tvchosun.com/site/data/html_dir/2026/05/26/2026052690378.html,"대형마트 새벽배송 풀리나…소상공인 ""헌법소원 가겠다""",news.tvchosun.com,갈등_구도,중립적,정부,"'대형마트 새벽배송 풀리나…소상공인 ""헌법소원 가겠다""' 기사에서 news.tvchosun.com가 어떤 주체와 강조점을 전면에 두는지 기준으로 생성한 mock 태깅 결과입니다.","대형마트의 심야 영업 제한을 완화하고 새벽배송을 허용하는 법안이 국회 논의 테이블에 오르자 소상공인 단체들이 반발하고 나섰다. 소상공인연합회와 전국상인연합회, 한국수퍼마켓협동조합연합회는 26일 성명을 내고 관련 법안 철회를 촉구했다. 이들 단체는 국회 산업통상자원중소벤처기업위원회가 대형마트 심야 영업 제한 완화와 의무휴업 규제 자율화 내용을 담은 유통산업발전법 개정안을 법안심사소위원회에 상정한 데 대해 “강력한 유감을 표한다”고 밝혔다. 핵심 쟁점은 새벽배송이다. 현재 대형마트는 영업시간 제한과 의무휴업 규제를 받고 있다. 개정안이 통과되면 대형마트의 온라인 배송 시간 제한이 완화돼 새벽배송이 가능해질 수 있다. 소상공인 단체들은 이를 두고 “대형마트에 새벽배송의 날개를 달아주는 법안”이라고 주장했다. 이들은 “공정한 경쟁이 아닌 자본에 의한 무차별 학살에 소상공인을 내모는 격”이라며 “소비자의 선택권 감소와 가격 결정권 위협이라는 부메랑으로 돌아올 것”이라고 밝혔다. 법안이 강행 처리될 경우 헌법소원도 내겠다는 입장이다. 소상공인 단체들은 “국회가 새벽배송 허용 법안을 강행 처리한다면 헌법재판소에 헌법소원을 청구하겠다”며 관련 법안의 즉각 철회를 요구했다. 대형마트 규제 완화 논의는 소비자 편의와 유통 경쟁력 강화라는 명분이 있지만, 골목상권 침해 논란이 다시 커지는 분위기다. Copyrights ⓒ TV조선. 무단전재 및 재배포 금지",mock
대형마트 새벽배송 / 유통산업발전법 개정,대형마트 새벽배송 / 유통산업발전법 개정 관련 세부 쟁점,대형마트 새벽배송 / 유통산업발전법 개정;yna.co.kr;정책,https://www.yna.co.kr/view/AKR20260529134300030?input=1195m,마트 '평일휴업·새벽배송' 길 열리나…지방선거 후 논의 전망 | 연합뉴스,yna.co.kr,갈등_구도,중립적,정부,'마트 '평일휴업·새벽배송' 길 열리나…지방선거 후 논의 전망 | 연합뉴스' 기사에서 yna.co.kr가 어떤 주체와 강조점을 전면에 두는지 기준으로 생성한 mock 태깅 결과입니다.,"유통산업발전법 개정안 국회 소위 회부…서울 4개구, 평일휴업 도입 ""쿠팡 키우고 마트만 불공정 규제"" vs ""노동자 과로사 조장"" (서울=연합뉴스) 정수연 기자 = 대형마트 의무 휴업일을 일요일에서 평일로 변경하고 온라인 새벽배송을 허용하는 법 개정 움직임이 6·3 지방선거 이후 탄력을 받을지 관심이 쏠린다. 국회 산업통상자원중소벤처기업위원회는 이 같은 내용을 골자로 한 유통산업발전법 개정안을 지난 19일 상정해 소위원회에 회부했다. 지방자치단체장이 대형마트와 준대규모점포에 대해 영업시간 제한을 명할 수 있는데, 전자상거래를 위한 영업행위에는 해당 규제 적용을 제외한다는 게 핵심이다. 또 이 법이 통과될 경우 기초단체 차원의 조치를 거치지 않고도 전국 모든 대형마트 점포에서 새벽배송이 가능해진다. 대형마트 규제로 골목 상권이 살아나는 게 아니라 규제 사각지대에 있는 쿠팡을 포함한 이커머스(전자상거래) 업체들만 급성장하는 토대를 마련했다는 지적에 따라 법 개정을 추진 중이다. 유통업계 관계자는 31일 연합뉴스와 통화에서 ""쿠팡과 달리 대형마트에만 새벽배송 등 규제가 적용되면서 공정한 경쟁이 저해되어 왔다""면서 ""이 같은 규제가 풀리면 맞벌이 부부나 1인가구의 소비 선택지도 더 커질 수 있을 것""이라고 말했다. 실제로 대형마트 의무 휴업일을 주말에서 평일로 전환한 경우, 전통시장과 골목상권 매출이 줄어들었다는 뚜렷한 증거가 확인되지 않았다는 한국개발연구원(KDI) 분석이 나오기도 했다. 이 같은 대형마트 규제 완화 논의는 6·3 지방선거 국면이 본격화하며 소상공인과 노조 표심을 의식해 더 진전되지 못했지만, 선거가 마무리되면 산업 경쟁력을 높이는 차원에서 속도가 날 가능성이 있다. 이미 서울의 25개 자치구 가운데 서초구, 동대문구, 중구, 관악구 총 4곳은 의무 휴업일을 평일로 바꿔 운영 중이다. 서초구가 2024년 7월 공휴일에 휴업하도록 하는 규제를 처음으로 완화했고, 같은 해 동대문구와 중구가 뒤따랐다. 지난해 2월에는 관악구가 의무 휴업일을 평일로 변경했다. 서초구는 당시 영업 제한 시간을 기존 8시간(오전 0∼8시)에서 1시간(오전 2∼3시)으로 줄여 새벽배송도 가능하게 풀었다. 나머지 자치구들은 기존대로 월 2회 일요일 의무휴업을 유지하고 있다. 유통발전법상 의무휴업일은 공휴일이 원칙이지만 기초지자체장이 이해당사자 협의를 거쳐 평일로 바꿀 수 있다. 다만, 마트 노동자들의 휴식권 보장을 요구하는 노동계와 골목상권 보호라는 취지를 지켜야 한다는 소상공인이 강하게 반발하고 있어 법 개정 과정에서 상당한 진통이 예상된다. 민주노총 마트노조는 최근 연이어 성명서를 내며 ""정부와 여당의 새벽배송 확대는 유통 생태계를 파괴하고 노동자 과로사를 조장한다""며 ""유통재벌을 위한 친재벌 정책""이라고 주장했다. jsy@yna.co.kr 제보는 카카오톡 okjebo <저작권자(c) 연합뉴스, 무단 전재-재배포, AI 학습 및 활용 금지> 2026/05/31 06:00 송고 2026년05월31일 06시00분 송고",mock
대형마트 새벽배송 / 유통산업발전법 개정,대형마트 새벽배송 / 유통산업발전법 개정 관련 세부 쟁점,대형마트 새벽배송 / 유통산업발전법 개정;hansbiz.co.kr;정책,http://www.hansbiz.co.kr/news/articleView.html?idxno=842134,온라인 공세에 밀린 대형마트…규제 완화 논의 재점화,hansbiz.co.kr,갈등_구도,중립적,정부,'온라인 공세에 밀린 대형마트…규제 완화 논의 재점화' 기사에서 hansbiz.co.kr가 어떤 주체와 강조점을 전면에 두는지 기준으로 생성한 mock 태깅 결과입니다.,"| 서울=한스경제 하지현 기자 | 온라인 유통의 급성장으로 입지가 좁아진 대형마트를 둘러싼 규제 완화 논의가 다시 속도를 낼 전망이다. 변화한 유통 환경에 맞춰 제도 개선이 필요하다는 목소리가 커지고 있지만, 노동계와 소상공인 단체의 반발도 여전해 논의 과정에서 진통이 예상된다. ◆ 대형마트 새벽배송 길 열리나…유통법 개정 논의 재개 국회 산업통상자원중소벤처기업위원회는 최근 대형마트와 준대규모점포(SSM)의 온라인 영업행위를 규제 대상에서 제외하는 내용을 담은 유통산업발전법 개정안을 상정해 소위원회에 회부했다. 법안이 통과되면 대형마트의 새벽배송이 전국적으로 가능해진다. 지방선거 이후 관련 논의가 다시 본격화될 것이라는 전망도 나온다. 유통산업발전법은 2012년 골목상권과 전통시장 보호를 위해 도입된 제도다. 법안에 따라 대형마트와 SSM은 자정부터 오전 10시까지 영업시간 제한을 받고 월 2회 의무휴업도 적용받는다. 전통시장 반경 1㎞ 이내 신규 출점 역시 제한된다. 규제 완화 필요성은 최근 유통시장 흐름에서도 드러나고 있다. 산업통상자원부에 따르면 4월 업태별 매출 비중은 온라인(60.3%), 백화점(15.3%), 편의점(14.6%), 대형마트(7.9%), SSM(1.9%) 순이었다. 같은 기간 온라인 매출은 전년 동기 대비 7.5% 증가한 반면 대형마트 매출은 6.6% 감소했다. 온라인 사업자는 사실상 영업 규제를 받지 않는 반면 대형마트는 의무휴업과 영업시간 제한을 적용받고 있어 경쟁 여건이 불리하다는 지적이 꾸준히 제기되고 있다. 새벽배송 허용은 이해관계자 간 의견 차가 큰 만큼 단기간 내 제도 개선이 쉽지 않을 것이라는 관측이 나온다. 노동계는 노동강도 증가와 휴식권 침해를 우려하고 있으며, 소상공인 단체는 골목상권 보호 취지가 훼손될 수 있다며 반대 입장을 유지하고 있다. ◆ 일부 지자체 평일 휴업 효과 확인…제도 개선 기대감 반면 의무휴업일을 일요일에서 평일로 전환하는 방안은 상대적으로 현실성이 높다는 평가다. 현행법상 의무휴업일은 공휴일이 원칙이지만 기초지자체장이 이해당사자와 협의를 거쳐 평일로 변경할 수 있다. 실제 서울 서초구·동대문구·중구·관악구 등 일부 지자체는 지역 상인단체 등의 동의를 거쳐 평일 휴업을 시행하고 있다. 의무휴업일 평일 전환의 효과도 일부 확인됐다. 한국개발연구원(KDI)에 따르면 평일 휴업 전환 이후 대형마트 매출 증가율은 대구 4.7%, 서울(서초·동대문) 2.8%, 부산 6.2~7.9%를 기록했다. 대구에서는 온라인 결제액이 2.9% 감소했고 편의점 매출도 서울에서는 약 4% 줄었다. 반면 전통시장과 골목상권을 포함한 전통 유통 업태에서는 매출 감소를 보여주는 일관된 결과가 확인되지 않았다. KDI는 오프라인 접근성이 높아지면서 온라인으로 이동했던 소비 일부가 대형마트로 돌아온 결과로 해석했다. 온라인 중심으로 시장이 재편된 상황에서 규제 완화가 오히려 업태 간 경쟁 균형을 맞추는 효과를 낼 수 있다는 분석이다. 업계 관계자는 “평일 의무휴업 전환은 이미 일부 지자체에서 시행된 만큼 제도 개선 가능성이 상대적으로 높다”며 “유통시장의 경쟁 구도가 온라인 중심으로 바뀐 만큼 규제 논의도 변화한 시장 환경에 맞춰 이뤄질 필요가 있다”고 말했다. 하지현 기자 hajiya97@sporbiz.co.kr",mock
대형마트 새벽배송 / 유통산업발전법 개정,대형마트 새벽배송 / 유통산업발전법 개정 관련 세부 쟁점,대형마트 새벽배송 / 유통산업발전법 개정;daily.hankooki.com;정책,https://daily.hankooki.com/news/articleView.html?idxno=1372629,새벽배송 족쇄 풀릴까…6·3 선거 앞두고 대형마트 규제 완화 '촉각',daily.hankooki.com,갈등_구도,중립적,정부,'새벽배송 족쇄 풀릴까…6·3 선거 앞두고 대형마트 규제 완화 '촉각'' 기사에서 daily.hankooki.com가 어떤 주체와 강조점을 전면에 두는지 기준으로 생성한 mock 태깅 결과입니다.,"2012년 도입된 유통법, '이커머스' 환경 못 따라가 노동계·소상공인 반발 여전…""소비 변화 반영해야"" [데일리한국 김보라 기자] 6·3 지방선거와 국회의원 재·보궐선거를 앞두고 대형마트 영업규제 완화 논의가 다시 주목받고 있다. 당정이 이미 대형마트 온라인 새벽배송 허용 방향의 유통산업발전법(유통법) 개정을 추진하기로 뜻을 모았지만, 구체적인 법안 처리와 시행 시점은 정해지지 않은 상태다. 이에 따라 선거 이후 정치권의 정책 기조에 따라 제도 개편 논의가 속도를 낼 수 있다는 관측이 나오면서 업계가 촉각을 곤두세우고 있다. 2일 유통업계와 정치권에 따르면 국회 산업통상자원중소벤처기업위원회는 대형마트 의무휴업 규제 완화와 온라인 배송을 허용하는 유통법 개정안을 상정하고 소위원회에 회부했다. 이번 개정안의 핵심은 대형마트와 기업형 슈퍼마켓(SSM)에 적용되는 영업시간 제한 규제에서 전자상거래를 위한 영업행위를 제외하는 것이다. 법안이 통과될 경우 전국 대형마트는 별도의 지방자치단체 승인 없이도 자정 이후 온라인 주문 상품을 분류·포장해 새벽배송 서비스를 운영할 수 있게 된다. 현재 대형마트는 자정부터 오전 10시까지 영업이 제한돼 점포를 활용한 새벽배송 운영이 사실상 불가능하다. 반면 쿠팡과 컬리 등 국내 이커머스 업체는 물론, 최근 국내 시장에서 영향력을 급격히 확대하고 있는 알리익스프레스와 테무 등 C커머스(중국 전자상거래) 기업들은 시간 제약 없이 새벽배송과 당일배송 서비스를 제공하고 있다. 업계에서는 동일한 유통시장에서 경쟁하면서도 대형마트만 별도의 규제를 적용받고 있어 역차별이 발생하고 있다는 목소리가 나온다. 한 대형마트 관계자는 ""온라인 사업자들은 24시간 물류 운영이 가능한 반면, 대형마트는 영업시간 규제로 점포를 물류 거점으로 활용하지 못하고 있다""며 ""전국적인 점포망과 물류 인프라를 갖추고 있음에도 새벽배송 시장에서는 사실상 경쟁에 참여하기 어려운 상황""이라고 말했다. 업계는 대형마트 점포를 '물류 거점'으로 활용할 수 있게 된다면 전국적인 물류망을 통해 소비자 편익을 극대화하고 침체된 오프라인 유통 시장에 새로운 활력을 불어넣을 것으로 기대하고 있다. 또한 2012년 전통시장과 골목상권 보호를 위해 도입된 대형마트 영업규제가 변화한 유통 환경을 충분히 반영하지 못하고 있다는 지적도 나온다. 규제 도입 당시에는 전통시장과 골목상권 보호가 목적이었지만, 현재는 소비자들이 대형마트 대신 온라인 플랫폼으로 이동하면서 오히려 이커머스 기업만 수혜를 입고 있다는 것이다. 실제 국책연구기관인 한국개발연구원(KDI)의 분석에 따르면, 대형마트 의무휴업일을 주말에서 평일로 전환한 지역을 조사한 결과 전통시장이나 주변 상권 매출이 감소했다는 뚜렷한 증거는 확인되지 않았다. 오히려 일부 지역에서는 대형마트 방문객 감소로 주변 상권 유동 인구가 함께 줄어드는 ‘상권 위축 현상’이 나타난 것으로 분석됐다. 소비자들 역시 ""맞벌이 부부나 1인 가구에게 마트 평일 휴업이나 새벽배송 금지는 지나친 생활 불편을 야기한다""며 규제 완화를 요구하는 목소리를 높이고 있다. 반면 노동계와 소상공인 단체들의 반대는 여전하다. 민주노총 마트노조 등 노동계는 의무휴업과 영업시간 제한이 노동자의 건강권과 휴식권을 보장하는 최소한의 장치라며 강력히 반발하고 있다. 소상공인 단체들 역시 대형마트 규제 완화가 지역 상권 위축으로 이어질 수 있다며 반대 입장을 유지하고 있다. 다만 법안 처리 시점은 여전히 불확실하다. 당정이 올해 초 고위당정협의회 등을 통해 대형마트 새벽배송 허용 추진에 합의했지만, 구체적인 시행 일정은 확정되지 않은 상태다. 이에 따라 선거 이후 정치권의 정책 우선순위와 국회 논의 속도에 따라 법안 처리 여부가 최종 결정될 전망이다. 업계 한 관계자는 ""새벽배송 허용은 특정 업태를 위한 특혜가 아니라 소비자 편익 확대와 유통산업 경쟁력 강화 차원의 문제""라며 ""변화한 소비 환경에 맞춰 제도 재정비가 필요하다""고 말했다.",failed
대형마트 새벽배송 / 유통산업발전법 개정,대형마트 새벽배송 / 유통산업발전법 개정 관련 세부 쟁점,대형마트 새벽배송 / 유통산업발전법 개정;zdnet.co.kr;정책,https://zdnet.co.kr/view/?no=20260527162247,"""대형마트 규제 개선, 실행은?""…유통 B 학점",zdnet.co.kr,갈등_구도,중립적,정부,"'""대형마트 규제 개선, 실행은?""…유통 B 학점' 기사에서 zdnet.co.kr가 어떤 주체와 강조점을 전면에 두는지 기준으로 생성한 mock 태깅 결과입니다.","지난해 6월 출범한 이재명 정부는 '진짜 성장'을 내세웠다. AI로 경제·사회·기술 대전환을 꾀해 국가발전과 국민행복이 선순환되는 시대를 열겠다는 것이다. 지난해 하반기부터는 30대 선도프로젝트가 가동되기 시작했으며 각 경제·산업 분야에서 AI 대전환이 진행 중이다. 일단 스타트는 좋다. AI 붐을 등에 업고 코스피 7000 시대가 열렸다. 하지만 미국·이스라엘-이란 전쟁으로 인한 고유가·고물가·고환율 리스크가 AI 대전환의 발목을 잡고 있다. 지디넷코리아는 창간 26주년을 맞아 이 격변의 시점에 있는 대한민국 산업 현장을 진단하고, 각 분야 전문가들과 함께 'AI 시대, 이재명 정부 1년'을 평가했다. [편집자주] 2012년 이후 사실상 멈춰 있던 대형마트 규제 완화 논의가 이재명 정부 들어 다시 수면 위로 올라왔다. 유통산업발전법(유통법) 개정이 재추진되면서 업계의 오랜 숙원인 공휴일 의무휴업·새벽배송 제한 완화 기대감이 커지고 있다. 최근에는 국회가 다시 움직이고 있다. 국회 산업통상자원중소벤처기업위원회는 대형마트 심야 영업 제한 완화와 의무 휴업 규제 자율화 등을 담은 유통법 개정안을 법안심사소위원회에 상정했다. 이에 전문가들은 “법 개정을 추진하는 것에는 의미가 있지만 실행은 부족했다”는 평가를 내놨다. 새벽배송 허용과 의무휴업 완화 등을 논의한 것은 긍정적이지만, 실제 제도 개선으로 이어지지 못했다는 지적이다. 이들은 침체된 대형마트 산업이 회복하기 위해서는 공휴일 의무휴업 규제를 완화하는 것이 시급하다고 입을 모았다. 2012년 개정 후 14년 숙원 현행 유통법은 전통시장과 골목상권을 보호하자는 취지로 2012년 개정됐다. 대형마트는 공휴일에 월 2회 의무휴업해야 하고 매일 자정부터 오전 10시까지 영업이 제한되는 것이 주요 내용이다. 영업이 제한된 시간에는 온라인 배송도 불가능하다. 대형마트 규제를 완화해야 한다는 논의가 본격화된 시점은 2021년부터다. 당시 유통 시장이 온라인 중심으로 재편되면서 대형마트 영업 규제를 완화해야 한다는 목소리가 커졌다. 하지만 당시 야당은 규제 완화가 골목상권에 도움이 되지 않을 것이라고 반발하며 논의가 무산됐다. 논의가 재개된 것은 지난 2월이다. 더불어민주당과 정부는 고위 당정협의회를 통해 유통법 개정 추진을 공식화했다. 이들은 대형마트 및 준대규모 점포(SSM) 영업시간 제한과 매월 두 차례 의무휴업을 지정하도록 규정한 유통법 제12조2 개정을 집중 논의했다. 다만 6·3 지방선거를 앞두고 논의는 멈춰섰다. 전통시장·소상공인 단체들이 규제 완화가 골목상권 위축으로 이어질 수 있다며 반대 입장을 강하게 내고 있기 때문이다. “논의 시작은 의미”…총 평점 B 전문가들은 정부가 기존과 달리 대형마트 규제를 둘러싼 사회적 논의를 본격화한 점에는 의미가 있다고 평가했다. 다만 실제 정책 변화로 이어지지 못한 점은 한계로 꼽았다. 이종우 남서울대 교수는 정부 유통 정책에 대해 B 학점을 주며 “13~14년간 유지된 규제에 대해 논의를 시작했다는 점은 의미가 있다”면서도 “실행으로 이어지지 못했다”고 평가했다. 정연승 단국대 교수(전 한국유통학회장)는 보다 박한 C 학점을 부여했다. 그는 “새벽배송 허용 등 논의는 있었지만 실제 진전된 부분이 없다”며 “선거 국면에 들어가면서 법개정이 원위치된 상황”이라고 지적했다. 한국유통학회 사무국장인 조춘한 경기과학기술대 교수는 A 학점을 줬다. 조 교수는 “이번에는 정부 주도적으로 연구용역을 진행한다던가, 각계 의견을 듣는 등 의견 수렴 과정이 있었다”며 “필요한 규제는 유지하고 완화할 부분은 조정하려는 시도가 있었다”고 평가했다. 전문가들은 규제 완화 논의가 멈춘 가장 큰 배경으로 정치권의 표심 부담을 꼽았다. 특히 전통시장과 소상공인 단체 반발이 지방선거와 맞물리며 정책 추진 동력이 약해졌다는 분석이다. 조 교수는 “전통시장·소상공인 단체는 지역 정치에서 영향력이 크다”면서 “객관적 정책 판단보다 표를 의식한 정책 추진이 이뤄질 수밖에 없는 구조”라고 말했다. “대형마트 적은 쿠팡”…공휴일 의무휴업 폐지해야 전문가들은 현재 규제 체계가 시장 변화 속도를 따라가지 못하고 있다고 진단했다. 과거에는 대형마트가 전통시장과 소상공인의 경쟁 상대로 여겨졌지만, 지금은 쿠팡·네이버쇼핑 등 이커머스 플랫폼이 핵심 경쟁자로 바뀌었다는 것이다. 이 교수는 “정부가 나서서 대형마트가 지역 상권의 적이라는 인식을 바꿔야 한다”며 “지금 소상공인과 전통시장의 경쟁 상대는 대형마트보다 쿠팡과 네이버쇼핑”이라고 말했다. 가장 시급한 과제로는 의무휴업 규제 개선이 꼽혔다. 이 교수는 “소비자들을 위해서 공휴일 의무휴업을 폐지해야 한다”면서 “네이버쇼핑이나 쿠팡은 공휴일에도 배송하지 않느냐”고 지적했다. 정 교수 역시 “현재처럼 의무휴업을 획일적으로 강제하는 방식은 지역 특성을 반영하지 못한다”며 “휴무일은 대형마트가 자율적으로 결정할 필요가 있다”고 말했다. 조 교수는 영업시간에 대해서도 자율성을 부여해야 한다고 제언했다. 그는 “가장 시급한 것은 대형마트의 핵심인 일요일 영업을 푸는 것”이라며 “이에 더해 더 늦게 열고 더 늦게까지 영업하는 등 획일적으로 규제하지 말고 상권에 맞게 조절할 수 있게끔 자율성을 줘야 한다”고 강조했다. “규제 완화만으로 반등 어려워” 다만 규제 완화만으로 대형마트 산업이 다시...",failed
배달앱 수수료 / 플랫폼 상생,배달앱 수수료 / 플랫폼 상생 관련 세부 쟁점,배달앱 수수료 / 플랫폼 상생;bizhankook.com;정책,https://www.bizhankook.com/bk/article/32354,"'무료 배송' 다시 꺼낸 쿠팡이츠, 배달앱 '치킨게임' 되풀이?",bizhankook.com,갈등_구도,중립적,정부,"''무료 배송' 다시 꺼낸 쿠팡이츠, 배달앱 '치킨게임' 되풀이?' 기사에서 bizhankook.com가 어떤 주체와 강조점을 전면에 두는지 기준으로 생성한 mock 태깅 결과입니다.","[비즈한국] 배달앱 수수료를 ‘고객’에게 전가하지 않는 무료 배송은 뜨거운 감자였다. 고객들의 배달앱 결제를 유도하려면 배달 비용을 낮춰야 하는데, 문제는 인건비 등 비용이 결국 소상공인들에게 전가되는 구조였기 때문. 무료 배달 비용 전가 문제를 놓고 더불어민주당(을지로위원회)과 배달의민족·쿠팡이츠 등 플랫폼사와 입점업체 단체, 소비자단체 등이 협의체를 꾸리고 사회적 대화를 해왔던 배경이기도 하다. 이런 상황에서 쿠팡이츠가 ‘무료 배달 카드’를 다시 꺼내들었다. 쿠팡이츠는 기존 와우 회원에게만 제공하던 ‘무료 배달’ 혜택을 오는 8월까지 3개월 동안 일반 회원에게까지 확대하기로 했다. 정치권의 비판과 정부(공정거래위원회) 차원의 전방위 압박이 예상됨에도 쿠팡이츠가 무리한 전면전을 선택한 배경은 무엇일까. 업계는 ‘배민 매각설’이 제기되면서 쿠팡이츠가 시장을 확실하게 선점해두려는 것이라는 풀이가 나온다. #배달앱 사회적 대화 지지부진 와중 ‘공세’ 시작 배달앱 사회적 대화기구는 지난해 2월 더불어민주당이 배달 수수료 부담 완화와 라이더 처우 개선 등을 목표로 출범시킨 협의체다. 하지만 지난해에 이어 올해도 별다른 성과는 없었다. 상생안 합의에는 실패했는데, 플랫폼 측이 제시한 부담 완화책을 두고 입점업체 단체들이 “낮은 배송료는 결국 소상공인들에게 고스란히 전가되기에 받아들일 수 없다”고 반발하며 입장 차이가 좁혀지지 않았던 것. 이후 별다른 진전이 없던 상황이다. 이 와중에 쿠팡이츠가 무료 배달을 다시 시작한다. 고유가·고물가 시기 소비 활성화를 지원하기 위해 오는 8월까지 일반 회원에게도 무료 배달 혜택을 제공하는 프로모션을 진행하겠다고 밝힌 것. 지난 2024년 3월 쿠팡 와우 멤버십 회원을 대상으로 무료 배달 서비스를 제공하면서 시장 점유율을 빠르게 높인 쿠팡이츠가 이번에는 ‘비유료회원’에게도 무료 배달을 내건 것이다. 더불어민주당 을지로위원회는 곧바로 비판 입장을 냈다. 을지로위는 “쿠팡이츠의 이른바 무료 배달은 입점 업체에 비용을 전가하는 ‘독약 처방’이자 플랫폼의 회원 확보용 판촉 행사일 뿐”이라며 “무료배달은 소비자를 기만하고 입점 점주에게 부담을 가중시키게 되는 결과로 이어질 것”이라고 비판했다. 쿠팡이츠가 배달앱사회적대화기구 제1차 회의에서 ‘중위 구간 배달 중개 수수료 한시적 1.5% 인하안’을 공식 제출한 뒤 말을 바꿨다는 점도 지적했다. #배민 어수선한 틈타 록인효과 노렸나 이에 경쟁사인 배달의민족 매각 가능성을 염두에 둔 ‘선공’이라는 분석이 힘을 받고 있다. 최근 투자은행(IB) 업계 등에서는 모회사인 딜리버리히어로(DH)가 배민을 약 8조 원 규모에 매각하려 한다는 보도가 나왔다. 구체적으로 네이버와 우버 등이 인수처로 거론된다. 배민이 매각 작업을 위해 조직을 정비하고 몸값을 높이기 위해 방어적인 경영(수수료 인상 등 수익성 위주 정책)을 펼칠 때 일반 회원까지 무료 배달로 묶어두는 록인(lock-in) 효과를 극대화해 시장을 선점하려는 고도의 전략적 선택이라는 해석이다. 정부 제재도 염두에 뒀다는 분석이 나온다. 공정거래위원회는 현재 쿠팡이츠의 ‘최혜대우 요구’ 사건, 와우멤버십에 쿠팡이츠·쿠팡플레이를 묶어 판매한 ‘끼워팔기’ 사건 등을 조사하고 있다. 최혜대우 요구 사건의 경우 쿠팡이츠가 최근 동의의결을 신청한 상황. 동의의결은 조사 대상 기업이 자진 시정안을 제출하고, 공정위가 이를 받아들이면 위법 여부 확정 없이 사건을 종결하는 제도다. 멤버십에 가입하지 않아도 쿠팡이츠 무료배달을 지원하게 되면, 와우멤버십 중심의 결합 판매 구조는 사라지는 셈이다. 배달앱 업계에서는 올여름 배달앱 시장에서 코로나19 팬데믹 시기에 벌어진 치열한 치킨게임이 다시 시작될 수 있다는 관측이 나온다. 업계 관계자는 “쿠팡이츠가 일반 회원까지 무료 배달을 하면 배민 역시 시장 지배력을 지키기 위해 맞불을 놓을 수밖에 없을 것”이라며 “정치권도 계속 예의주시하던 영역이라 8월까지 쿠팡의 무차별 무료 공세가 이어질 경우 시장 질서가 바뀌게 될지, 아니면 서로 손해를 감수하고 치킨 게임을 다시 시작할지 지켜봐야 할 것”이라고 말했다. 차해인 저널리스트 writer@bizhankook.com[핫클릭] · 퀵커머스 키우는 GS25·CU…정작 점주들은 ""남는 게 없어"" · 공정위 신고에도 처갓집 '배민온리' 연장…배민, 매각 위한 승부수? · [15조 원 비만청구서] ② 배달앱이 살찌우는 사회, 약물만으로 치료 못 해 · 자영업 회복세에도 깊어진 세대 격차…고령층은 코로나 이전 못 넘었다 · [현장] 한강공원 다회용기 반납함 1년…배달존 북적여도 이용은 저조 · 쓰려 해도 쓸 이유가 없다…현장이 외면하는 공공배달앱의 현주소",failed
배달앱 수수료 / 플랫폼 상생,배달앱 수수료 / 플랫폼 상생 관련 세부 쟁점,배달앱 수수료 / 플랫폼 상생;newswhoplus.com;정책,https://www.newswhoplus.com/news/articleView.html?idxno=60464,"[단독] 배달앱 상생안, 수수료 인하 지우고 '현물지원' 내세워",newswhoplus.com,갈등_구도,중립적,정부,"'[단독] 배달앱 상생안, 수수료 인하 지우고 '현물지원' 내세워' 기사에서 newswhoplus.com가 어떤 주체와 강조점을 전면에 두는지 기준으로 생성한 mock 태깅 결과입니다.","수수료율 조정보다 식자재·포장재 지원 부각 가맹점주 측 ""일회성 대책으론 비용 구조 못 바꿔"" 1km 요금제·구간 단순화에 중위권 부담 우려 공플협 ""상생 기준은 지원금 아닌 구조 정상화"" 배달앱 상생협의체 초점이 중개수수료 인하에서 식자재·포장재·배달비 지원 등 현물성 대책으로 옮겨가고 있다. 플랫폼 측은 재무 부담을 이유로 영구적인 수수료 인하에 난색을 보이는 것으로 알려졌지만 점주들은 핵심 부담이 반복적으로 발생하는 수수료·배달비·광고비에 있다고 맞서고 있다. 당장의 지원책보다 배달앱 비용 구조를 낮추는 방안이 빠졌다는 점에서 이번 상생안이 갈등을 넘기기 위한 단기 처방에 그칠 수 있다는 지적이 나온다. ◇ 수수료 빠지고 지원만 남아...흔들리는 배달앱 상생협의 점주들이 문제 삼는 지점은 상생안의 무게중심이 바뀌고 있다는 점이다. 사회적 대화기구의 출발점은 배달앱 수수료 부담 완화였지만, 최근 논의는 수수료율 자체를 낮추는 방안보다 한시적 지원책을 중심으로 재편되는 분위기다. 플랫폼 측이 영구적인 수수료 인하에 재무적 부담을 느끼면서 식자재와 포장재 지원, 일부 배달비 보조 등 현물성 대책이 대안처럼 거론되고 있다는 게 점주 측 설명이다. 14일 뉴스후플러스 취재 결과, 일부 점주 단체는 이 같은 지원책을 구조 개선으로 보지 않고 있다. 배달앱 주문이 발생할 때마다 중개수수료와 배달비, 광고비, 결제수수료가 반복적으로 빠져나가는 상황에서 일회성 지원만으로 손익 구조를 바꾸기 어렵다는 이유에서다. 김준형 공정한플랫폼을위한사장협회(이하 공플협) 의장은 ""한시적 지원 자체를 무조건 부정하는 것은 아니다""라면서도 ""그것이 상생협의 타결이나 공정위 조사 대응 같은 다른 목적의 조건이 되어서는 안 된다""고 말했다. 이어 ""현재 점주들이 겪는 가장 큰 문제는 일회성 비용이 아니라 지속적으로 발생하는 수수료·배달비·광고비 부담 구조 자체""라고 지적했다. 점주들이 요구하는 상생안의 기준도 이 지점에 맞춰져 있다. 지원 품목을 늘리는 것이 아니라 배달앱에 입점한 점주들의 총비용 부담이 실제로 줄어야 한다는 주장이다. 김 의장은 ""공플협의 기본 원칙은 30만 입점업체 전체의 부담이 지금보다 조금이라도 줄어들어야 한다는 것""이라며 ""1만 원 매출이 발생했을 때 배달비와 중개수수료 등으로 절반 가까운 비용이 빠져나가고 광고비까지 포함하면 부담률이 60%를 넘는 경우도 있다""고 설명했다. ◇ '싼 요금제' 열어놓고 1km 제한...가맹점주들 ""사실상 선택 불가"" 플랫폼 측 상생안에는 낮은 요율을 적용하는 신규 요금제도 포함된 됐지만, 점주들은 이 역시 실질적인 인하안으로 보기 어렵다는 입장이다. 낮은 수수료율을 적용받으려면 배달 가능 거리가 1km 수준으로 제한되는 구조이기 때문이다. 그간 배달 전문점이나 프랜차이즈 가맹점 상당수는 기존 4km 안팎의 영업권을 기준으로 노출과 광고를 운영해왔다. 1km 요금제를 선택하면 수수료 부담은 줄어들 수 있어도 주문 가능 고객군이 크게 축소된다. 김 의장은 ""배달업을 하는 업장이라면 1km 거리 제한이 어떤 의미인지 모두 알고 있다""며 ""노출 범위 자체가 극단적으로 줄어들고 실제 현장에서는 매출이 절반 이상 감소하는 사례도 발생한다""고 말했다. 낮은 요율을 내세웠지만 실제 점주들이 선택하기 어려운 조건이라면 수수료 인하 효과를 체감하기 어렵다는 뜻이다. 동시에 기존 요금제를 유지하는 점주들에게도 부담 증가 우려가 남는다. 점주 측은 기존 4개 구간을 2개 구간으로 단순화하는 과정에서 현행 2·3구간 점주들이 오히려 최대 중개수수료 1% 인상과 배달비 500원 인상 부담을 안을 수 있다고 보고 있다. 반면, 기존 1구간 점주들은 사실상 변화가 크지 않다는 게 공플협의 주장이다. 김 의장은 ""하위 20% 지원 대상을 30%로 늘렸다고 하지만 현실적으로는 일매출 10만 원 수준만 되어도 상위 구간으로 올라가는 구조""라며 ""결국 배달앱을 주로 사용하는 점주들 가운데 상위 70%는 기존과 같거나 오히려 부담이 증가하게 된다""고 말했다. ◇ 매출 늘어도 남는 건 없다...가맹점주들 ""문제는 플랫폼 비용 구조"" 플랫폼과 점주 측의 시각차는 상생의 기준에서도 갈린다. 플랫폼은 배달앱이 점주의 매출 확대에 기여한다고 설명하지만, 점주들은 매출보다 실제 남는 이익이 문제라고 반박한다. 주문액이 늘어도 중개수수료, 업주 부담 배달비, 광고비, 결제수수료가 함께 빠져나가면 매출 증가가 수익 개선으로 이어지지 않는다는 것이다. 김 의장은 ""플랫폼은 주로 매출 규모 중심으로 이야기하는 것 같다""며 ""자영업자들은 단순히 매출만 늘어난다고 생존할 수 있는 구조가 아니다""라고 말했다. 이어 ""배달비, 중개수수료, 광고비, 결제수수료까지 이른바 4대 비용을 모두 점주가 부담하면서 실제 수익은 계속 줄어들고 있다""고 강조했다. 쿠폰과 노출 경쟁도 점주 부담을 키우는 요인으로 지목된다. 김 의장은 ""2만5000원 주문에서 실제 점주 순이익은 4000원도 남지 않는 경우가 많다""며 ""그런데 플랫폼은 5000원 쿠폰을 사용하면 상단 노출을 강화해주겠다고 한다""고 말했다. 그는 ""결국 점주들은 가격을 올리고 쿠폰 경쟁에 참여할 수밖에 없는 구조로 밀려가고 있다""며 ""단기적으로는 매출을 키울 수 있어 보여도 장기적으로는 점주와 소비자 모두에게 부담을 전가하는 구조""라고 비판했다....",mock
배달앱 수수료 / 플랫폼 상생,배달앱 수수료 / 플랫폼 상생 관련 세부 쟁점,배달앱 수수료 / 플랫폼 상생;inews24.com;정책,http://www.inews24.com/view/1966932,"배달앱 상생안, 사회적 대화기구로 가능할까 [어떻게 생각하십니까]",inews24.com,갈등_구도,중립적,정부,"'배달앱 상생안, 사회적 대화기구로 가능할까 [어떻게 생각하십니까]' 기사에서 inews24.com가 어떤 주체와 강조점을 전면에 두는지 기준으로 생성한 mock 태깅 결과입니다.","[아이뉴스24 전다윗 기자] 마라톤 회의. 2024년 '배달 플랫폼-입점업체 상생협의체'의 논의 과정은 이렇게 요약됩니다. 상생협의체는 2024년 7월 정부 주도로 출범한 자율 협의체입니다. 10% 수준까지 올라간 배달 수수료로 갈등을 겪고 있는 배달앱과 입점업체 간 합의가 필요하다는 공감대 아래 주요 배달앱 4사(배달의민족·쿠팡이츠·요기요·땡겨요)와 입점 업체 대표 단체(소상공인연합회·한국외식산업협회·전국가맹점주협의회·전국상인협의회), 업계 전문가와 정부 관계자로 구성된 공익위원·특별위원 등이 참여했습니다. 이들은 같은 해 11월까지 무려 12차례 회의를 진행한 끝에 최종 상생안을 내놨습니다. 상생안은 배달 매출을 기준으로 수수료를 차등 적용하는 것을 골자로 합니다. 거래액 기준 상위 35% 입점업체에는 중개수수료 7.8%·배달비 2400~3400원을, 상위 35~80%에 대해서는 중개수수료 6.8%·배달비 2100~3100원을, 나머지 80~100%에 대해서는 중개수수료 2.0%·배달비 1900~2900원을 각각 부과합니다. 하지만 상생안은 시행 초기부터 삐걱거리기 시작합니다. 마라톤 회의가 곧 완벽한 합의를 도출해 낸 건 아니었거든요. 결국 공익위원들이 제시한 중재안이 채택됐고, 입점업주 단체 중 한국외식산업협회와 전국가맹점주협의회는 마지막 회의 도중 중도 퇴장하며 격하게 반발했습니다. '반쪽짜리 상생안'이란 꼬리표가 붙은 이유도 여기 있습니다. 더불어민주당 을지로위원회 주도로 출범한 '배달앱 사회적 대화기구'는 이 반쪽짜리 꼬리표를 떼기 위한 후속조치 성격을 띱니다. 지난해 2월 출범 후 같은 해 10월 마지막 회의를 끝으로 개점 휴업 상태를 이어가다, 지난달 10일 출범식과 함께 재개됐습니다. 구성은 상생협의체와 약간 달라졌습니다. 배달앱에서는 요기요가 빠졌고, 공정한플랫폼을위한사장협회(공플협)와 한국프랜차이즈산업협회 등 참여하는 입점 업주 단체는 늘었습니다. 문제는 오랜만에 재개된 사회적 대화기구의 흐름 역시 앞선 상생협의체처럼 흐르고 있다는 점입니다. 당초 지난달 27일로 예정된 2차 회의 일정은 현재 기약 없이 미뤄진 상태입니다. 참여한 이해주체들 사이 이견이 커 유의미한 논의가 어려워진 탓입니다. 수익성 악화를 이유로 수수료 전면 인하는 어렵다는 배달앱과, 실효성 있는 대책으로 부담을 덜어달라는 입점업체의 의견이 부딪치는 양상입니다. 더 큰 갈등은 의외로 입점 업체 단체 사이에서 생겼습니다. 전가협·공플협 총 수수료를 인하해야 한다는 상대적 강경파와, 일단 신속한 협의부터 하자는 다른 참여 단체들의 입장이 엇갈리며 통일된 의견 수립 자체가 불가능한 상황입니다. 영세 소상공인을 대변하는 단체 등은 한시바삐 대책이 마련됐으면 하지만, 매출 규모가 크고 배달 비중이 높은 단체들은 실효성이 떨어지는 방안을 쉽사리 받아들이기 어렵죠. 결국 배달앱과 협의에 제시할 최종 요구안조차 없는 셈입니다. 1차 회의에서 단체 사이 갈등이 극한까지 치닫았다는 후문도 전해집니다. 일부 단체는 따로 모여 플랫폼이 마련한 상생안에 대해 큰 틀에서 동의하고 사회적 대화를 이어가야 한다는 내용을 골자로 한 공동 상생안을 채택하기도 했습니다. 협의는커녕 오히려 간극이 더 커지는 모양새입니다. 업계 일각에서는 현행 사회적 대화기구 시스템 자체에 대한 회의적 의견도 나옵니다. 이미 한 번 실패한 모델인 상생협의체의 기본 틀을 그대로 가져왔으니, 똑같은 결과가 나올 수밖에 없다는 겁니다. 다면 특성을 가진 배달 시장 구조상 이해관계가 복잡해 합의 도출이 쉽지 않은데, 되레 참여주체를 늘려 갈등이 더 격해졌다는 거죠. 이제는 다른 접근 방식을 고려해 봐야 할 때란 지적이 나오는 이유입니다. 가르마를 타 줘야 할 정부와 정치권이 제 역할을 해야 한다는 목소리도 적지 않습니다. 입점 업체 단체 간 이해관계가 극명하게 갈리는 건 이미 상생협의체에서 확인한 내용입니다. 그럼에도 똑같은 문제가 발생한 건 최소한의 입장 조율이나, 중재안을 고려하지 않고 사회적 대화기구를 재개했다는 방증이죠. 1차 회의 때 곧 상생안을 발표할 것 같은 분위기를 조성하다, 돌연 2차 회의를 취소하는 등 오히려 정치권이 더 우왕좌왕하는 것 같다는 푸념이 업계에서 적잖게 들립니다. 장기화한 불황으로 인한 내수 경기 침체에 원재료비, 인건비, 임대료 등 각종 비용이 치솟으며 외식 자영업자 사이 ""죽지 못해 산다""는 푸념이 끊이지 않습니다. 상생안 마련을 차일피일 미룰 기초체력 자체가 떨어진 상태입니다. 배달앱과 자영업자, 관련 단체들까지 분명 받아들이기 어려운 부분이 많겠지만 일단 협상 자리에 앉아야 하지 않을까요. 싸워도 한 자리에 모여 싸워야 할 때인 것 같습니다. /전다윗 기자(david@inews24.com)",mock
배달앱 수수료 / 플랫폼 상생,배달앱 수수료 / 플랫폼 상생 관련 세부 쟁점,배달앱 수수료 / 플랫폼 상생;kukinews.com;정책,https://www.kukinews.com/article/view/kuk202605210068,선거 앞두고 멈춘 ‘배달앱 사회적 대화’…공회전에 커지는 규제 압박,kukinews.com,갈등_구도,중립적,정부,'선거 앞두고 멈춘 ‘배달앱 사회적 대화’…공회전에 커지는 규제 압박' 기사에서 kukinews.com가 어떤 주체와 강조점을 전면에 두는지 기준으로 생성한 mock 태깅 결과입니다.,"좋은 뉴스는 독자의 균형있는 읽기로 완성됩니다. 뉴스 성분표(KUKI Literacy)란? 정보를 단순히 받아들이는 데서 멈추지 않고, 맥락 속에서 이해하고 비판적으로 해석하기 위한 쿠키뉴스의 리터러시 장치입니다. 하나의 기사로 사안을 단정하기보다, 핵심과 취재 방식, 함께 봐야 할 쟁점을 살피며 읽을 수 있도록 돕습니다. 좋은 뉴스는 잘 쓰는 것에서 끝나지 않습니다. 균형 있게 읽을 때 비로소 완성됩니다. 닫기 ✕이 사안과 관련한 다양한 기사는 쿠키뉴스에서 확인할 수 있습니다. 21일 업계에 따르면 당초 지난 4월27일 예정됐던 배달앱 사회적 대화기구의 2차 회의는 취소된 이후 현재까지 재개 일정조차 확정되지 않은 상태다. 배달앱 사회적 대화기구는 지난해 2월 더불어민주당이 배달 수수료 부담 완화와 라이더 처우 개선 등을 목표로 출범시킨 협의체다. 그러나 지난해에는 뚜렷한 합의 없이 사실상 논의가 멈춰섰고, 이후 조직 재정비와 참여 주체 확대를 거쳐 올해 다시 논의가 재개됐다. 올해 재출범한 협의체에는 더불어민주당 을지로위원회를 중심으로 배달의민족·쿠팡이츠 등 플랫폼사와 입점업체 단체, 소비자단체 등이 참여하고 있다. 하지만 지난 4월10일 열린 1차 회의부터 상생안 합의에는 실패했다.플랫폼 측이 제시한 부담 완화 방안을 두고 입점업체 단체들이 실효성에 의문을 제기하면서 양측의 입장 차가 좁혀지지 않았기 때문이다. 1차 회의에서 플랫폼은 배달 가능 반경을 축소하는 대신 배달비 부담을 낮추는 ‘라이트요금제’를 상생안으로 제시했다. 우대 수수료 구간을 확대하는 방안도 논의 테이블에 올랐다. 김준형 공정한플랫폼을위한사장협회 의장은 “배달앱들이 제시한 안은 기존 요금 체계를 낮추는 것이 아니라 오히려 일부 구간에서는 부담이 더 커지는 구조”라며 “홀 매출 비중이 큰 업체들도 다수 포함되기 때문에 배달 매출이 10만원 수준만 돼도 상위 구간에 포함되는 경우가 있다. 배달 매출이 배민에서 제시한 기준 하위 30% 안에 들기 위해 사실상 하루 한 건 수준 주문만 받아야 하는 구조는 현실성이 떨어진다”고 지적했다. 이어 “사회적 대화기구에 참여하는 단체는 법적 단체 여부보다 실제 대표성이 중요하다”며 “30만명 규모로 추산되는 배달 관련 업계를 대표할 수 있는 단체가 참여해야 현장 목소리를 제대로 반영할 수 있다”고 강조했다. 플랫폼 측은 요금제 개편 외에도 식자재·포장재 지원과 배달비 보조 등 한시적 지원 방안을 제안한 것으로 알려졌다. 하지만 입점업체들은 플랫폼이 제안한 상생안이 현실적인 부담 완화로 이어지기 어렵다는 입장이다. 소상공인연합회 관계자는 “현재는 플랫폼사가 제안한 상생안과 입점업체 단체들의 입장 차이가 큰 상황”이라며 “사회적 대화기구는 특정 플랫폼이나 입점업체만을 위한 논의가 아니라 소비자를 포함한 시장 전체의 지속가능성을 고민하는 자리”라고 설명했다. 그러면서 “외식업은 공생이 필요한 산업인 만큼 논의를 중단하기보다 계속 이어갈 필요가 있다”며 “특히 플랫폼은 대규모유통업법이나 유통산업발전법 체계 안에 명확히 포함되지 않아 법적 정의와 기준 자체가 모호한 측면이 있다. 불공정행위를 판단하거나 들여다볼 수 있는 제도적 기준 마련이 필요하다”고 강조했다. 플랫폼 업계 역시 장기간 논의 지연을 부담스럽게 바라보고 있다. 사회적 대화기구의 성과가 없다면 입법 논의 가능성이 커지기 때문이다. 또 사회적 대화기구 참여 자체가 입점업체와의 갈등을 조정하고 상생 의지를 보여주는 창구 역할을 하는 만큼, 플랫폼 입장에서도 협의체 유지가 정책 리스크 대응 측면에서 유리하다는 평가가 나온다. 배달의민족 관계자는 “을지로위원회가 마련한 사회적 대화기구를 통해 배달의민족 입점업주를 대표하는 단체, 소비자단체들과의 대화를 이어나가야 한다”며 “사회적 대화기구에서 배달의민족이 제안한 상생안에 대해 구체적인 논의가 이어지기를 바라고 있으며 업주 단체 사이에 서로 다른 입장이 있는 부분도 사회적 대화기구의 틀에서 대화를 통해 해결해야 한다는 입장”이라고 말했다. 고개드는 ‘입법 규제’ 필요성…“상한제도 아직은 한계” 문제는 배달앱 사회적 대화기구 출범 취지 자체가 정부나 국회의 직접적인 규제보다 이해관계자 간 자율적 논의를 통해 상생안을 마련하자는 데 있었다는 점이다. 하지만 2차 회의 일정조차 잡지 못하면서 6월 지방선거를 앞두고 자율 조정 방식의 실효성에 대한 의문도 커지고 있다. 업계 안팎에서는 결국 입법이나 규제 강화 논의에 힘이 실릴 수밖에 없다는 분석이 나온다. 배달앱 사회적 대화만으로는 이해관계 충돌을 조정하는 데 한계가 있다는 목소리도 제기된다. 반면 플랫폼 업계는 과도한 규제가 서비스 혁신과 투자 위축으로 이어질 수 있다고 맞서고 있다. 자율적 합의 구조가 작동하지 못할 경우 정치권 개입 요구가 커질 수밖에 없는 셈이다. 현재 국회에는 배달 플랫폼 수수료 상한제와 거래 공정화 등을 골자로 한 관련 법안들이 다수 발의된 상태다. 대표적으로 ‘배달플랫폼 거래 공정화에 관한 법률안’은 중개수수료와 광고비 등에 대한 규제와 거래 투명성 강화, 불공정행위 제한 등의 내용이 담겼다. 다만 사회적 대화기구가 진전이 없더라도 곧바로 입법 규제로 이어질 가능성은 제한적이라는 분석도 있다. 성급한 입법 규제가 오히려 시장 왜곡과 비용 전가를 초래할 수 있다는 우려도 꾸준히 제기되고...",mock
배달앱 수수료 / 플랫폼 상생,배달앱 사회적 대화 기구의 난항과 갈등,배달앱;사회적 대화;수수료;소상공인;플랫폼,https://www.etnews.com/20260508000261,[ET톡] 표류하는 배달앱 사회적 대화,etnews.com,갈등_구도,부정적,을지로위원회,이 기사는 배달앱 사회적 대화 기구가 1년 넘게 난항을 겪으며 참여 단체 간의 의견 대립과 갈등이 심화되고 있음을 부정적인 어조로 설명한다.,"더불어민주당 을지로위원회가 주도하는 배달앱 사회적 대화기구가 난항에 빠졌다. 지난해 2월 발족한 이후 1년 3개월째 결론을 내리지 못했다. 지난달 입점업체 단체를 확대해 재출범했지만, 한 달도 되지 않아 참여 단체 간에 의견이 갈리고 있다. 특히 지난달 28일 공정한플랫폼을위한사장협회 등 3개 단체가 기구를 벗어나 배민을 운영하는 우아한형제들 본사 앞에서 규탄 집회를 열면서 갈등이 표면화했다. 다음날에는 소상공인연합회 등 5개 단체가 모여 사회적 대화를 이어가자는 내용의 공동 상생안을 채택하는 등 입점업체 단체 간 의견마저 첨예하게 엇갈리고 있다. 배민, 쿠팡이츠는 중동전쟁으로 인한 자영업자의 어려움을 감안한 상생안과 추가 요금제 외에는 조율이 어렵다는 입장이어서 합의 전망은 불투명하다. 국회가 지방선거체제로 돌아가면 배달앱 사회적 대화기구 논의는 당분간 중단될 가능성이 높다. 애초에 을지로위원회가 해당 문제에 대해 접근한 것도 소상공인 표를 감안해 정치적 고려가 작용했다는 분석이 많다. 휘발성이 강한 이슈가 생기면 논의는 배제되기 마련이다. 지난 1년 3개월 간 배달앱 사회적 대화기구는 특정 단체가 주장하는 총 수수료 상한제 외에는 뚜렷한 대안을 만들지 못했다. 하지만 이는 사업모델을 조정해야 하는 배달 플랫폼이 수용하기 어려운 안이다. 현재로서는 부처와 전문가가 적극적으로 중재했던 '배달플랫폼-입점업체 상생협의체'의 차등요금제가 오히려 현실적인 안을 내놓은 것으로 보일 정도다. 이제 책임은 을지로위원회에 달렸다. 배달앱 사회적 대화기구에서 어떤 결론을 낼지가 민주당의 중재 역량을 가늠할 수 있는 시험대가 될 것이다. 일각에서는 사회적 대화기구를 중재하는 의원 역량이 부족하다는 지적마저 나온다. 사회적 대화기구가 파행을 맞고, 공정거래위원회가 배달 플랫폼 규제에 나서면 최악의 경우 행정소송까지 이어질 수 있다. 이 경우 한국의 배달 산업 또한 타격을 입을 것이다. 변상근 기자 sgbyun@etnews.com - 변상근 기자기사 더보기",ok
배달앱 수수료 / 플랫폼 상생,공공 배달앱 이용 현황 및 만족도,배달앱 이용률;공공 배달앱;소상공인 수수료;지역경제 활성화;소비자 이용행태,https://www.mt.co.kr/tech/2026/06/03/2026060314185993540,"국내 1위 음식 배달앱은 '배민'… 공공 배달앱도 ""계속 쓸래"" 긍정적 - 머니투데이",mt.co.kr,소상공인_지원,중립적,조사기관 및 응답자,"이 기사는 배달앱 이용 실태조사 결과를 보도하며, 특히 공공 배달앱의 높은 재이용 의사와 소상공인 지원 및 지역경제 활성화 목적을 강조합니다.","2025년 부가통신사업 실태조사 결과 ②음식 주문 및 배달 플랫폼 이용률 2025년 한국인이 가장 많이 이용한 음식 주문 및 배달 플랫폼은 우아한형제들이 운영하는 배달의민족(배민)이었다. 공공 배달앱 이용자의 80.5%는 ""재이용하겠다""고 답했다. 3일 과학기술정보통신부와 정보통신정책연구원이 전국 17개 시·도에 거주하는 만 19~69세 성인남녀 2500명을 대상으로 '2025년 부가통신사업 실태조사'를 실시한 결과 한국인이 지난해 가장 많이 사용한 음식 주문·배달 플랫폼은 배달의민족(50.6%)이었다. 2위는 29.5%의 이용률을 기록한 쿠팡이츠였다. 이용자의 42.0% 는 '땡겨요', '먹깨비' 등 공공 배달앱 이용 경험이 있다고 답했다. 이 중 80.5%가 ""재이용 의사가 있다""고 했다. 공공 배달앱에 대한 긍정적 인식이 확산되고 있다는 분석이다. 공공 배달앱은 지방자치단체가 중심이 돼 소상공인의 수수료 부담을 줄이고 지역경제를 활성화하기 위해 도입됐다. 민간 배달앱에 비해 낮은 중개수수료. 지역화폐 결제 기능을 제공하는 게 특징이다. 플랫폼 이용 빈도수 조사에서 응답자의 29.1%는 최소 1주일에 한 번 음식 주문 및 배달 플랫폼을 이용한다고 답했다. 2~3일에 한 번, 혹은 매일 음식 배달 플랫폼을 이용한다고 답한 이용자는 각각 19.1%, 7.6%였다. 또 지난 3개월(2025년 10월~12월)간 이용한 음식 배달 플랫폼이 2개 이상(멀티호밍)이라는 답변은 전체의 63.8%에 달했다. 멀티호밍 이유에 대해 이용자의 54.0%는 ""가격을 비교해 선택하기 위해""라고 답했다. 같은 음식을 주문하더라도 플랫폼별 최저주문비나 배달비, 쿠폰 여부를 따져가며 선택했다는 뜻이다. 응답자의 17.0%는 ""하나의 서비스에만 의존하기에는 신뢰도가 보장되지 않아서""라고 답했다. 음식 배달 플랫폼에서 음식점을 선택하는 기준은 '후기 및 별점'이 32%로 가장 높았다. 음식 가격(30.6%), 배달 비용(16.5%), 음식 사진(8%) 등이 뒤를 이었다.",ok
배달앱 수수료 / 플랫폼 상생,배달앱 수수료 / 플랫폼 상생 관련 세부 쟁점,배달앱 수수료 / 플랫폼 상생;edaily.co.kr;정책,https://www.edaily.co.kr/news/newspath.asp?newsid=02348486645478112,“배달앱 수수료 공시제 도입해야…데이터 기반 소상공인 정책 연구할 것”,edaily.co.kr,갈등_구도,중립적,정부,'“배달앱 수수료 공시제 도입해야…데이터 기반 소상공인 정책 연구할 것”' 기사에서 edaily.co.kr가 어떤 주체와 강조점을 전면에 두는지 기준으로 생성한 mock 태깅 결과입니다.,"이정희 소상공인정책학회 초대 회장은 최근 서울 동작구 중앙대학교에서 이데일리와 인터뷰를 통해 “국내 소상공인 정책이 단기 처방과 이해관계 충돌에 갇혀 있다”며 “소상공인의 생존 전략과 지역경제의 지속 가능성을 함께 고민하는 연구 플랫폼이 필요하다는 문제의식으로 학회를 출범시켰다”고 밝혔다. 소상공인정책학회는 학계와 현장 전문가 중심으로 출범한 연구 단체다. 전국 대학 교수진과 정책 전문가 약 50명이 참여하고 있으며 배달플랫폼, 지역 상권, 디지털 전환, 노동 문제, 지역화폐 등 소상공인 관련 주요 현안을 연구 과제로 삼아 정책적 발판을 만들 계획이다. 중앙대 경제학부 교수인 이 회장은 현재 소상공인들이 단순 경기 부진을 넘어 구조적 위기에 직면했다고 진단했다. 그는 “코로나19 이후 누적된 부채 부담이 여전히 해소되지 않은 상황에서 고금리·고물가·내수 침체가 장기화하고 있다”며 “여기에 플랫폼 경제 확산으로 자영업자들의 수익 구조가 플랫폼 중심으로 재편되면서 종속 현상까지 심화하고 있다”고 말했다. 특히 갈등이 격화하고 있는 배달플랫폼 수수료 문제에 대해 “대표적인 사회적 갈등 사안”이라고 짚었다. 그는 배달플랫폼 시장 투명성을 높이기 위한 방안으로 ‘수수료 공시 제도’ 도입을 제안했다. 과거 백화점들도 입점 업체들에 높은 판매수수료를 부과하면서 사회적 논란이 컸지만 수수료 공시가 이뤄지면서 자연스럽게 경쟁적인 인하 압박과 자정 작용이 나타났다. 이 회장은 “지금은 플랫폼마다 수수료 계산 방식이 달라 자영업자들이 실제 비용 부담을 비교하기조차 쉽지 않은 구조”라며 “광고 노출 비용과 중개 수수료, 배달비 등을 통합 기준으로 공개하면 자영업자들의 선택권도 커질 수 있다”고 말했다. 또한 “정부가 가격을 직접 통제하는 방식보다 시장 정보를 투명하게 공개해 자율적인 경쟁과 조정을 유도하는 방식이 현실적”이라며 “수수료 공시는 플랫폼 규제라기보다 공정한 시장 질서를 만들기 위한 최소한의 장치”라고 덧붙였다. 공공배달앱 정책과 관련해서는 단순히 앱을 개발하는 수준을 넘어 지속 가능한 운영 구조를 만들어야 한다고 강조했다. 소상공인 ‘AX(AI 전환)’ 정책 필요성도 강조했다. 그는 “대기업 수준의 거창한 AI 시스템이 아니라 소상공인이 실제 체감할 수 있는 생활형 AI가 중요하다”며 “예를 들어 음성 기반 주문 정리, 자동 홍보 문구 작성, 간단한 세무 정리, 매출 분석 서비스 같은 기능부터 확산할 필요가 있다”고 말했다. 이 회장은 “소상공인 정책은 선거 때마다 단기 지원책 위주로 반복돼왔지만 이제는 산업 구조 변화까지 포함한 중장기 전략이 필요하다”며 “학회는 현장 조사와 데이터를 바탕으로 갈등을 줄이고 사회적 합의를 이끌 수 있는 정책 플랫폼 역할을 하겠다”고 말했다.",mock
배달앱 수수료 / 플랫폼 상생,배달앱 수수료 / 플랫폼 상생 관련 세부 쟁점,배달앱 수수료 / 플랫폼 상생;m-i.kr;정책,https://www.m-i.kr/news/articleView.html?idxno=1377677,"더는 못 버틴다…소상공인, 고용정책 대전환 촉구 집결",m-i.kr,갈등_구도,중립적,정부,"'더는 못 버틴다…소상공인, 고용정책 대전환 촉구 집결' 기사에서 m-i.kr가 어떤 주체와 강조점을 전면에 두는지 기준으로 생성한 mock 태깅 결과입니다.","근로기준법 확대·최저임금 제도 개선 등 5대 요구 발표 매일일보 = 오시내 기자 | 소상공인업계가 정부의 노동·고용정책 전면 재검토를 요구하며 대규모 집회에 나선다. 인건비와 임대료, 공공요금, 플랫폼 수수료 등 복합적인 비용 부담으로 생존권이 위협받고 있다며 제도 개선을 촉구하고 나섰다. 소상공인연합회는 오는 9일 오후 2시 서울 여의도 국회의사당역 5번 출구 인근에서 ‘생존권 사수와 고용정책 대전환 촉구 범소상공인 결의대회’를 개최한다고 1일 밝혔다. 이번 집회는 소상공인업계를 망라한 ‘소상공인 생존권 운동본부’가 주최하고 소상공인연합회가 주관한다. 연합회는 전국 각지에서 소상공인과 관련 단체 관계자 3000여명이 참여할 것으로 예상하고 있다. 소공연은 최근 소상공인 경영환경이 한계 상황에 직면했다고 주장했다. 고물가·고금리·고환율의 이른바 ‘3고 현상’이 지속되는 가운데 인건비와 임대료, 공공요금, 금융비용, 원부자재 가격 상승 등이 겹치며 경영 부담이 커졌다는 설명이다. 특히 5인 미만 사업장 등 영세 소상공인의 경우 제도 변화에 대응할 여력이 부족해 생존권 자체가 위협받고 있다고 강조했다. 송치영 소상공인연합회 회장은 이날 기자간담회에서 “소상공인들은 지금 단순히 어려운 수준을 넘어 생존 자체를 걱정해야 하는 상황”이라며 “하루 벌어 하루 버티는 영세 사업장들은 비용 상승과 제도 변화에 대응할 최소한의 여력조차 남아있지 않다”고 말했다. 소공연은 집회를 통해 ‘소상공인 생존권 사수를 위한 5대 정책 요구안’을 발표할 계획이다. 우선 근로기준법 확대 적용 저지를 요구한다. 소공연은 5인 미만 사업장에 대한 근로기준법 확대 적용과 ‘일하는 사람 기본법’ 추진이 영세 사업장에 과도한 부담을 줄 수 있다고 주장하고 있다. 특히 인건비와 각종 고정비 부담이 커진 상황에서 추가적인 노동 규제가 도입될 경우 인력 감축이나 폐업으로 이어질 수 있다는 우려를 제기했다. 최저임금 제도 개선도 핵심 요구사항이다. 소공연은 주휴수당 폐지와 업종별·규모별 최저임금 차등 적용 도입 필요성을 주장하고 있다. 업종별 수익 구조와 경영 여건이 다른데도 동일한 최저임금이 적용되면서 영세 사업장의 부담이 커지고 있다는 설명이다. 플랫폼과 대기업에 대응하기 위한 소상공인 단결권 보장도 요구안에 포함됐다. 소공연은 배달앱과 온라인 플랫폼을 중심으로 시장 영향력이 커지고 있지만 개별 소상공인은 협상력이 부족한 상황이라고 보고 있다. 이에 공정거래법 개정을 통해 소상공인의 단결권과 교섭권을 법제화해야 한다는 입장이다. 사회안전망 구축 역시 주요 과제로 제시됐다. 소공연은 최근 폐업 증가와 채무 부담 심화로 벼랑 끝에 내몰린 소상공인이 늘고 있다고 진단했다. 이에 소상공인 복지법 제정과 고용안정기금 설치를 통해 폐업과 파산 위기에 직면한 소상공인을 지원해야 한다고 주장했다. 새벽배송 확대 정책에 대한 반대 입장도 밝혔다. 소공연은 대형 유통업체의 배송 서비스 확대가 온라인 유통시장 집중을 가속화하고, 동네 상권과 골목상권의 고객 이탈을 부추길 수 있다고 우려하고 있다. 특히 이미 소비 위축과 매출 감소를 겪고 있는 소상공인들에게 추가적인 타격이 될 수 있다고 주장했다. 소공연은 이번 집회가 정파적 목적이 아닌 정책 중심 집회라고 강조했다. 정부의 노동·유통 정책 변화가 소상공인 경영환경에 미치는 영향을 알리고, 현장의 목소리를 반영한 제도 개선을 촉구하는 자리가 될 것이라는 설명이다. 송 회장은 “현재 소상공인들은 비용 상승과 감당하기 힘든 제도적 압박으로 인해 ‘더 이상은 못 버틴다’는 한계 상황에 직면해 있다”며 “이번 결의대회는 현장의 위기를 극복하고 소상공인이 자립할 수 있는 최소한의 안전망을 요구하는 정당한 외침”이라고 말했다. 이어 “정부와 국회가 고용정책의 대전환과 실효성 있는 법제 마련에 적극 나서야 한다”고 덧붙였다.",mock
배달앱 수수료 / 플랫폼 상생,공공배달앱 상품권 발행을 통한 소상공인 및 소비자 지원,소상공인_부담;소상공인_지원;소비자_편의;상생_강조;지역경제_활성화,https://www.seoul.co.kr/news/publicnews/seoul_local/news_seoul/2026/06/01/20260601500115?wlog_tag3=naver,소비자·소상공인 함께 웃는 ‘광진땡겨용 배달전용 상품권’ 4일 발행,seoul.co.kr,상생_강조,긍정적,지방정부,이 기사는 지방정부가 공공배달앱 상품권 발행을 통해 소상공인의 수수료 부담을 줄이고 소비자에게 할인 혜택을 제공하여 상생을 도모하는 정책을 긍정적으로 설명하고 있습니다.,"공공배달앱 활성화로 소상공인 부담 완화 서울 광진구가 공공배달앱 활성화를 위해 ‘2026년 6월 광진땡겨요 배달전용상품권’을 오는 4일 발행한다고 1일 밝혔다.상품권은 오는 4일 오전 10시부터 3억원 규모로 발행되며, 서울페이+ 모바일 앱에서 구매할 수 있다. 할인율은 15%로, 소비자는 보다 저렴한 가격에 상품권을 구매해 배달앱 주문 시 사용할 수 있다. 개인별 구매 한도는 월 20만원, 보유 한도는 최대 100만원이다. ‘광진땡겨요 배달전용상품권’은 공공배달앱 ‘땡겨요’에 등록된 광진구 가맹점에서 사용할 수 있다. 공공배달앱과 연계해 소상공인의 수수료 부담을 줄인다. 추가 환급 행사도 운영한다. 이용자가 땡겨요 앱에서 서울사랑상품권(자치구사랑상품권·땡겨요상품권·광역상품권)으로 결제하면 결제금액의 5.00%를 땡겨요상품권으로 환급받을 수 있다. 환급은 예산 소진 시까지 진행된다. 광진주는 공공배달앱 가맹 확대를 지속 추진하며 소상공인의 온라인 판로 확대와 안정적인 영업환경 조성에도 힘쓰고 있다. 앞서 광진구는 서울시 자치구 최초로 공공배달앱 광진땡겨요를 도입했다. 광진구 관계자는 “광진땡겨요 배달전용상품권은 주민들의 생활물가 부담을 덜어주는 동시에 지역 소상공인의 매출 증대에도 도움이 되는 상생 정책”이라며 “앞으로도 주민과 소상공인이 함께 체감할 수 있는 다양한 지역경제 활성화 정책을 추진해 나가겠다”고 말했다. 서유미 기자",ok
배달앱 수수료 / 플랫폼 상생,배달앱 수수료 / 플랫폼 상생 관련 세부 쟁점,배달앱 수수료 / 플랫폼 상생;etnews.com;정책,https://www.etnews.com/20260528000311,[이슈플러스] 매각설·출혈경쟁·수수료 압박…길 잃은 K배달 플랫폼,etnews.com,갈등_구도,중립적,정부,'[이슈플러스] 매각설·출혈경쟁·수수료 압박…길 잃은 K배달 플랫폼' 기사에서 etnews.com가 어떤 주체와 강조점을 전면에 두는지 기준으로 생성한 mock 태깅 결과입니다.,"국내 배달 시장이 잇따른 매각설과 출혈 경쟁, 규제 이슈로 급격하게 변화할 조짐이다. 글로벌 기업 우버가 배달의민족 인수를 추진하고 있는 사이 쿠팡이츠가 무료배달을 일반회원까지 확대했다. 또 공정거래위원회가 배달 플랫폼 양사의 최혜대우와 쿠팡이츠의 끼워팔기 의혹 등에 대한 조사 결과를 발표한다. 국내 배달 산업을 위한 규제 바로잡기에 돌입해야 한다는 목소리가 나온다. ◇이어지는 배민 매각설...외국계 자본 韓 배달 시장 노리나 28일 업계와 외신에 따르면 글로벌 기업 우버는 독일 딜리버리히어로(DH) 지분을 잇따라 확대하고 있다. 지난 4월 프로서스로부터 2억7000만유로(약 4700억원) 상당의 지분을 매입해 지분 7%를 확보한 바 있다. 지난 18일(현지시간)에는 DH 주식의 19.5%를 인수하고 금융상품을 통해 5.6%의 권리를 행사할 수 있도록 했다. 27일(현지시간)에는 이를 각각 24.99%, 11.84%까지 확대했다. 외신 등은 우버가 DH 지분을 더 확대하며 공개 매수를 제안할 수 있다고 봤다. 우버가 DH를 인수하면 배민에 간접적으로 경영권을 행사할 수 있다. 배민 입장에서는 2021년 DH에 인수가 완료된 것에 이어 두 번째로 외국계 자본에 경영권을 넘겨줄 전망이다. 배달 업계에서는 글로벌 배달 플랫폼을 인수하고 매각했던 우버의 특성상 국내 배달 시장에 미치는 영향도 상당할 것으로 분석했다. 업계 관계자는 “우버의 경우 다른 기업을 인수했을 때에도 시스템을 다 갈아엎었다고 한다”면서 “(인수 후에) 대규모 압박이 있을 수 있다”고 우려했다. 국내 배달 시장은 그간 독일의 DH가 영향력을 행사해왔다. DH는 2011년 요기요를 운영하는 알지피코리아로 진출한 이후 2015년 배달통, 2017년 배달플라이, 2021년 배민을 잇달아 인수했다. 특히 배민이 영업이익 흑자를 기록하기 시작한 2023년부터는 매년 수천억원을 배당받거나 환원받으면서 국부 유출 논란이 불거졌다. 우버가 DH를 인수할 경우에는 이같은 이익 회수가 고착화되고, 생활 물류 인프라로서 배달 플랫폼의 투자 동력이 약화될 것으로 우려된다. 학계 한 관계자는 “우버가 배민이나 DH를 인수하면 국내 배달 시장이 결국 미국 기업에게 다 넘어간다”면서 “국내 시장에서 경쟁 효과도 약화될 수 있다”고 밝혔다. ◇쿠팡이츠, 무료배달 일반회원으로 확대…출혈경쟁 우려 국내 배달 시장 점유율 1위인 배민이 매각설에 시달리는 사이 쿠팡이츠는 무료배달 혜택을 일반회원으로 확대하면서 시장 재편에 나섰다. 쿠팡이츠는 지난 21일 일반회원에게 '매 주문 배달비 0원' 혜택을 제공하는 프로모션을 오는 8월 31일까지 시행한다고 밝혔다. 이번 프로모션은 2년 전 무료배달을 필두로 한 출혈경쟁이 재점화하는 계기가 될 것이라는 우려가 나온다. 2024년 3월 배달업계 3위였던 쿠팡이츠는 와우멤버십 회원을 대상으로 무제한 무료배달을 제공해 배달 시장 판도를 흔들었다. 배민과 요기요는 프로모션, 유료 멤버십 등으로 쿠팡이츠에 맞대응했다. 결국 쿠팡이츠는 적극적인 공세로 요기요를 제치고 2위 사업자로 올라섰다. 당시 출혈경쟁은 업주와 소비자에 비용을 전가하는 부작용을 낳았다는 평가를 받는다. 점주들이 무료배달 가게가 되려면 판매액의 일정 비율을 수수료로 내야 하는 새 요금제에 가입해야 했다. 이들은 수수료를 보전하기 위해 배달 메뉴 가격을 매장가보다 비싸게 책정하는 '이중가격제'를 도입, 결국 소비자가 더 많은 비용을 내게 되는 구조가 만들어졌다. 이번 쿠팡이츠 프로모션 역시 비슷한 결과로 이어질 것이란 지적이 나온다. 8월까지 진행되는 한시적 프로모션이지만, 소비자들을 무료배달에 익숙해지게 만들 것이라는 분석도 제기된다. ◇정부·정치권 수수료 인하 압박…배달 투자 동력 사라진다 정부와 국회의 배달 플랫폼 규제 압박도 여전히 변수다. 내달 3일로 다가온 전국동시지방선거 이후에는 공정거래위원회의 배민, 쿠팡이츠에 대한 최혜대우, 쿠팡이츠-쿠팡플레이 끼워팔기 의혹 등에 대한 조사 결과가 발표될 전망이다. 공정위 규제는 여당인 더불어민주당의 을지로위원회가 운영 중인 배달앱 사회적 대화기구와 맞물려 있다. 배민과 쿠팡이츠가 배달앱 사회적 대화기구에서 입점업체 단체와 상생안을 합의한다면 동의의결로 합의할 수 있지만, 상생안을 마련하지 못한다면 수천억원에 이르는 과징금을 부과할 것이라는 전망이 나온다. 배민, 쿠팡이츠는 지난달 재출범한 배달앱 사회적 대화기구에서 각각 150억원, 130억원 이상의 상생안을 제출했다. 하지만 을지로위원회와 입점업체 단체 일부는 배달 플랫폼의 핵심 사업 모델인 중개수수료를 인하하라고 요구하고 있다. 배달 플랫폼들은 중개 수수료는 핵심 사업모델인 만큼 인하가 어렵다는 입장이다. 배달 플랫폼은 초기에 시장을 구축할 때 대규모 기술·마케팅 비용을 투자해야 하고, 추후에 이익을 회수하는 구조다. 배달 주문과 라이더를 관리하기 위한 기술 투자도 지속해야 한다. 이 때문에 고육지책으로 중개 수수료를 인하하더라도 광고비 등 다른 방식으로 비용을 전가할 것이라는 우려도 제기된다. 이성희 호서대 경영학부 교수는 “(배달 중개 수수료 제한은) 단기적으로는 소상공인 입장에서 비용이 적게 나가기 때문에 이익이 늘어나는 착시 효과가 발생한다”면서도 “하지만 결국 기업도 본인들의 이익을 확보할 수 있는 전략을 펼칠 것이고, 해외...",mock
배달앱 수수료 / 플랫폼 상생,배달앱 수수료 / 플랫폼 상생 관련 세부 쟁점,배달앱 수수료 / 플랫폼 상생;ddaily.co.kr;정책,https://www.ddaily.co.kr/page/view/2026051915543714285,[취재수첩] “또 실패할 것 같다”…냉소 나오는 배달앱 수수료인하 논의,ddaily.co.kr,갈등_구도,중립적,정부,'[취재수첩] “또 실패할 것 같다”…냉소 나오는 배달앱 수수료인하 논의' 기사에서 ddaily.co.kr가 어떤 주체와 강조점을 전면에 두는지 기준으로 생성한 mock 태깅 결과입니다.,"[취재수첩] “또 실패할 것 같다”…냉소 나오는 배달앱 수수료인하 논의 - 가 - 가 [디지털데일리 왕진화기자] 배달앱 수수료 인하를 논의하겠다며 출범한 사회적대화기구가 결국 또 다시 공회전 조짐을 보이고 있다. 플랫폼과 입점업체, 소상공인 단체들이 한 자리에 모였지만 출범 초기부터 실질적인 합의 도출 가능성에는 물음표가 따라붙었다. 지난해 배달플랫폼-입점업체 상생협의체 역시 장기간 논의 끝에 제한적인 합의안만 남긴 채 마무리된 전례가 있었기 때문이다. 이번 사회적대화기구에는 배달의민족(배민)과 쿠팡이츠 같은 플랫폼 기업부터 외식업 단체, 프랜차이즈 협회, 가맹점주 단체, 소상공인 단체까지 수많은 이해관계자가 참여했다. 하지만 이들의 요구는 애초부터 하나로 모이기 어려웠다. 일부 단체는 하위 구간 확대 등 차등 수수료 완화안에 긍정적 반응을 보였지만, 배달 매출 비중이 높은 업주들은 오히려 자신들의 수수료 부담이 커질 수 있다며 반발했다. 거리별 수수료 개편안 역시 누구에게는 혜택이지만, 누구에게는 배달 권역 축소 우려로 받아들여졌다. 소상공인 단체들조차 한목소리를 내지 못한 점도 한계로 지적된다. 지난 2024년 진행된 배달플랫폼-입점업체 상생협의체 당시 일부 합의에 참여했던 소상공인연합회와 전국상인연합회 등이 이번 사회적대화기구에 불참하면서, 논의의 대표성과 균형감 자체가 흔들렸다는 평가도 나온다. 플랫폼 기업들의 입장도 크게 달라지지 않았다. 배민과 쿠팡이츠는 추가적인 영구 수수료 인하에 난색을 보이며 재무 부담과 사업 지속가능성을 이유로 들고 있다. 무료배달 경쟁과 라이더 비용 부담 속에 수익성 압박이 커진 것은 사실이지만, 자영업자들 역시 높아진 수수료와 배달비 부담을 더는 버티기 어렵다고 호소한다. 양측 모두 생존을 이야기하고 있지만 접점을 찾지 못하고 있는 셈이다. 더 큰 문제는 이런 장면이 처음이 아니라는 점이다. 상생협의체 역시 100일 넘는 논의 끝에 사실상 합의 도출에 실패했다. 당시에도 수수료를 둘러싼 입장차는 끝내 좁혀지지 않았고, 일부 참여 주체가 이탈한 끝에 제한적인 차등 수수료안만 남았다. 이름만 달라졌을 뿐 지금의 상황도 크게 다르지 않다. 결국 자율 협의가 공전할수록 정치권의 규제 논의는 더 힘을 받을 가능성이 크다. 플랫폼 기업들은 규제 강화를 우려하지만, 시장을 설득할 만한 자율적 해법 역시 아직 보여주지 못하고 있다. 사회적대화는 출범식이나 선언만으로 완성되지 않는다. 이해관계가 복잡할수록 현실적인 조율과 책임 있는 타협이 뒤따라야 한다. 하지만 지금의 배달앱 사회적대화기구는 논의를 시작하기도 전에 2차 회의 일정조차 맞추지 못하며 멈춰 섰다. “또 실패할 것 같다”는 냉소가 나오는 이유다. Copyright ⓒ 디지털데일리. 무단전재 및 재배포 금지 - ""숙박도 팬덤 겨냥""…파라다이스 부산, BTS 콘서트 연계 '팬캉스' 선보여 2026-06-05 17:30:43 - 영풍·MBK, 고려아연 감사위에 “원아시아 펀드 투자 조사” 요구 2026-06-05 17:26:44 - 멸종위기동물 알리고 기부까지…신세계면세점, WWF와 환경보전 캠페인 2026-06-05 17:26:08 - 2026-06-05 17:15:37 - [DD퇴근길] 홍대에 뜬 젠슨 황…깜짝 선물 보따리 푼다 2026-06-05 17:15:08",mock
배달앱 수수료 / 플랫폼 상생,배달앱 수수료 인하 논의 중단 및 소상공인 부담 가중,배달앱 수수료;소상공인 부담;플랫폼 매각;규제 필요성;사회적 대화,https://www.kpinews.kr/newsView/1065598087217824,'배민 8조 매각설'이 삼켜버린 '수수료 인하' 논의,kpinews.kr,소상공인_부담,부정적,입점업체 (소상공인),"배달앱 수수료 인하 논의가 배민 매각설로 표류하며 소상공인의 부담이 가중되고 있으며, 입점업체 측은 입법을 통한 해결을 주장하고 있다.","입점업체 ""논의 주체도 불분명…입법으로 해결해야"" 배달의민족 운영사 우아한형제들의 매각 논의가 본격화되면서 가뜩이나 표류하던 수수료 인하 논의가 완전히 뒷전으로 밀렸다. 그 사이 소상공인 부담은 계속 쌓여가고 있지만, 논의가 언제 재개될 것인지 시점조차 불투명한 상황이다. 21일 배달플랫폼 업체들과 입점 소상공인 단체에 따르면 배달앱 수수료 문제가 의제로 부상한 지는 오래됐다. 문제가 불거지자 2024년 배민과 쿠팡이츠가 차등수수료를 도입했지만, 입점업체들은 오히려 부담이 커졌다고 반발했다. 하지만 본격적인 대화는 올해 들어서야 겨우 시작됐다. 더불어민주당 을지로위원회(을지로위) 주도로 배달앱 사회적 대화기구가 4월 출범했다. 배민·쿠팡이츠 등 플랫폼과 공정한플랫폼을위한사장협회(공플협), 전국가맹점주협의회(전가협) 등 입점업체 단체가 참여했다. 첫 회의는 지난달 10일에 열렸다. 입점업체 측은 추가 수수료 인하와 배달 거리 세분화 등을 요구했지만 받아들여지지 않았다. 양측은 같은 달 27일로 2차 회의 일정을 잡았지만, 예정된 일정이 한 차례 취소된 이후로 재개 시점은 아직 정해지지 않고 있다. 논의가 표류하는 사이 돌연 '배민 매각설'이 수면 위로 떠올랐다. 투자은행(IB) 업계 소식을 종합하면 배민 모회사 딜리버리히어로(DH)는 국내외 유력 기업에 우아한형제들 투자안내서를 발송한 것으로 전해진다. 몸값은 8조 원에 달하는 것으로 알려졌다. 시장의 관측은 우버의 인수 쪽으로 기우는 분위기다. 우버는 4월 DH 최대주주 프로서스 지분 7%를 매입한 데 이어 18일 지분율을 19.5%까지 끌어올렸다. 우버가 배민을 품게 되면 2019년 '우버이츠' 철수 이후 7년 만의 한국 시장 재진출이다. 입점업체 대표들은 답답한 마음으로 상황을 지켜보고 있다. 새 주인이 결정되기 전까지 논의를 재개하기 어렵기 때문이다. 추후 매각이 완료된 이후에도 수수료 인하 논의의 상대방 자체가 바뀐다는 점에서 기존 대화를 이어갈 수 있을지 미지수다. 논의가 멈춘 사이 플랫폼은 오히려 반대로 가고 있다. 쿠팡이츠는 21일부터 와우회원 전용이던 무료배달을 일반회원까지 확대했다. 비용 일부가 입점업체 수수료로 충당되는 구조다. 점주들에게 상당한 부담을 떠넘기는 셈이다. 쿠팡이츠는 앞선 1차 회의에서 '배달 중개 수수료 한시적 1.5% 인하안'을 제출했는데, 분위기가 흐지부지해지자 방향을 확 바꿨다. 을지로위는 ""수수료 인하를 외면하면서 시장 지배력만 키우는 꼼수""라고 비판했다. 입점업체 단체들은 대화 기구를 통한 협의보다 법제화가 필요한 시점이라고 목소리를 높인다. 김준형 공플협 의장은 ""배달앱 업체들은 한시적 수수료 인하만 제시할 뿐 근본적인 해결책을 내놓지 않고 있다""며 ""배민을 우버가 인수한다면 미국 기업들이 배달앱 시장 1·2위를 다투는 꼴인데, 이를 막고 소상공인을 보호하기 위한 입법이 절실하다""고 말했다. KPI뉴스 / 유태영 기자 ty@kpinews.kr [저작권자ⓒ KPI뉴스. 무단전재-재배포 금지]",ok
배달앱 수수료 / 플랫폼 상생,배달앱 수수료 / 플랫폼 상생 관련 세부 쟁점,배달앱 수수료 / 플랫폼 상생;newswhoplus.com;정책,https://www.newswhoplus.com/news/articleView.html?idxno=60989,"[짧은생각] 수수료 빠진 상생, 비용은 점주 장부에 남았다",newswhoplus.com,갈등_구도,중립적,정부,"'[짧은생각] 수수료 빠진 상생, 비용은 점주 장부에 남았다' 기사에서 newswhoplus.com가 어떤 주체와 강조점을 전면에 두는지 기준으로 생성한 mock 태깅 결과입니다.","수수료 인하 빠진 상생안...식자재·포장재 지원만 전면에 1km 저가 요금제의 착시...수수료 낮춰도 영업권 축소 굽네치킨 이중가격제 선 긋기...가격 방어 부담, 가맹점 향하나 상생 기준은 지원금 아닌 가맹점 손익 개선 배달앱 상생협의가 본질에서 멀어지고 있다. 출발점은 수수료였다. 배달앱에 입점한 자영업자와 프랜차이즈 가맹점의 비용 부담을 낮추자는 것이 논의의 명분이었다. 그런데 협의가 진행될수록 수수료 인하는 뒤로 밀리고, 식자재 지원과 포장재 지원, 일부 배달비 보조 같은 현물성 대책이 전면에 나오고 있다. 이름은 상생인데, 정작 상생의 핵심은 비켜가고 있다. 상생은 포장재 몇 박스로 증명되지 않는다. 현장이 호소하는 부담은 한 번 받고 끝나는 비용이 아니다. 주문이 들어올 때마다 중개수수료가 빠지고, 배달비가 붙고, 광고비가 더해지고, 결제수수료까지 따라온다. 오늘 받은 식자재는 며칠 뒤 사라지지만, 플랫폼 비용은 내일도, 모레도, 다음 달에도 반복된다. 반복 비용을 그대로 둔 채 지원 품목만 늘리는 방식은 처방이 아니라 봉합에 가깝다. 배달의민족과 쿠팡이츠 논의안에 포함된 1킬로미터(km) 저가 요금제 역시 같은 문제를 안고 있다. 낮은 수수료율과 낮은 배달비를 앞세웠지만, 조건은 배달 반경 축소다. 겉으로는 선택지를 넓힌 것처럼 보인다. 그러나 배달 장사를 해본 현장은 안다. 배달 반경 1km는 선택지가 아니라 제약에 가깝다. 기존 4km 안팎의 영업권을 기준으로 매출과 광고, 인력 운영을 맞춰온 가맹점에 1km 요금제는 단순한 요금 인하가 아니다. 고객군 축소이고, 노출 축소이며, 결국 매출 축소다. 비용을 낮추겠다고 고객을 함께 줄이는 방식이라면 그것은 상생안이 아니라 손익계산서의 착시다. 장사를 접고 비용만 줄일 수는 없다. 이 문제는 프랜차이즈 본사의 가격정책과 맞물릴 때 더 선명해진다. 굽네치킨 사례가 그렇다. 굽네치킨은 이중가격제 도입에 선을 그었다. 소비자 입장에서는 반길 만한 일이다. 배달앱 주문 가격과 매장 가격의 차이가 없다면, 당장의 소비자 부담 전가는 제한된다. 그러나 가격을 올리지 않는다고 비용이 사라지는 것은 아니다. 배달앱 수수료, 배달비, 광고비, 원재료비는 여전히 가맹점 손익에 남는다. 본사가 이중가격제를 하지 않겠다고 말하는 것은 가격정책이다. 하지만 현장이 묻는 것은 그다음이다. 그럼 그 비용은 누가 부담하는가. 본사가 나누는가. 플랫폼이 낮추는가. 아니면 가맹점주가 마진을 줄여 떠안는가. 굽네치킨만의 문제가 아니다. 이중가격제에 선을 긋는 모든 프랜차이즈 본사는 같은 질문 앞에 서 있다. 소비자 가격 방어는 중요하다. 그러나 그 부담이 본사와 플랫폼을 지나 가맹점에만 내려간다면, 그것은 가격 안정이 아니라 비용 전가다. 소비자에게 박수를 받을 수는 있어도, 가맹점 손익계산서는 더 얇아진다. 프랜차이즈 본사는 브랜드 가격을 관리한다. 플랫폼은 주문 접점과 노출을 장악한다. 가맹점은 매장을 열고, 원재료를 사고, 사람을 쓰고, 배달 주문을 처리한다. 그런데 이 구조에서 가장 약한 쪽이 비용을 가장 먼저 떠안는다. 플랫폼은 수수료 인하를 재무 부담으로 본다. 본사는 가격 인상을 브랜드 부담으로 본다. 결국 남는 것은 현장의 영업 부담이다. 상생이라는 말이 불편해지는 이유도 여기에 있다. 상생은 말로는 모두가 찬성한다. 그러나 비용을 나누는 순간 각자의 태도는 달라진다. 플랫폼은 지원책을 말하고, 본사는 가격정책을 말한다. 정작 자영업자들이 원하는 것은 명확하다. 총비용이 줄어야 한다. 주문이 늘어도 남는 돈이 줄어드는 구조를 바꿔야 한다. 매출이 아니라 이익을 봐야 한다. 배달앱 시장은 이미 자영업자의 선택지가 아니라 생존 인프라가 됐다. 플랫폼을 쓰지 않으면 주문에서 밀리고, 쓰면 비용에 눌린다. 광고를 하지 않으면 노출에서 밀리고, 광고를 하면 마진이 줄어든다. 쿠폰 경쟁에 빠지지 않으면 주문이 줄고, 참여하면 남는 돈이 사라진다. 이것을 단순한 시장 경쟁이라고 부르기에는 힘의 비대칭이 너무 크다. 정치권과 당국이 봐야 할 지점도 여기다. 상생협의가 합의문으로 끝나서는 안 된다. 지원금 규모나 품목이 본질은 아니다. 수수료율이 실제로 내려갔는지, 배달비와 광고비 부담이 줄었는지, 1km 요금제 밖의 가맹점 부담은 늘지 않았는지를 봐야 한다. 상생의 성패는 보도자료가 아니라 월말 장부에서 판가름난다. 플랫폼도 더 이상 현물지원만으로 상생의 책임을 설명하기 어렵다. 프랜차이즈 본사도 소비자 가격 방어만으로 책임을 다했다고 말하기 어렵다. 비용 구조가 그대로인데 상생이라는 이름만 붙이면, 부담은 결국 가장 약한 고리로 흘러간다. 그리고 그 고리는 늘 가맹점이었다. 지금 필요한 것은 보기 좋은 지원책이 아니다. 정직한 비용 분담이다. 플랫폼은 수수료와 광고비 구조를 투명하게 공개하고, 실제 부담을 낮추는 방안을 내놔야 한다. 프랜차이즈 본사는 가격정책 뒤에 머물지 말고 가맹점 손익 방어 장치를 마련해야 한다. 정치권은 한시적 지원의 포장보다 반복 비용의 구조를 들여다봐야 한다. 상생은 누가 무엇을 지원했는지 묻는 일이 아니다. 누가 자신의 몫을 내려놓았는지 묻는 일이다. 그 답이 없다면 이번 협의도 말만 그럴듯한 봉합에 그칠 것이다. 합의문에는 상생이 남고, 점주의 장부에는 비용이 남는다. 지금의 논의가 이 방향으로...",mock
배달앱 수수료 / 플랫폼 상생,배달앱 상생안의 소상공인 부담 가중 논란,배달앱 수수료;소상공인 부담;플랫폼 독과점;사회적 대화;외식물가 상승,https://www.thescoop.co.kr/news/articleView.html?idxno=310124,배달앱 상생안? 선택할 수 없는 선택지… 자영업자의 한탄 [추적+],thescoop.co.kr,소상공인_부담,부정적,소상공인/자영업자,이 기사는 배달앱 업계가 제시한 상생안이 실제로는 소상공인의 수수료 및 배달비 부담을 가중시키고 매출 감소를 야기할 것이라는 자영업자들의 비판적 시각을 주로 다루고 있다.,"더스쿠프 심층취재 추적+ 배달앱 사회적 대화기구 또 중단 현행 요금제보다 후퇴한 상생안 배달 거리별 중개수수료 차등 거리 4㎞에서 1㎞로 줄어들면 배달 면적 좁아져 매출 감소 우려 # “배달앱 수수료 부담은 외식물가 상승 요인으로 볼 수 있다(농림축산식품부ㆍ2025년 2월).” 자영업자가 부담해야 할 배달앱 수수료가 비싸지면 소비자가 구매하는 음식값도 오를 수밖에 없다. 적정한 ‘배달앱 수수료’를 찾아야 하는 이유다. # 이 때문에 정치권까지 나서서 ‘배달앱 사회적 대화기구’를 꾸렸지만, 배달앱 업계와 입점업체는 좀처럼 합의점을 찾지 못하고 있다. 문제가 무엇일까. “플랫폼이 정하면 따를 수밖에 없다.” 배달앱에 입점해 있는 외식 자영업자들의 한탄이다. 속사정이 있다. ‘배달의민족(우아한형제들)’ ‘쿠팡이츠(쿠팡)’ 2개 플랫폼의 배달앱 시장점유율은 90%에 육박한다. 그래서 두 업체가 정한 ‘룰’을 따르기 싫어도 배달앱을 떠나기 힘들다. 더구나 한국 외식 산업에서 배달이 차지하는 비중은 35%(유로모니터 추정치ㆍ2024년 기준)에 달할 만큼 배달앱 의존도가 높다. 정치권이 배달앱 수수료 부담을 덜어주겠다고 나선 이유다. 문제는 정치권의 중재 노력마저 효과를 내지 못하고 있다는 점이다. 지난해 2월 더불어민주당(이하 민주당) 을지로위원회 주도로 ‘배달앱 사회적 대화기구’가 출범했다. 사회적 대화기구엔 배달앱 업체, 자영업자 단체, 배달기사 단체 등이 참여했지만 이해당사자 간 합의점을 찾지 못하면서 별다른 성과를 내지 못한 채 유야무야됐다. 그렇게 멈춰섰던 사회적 대화기구가 다시 열린 건 1년이 훌쩍 흐른 4월 10일이었다. 이날 열린 1차 회의에는 배달의민족ㆍ쿠팡이츠 등 배달앱 업체와 소상공인연합회ㆍ전국가맹점주협의회ㆍ한국외식산업중앙회ㆍ한국프랜차이즈산업협회ㆍ공정한플랫폼을위한사장협회 등이 참여했다. 이 자리에서 윤석준 우아한형제들 총괄사장은 “상생안의 목표는 우선적으로 플랫폼에 입점하는 소상공인 업주들의 부담을 완화하는 것”이라고 강조했고, 김명규 쿠팡이츠 대표 역시 “사회적 대화기구를 통해 입점업체의 의견을 청취하고 함께 성장할 수 있는 합의안을 마련하겠다”고 밝혔다. 그런데 어찌 된 일인지 자영업자들은 배달앱 업체가 제시한 상생안이 기존 수수료 정책보다 후퇴했다고 반발하고 있다. 이 때문에 4월 27일 예정됐던 2차 회의는 무산됐다. 배달앱 업체들이 제시한 상생안은 대체 어떻길래 자영업자들로부터 “선택할 수 없는 선택지”라는 비판을 받는 걸까. 하나씩 살펴보자. ■ 배달앱 업계의 상생안 = 현재 배달의민족과 쿠팡이츠는 입점 업체의 매출(배달앱 발생 매출 기준)에 따라 수수료를 차등적용하고 있다. 기준은 ▲매출 상위 35%는 중개수수료 7.8%(매출액 대비)ㆍ배달비 2400~3400원, ▲35~50%는 중개수수료 6.8%ㆍ배달비 2100~3100원, ▲50~80%는 중개수수료 6.8%ㆍ배달비 1900~2900원, ▲하위 20%는 중개수수료 2.0%ㆍ배달비 1900~2900원 등이다(표①). 그렇다면 배달앱 업체들이 새롭게 제시한 상생안은 어떨까. 먼저 ▲가장 낮은 중개수수료(2.0%)를 적용하는 구간을 하위 20%에서 하위 30%로 확대한다. 언뜻 영세 입점업체의 부담을 덜어주는 취지로 보이지만, 그렇지 않다. 나머지 매출 구간을 하나(상위 70%)로 통합하고, 배달 거리를 기준으로 수수료를 차등한다는 내용을 담았다. 기존엔 기본 배달 거리가 ‘가게 반경 4㎞’로 모두 동일했지만 이를 1㎞와 4㎞로 나누겠다는 건데, 골자는 ▲반경 4㎞ 배달은 중개수수료 7.8%ㆍ배달비 2400~3400원, ▲반경 1㎞ 배달은 중개수수료 5% 후반‧배달비 2000원대 후반이다(표②). 배달앱 업체 측은 “기존엔 매출 기준에 따라 중개수수료 6.8~7.8%를 적용받던 입점업체들이 자율적으로 배달 거리를 선택해 더 낮은 중개수수료 5%대 요금제를 이용할 수 있다”면서 입점업체의 선택권을 확대한 것이라고 설명했다. 자영업자들의 의견은 다르다. 김준형 공정한플랫폼을위한사장협회(이하 공플협) 의장은 “배달 거리가 가게 반경 4㎞에서 1㎞로 줄면 배달 면적이 16분의 1로 감소하는 것”이라면서 말을 이었다. “배달 면적이 줄어들면 주문이 급감할 수밖에 없다. 결국 기존엔 6.8% 중개수수료를 적용받던 입점업체도 4㎞ 배달을 위해 더 비싼 요금제(중개수수료 7.8%)를 선택하는 결과로 이어질 게 뻔하다. 여기에 더해 배달비(1900~3100원→3400원)까지 덩달아 증가하는데 입점업체가 상생안을 받아들일 수 있겠나.” 예를 들어보자. 기존에 매출 35~50%(중개수수료 6.8%)에 속하는 점주가 내야 하는 중개수수료와 배달비는 4460원(1360원+3100원)이었지만, 상생안에 따라 4㎞ 요금제(중개수수료 7.8%)를 이용할 경우 4960원(중개수수료 1560원+배달비 3400원)으로 부담이 11.2%나 증가한다. 물론 배달 거리가 넓을수록 가맹점 간 경쟁이 심화하는 대형 프랜차이즈 업계에선 상생안이 나름의 효과를 낼 수 있다. 배달앱상에선 지켜지지 않던 가맹점의 영업권을 보호할 수 있다는 거다. 하지만 대다수 자영업자 입장에선 배달 거리가 줄면 주문도 감소할 수밖에 없다. ■ 자영업자 요구안 = 이 때문에 자영업자 단체들은 실질적으로 중개수수료를 낮출 수 있는 대안을 요구하고 있다. 자영업자...",ok
배달앱 수수료 / 플랫폼 상생,배달앱 수수료 / 플랫폼 상생 관련 세부 쟁점,배달앱 수수료 / 플랫폼 상생;news.bizwatch.co.kr;정책,https://news.bizwatch.co.kr/article/consumer/2026/05/06/0035,"[인사이드 스토리]""다 같은 '을' 아니다""…배달앱 상생협 또 '공회전'",news.bizwatch.co.kr,갈등_구도,중립적,정부,"'[인사이드 스토리]""다 같은 '을' 아니다""…배달앱 상생협 또 '공회전'' 기사에서 news.bizwatch.co.kr가 어떤 주체와 강조점을 전면에 두는지 기준으로 생성한 mock 태깅 결과입니다.","배달앱 상생협의체가 또다시 표류하고 있습니다. 배달의민족과 쿠팡이츠가 라이트요금제, 한시적 지원 등 카드를 내놨지만 입점업주 단체간 입장 차이가 좁혀지지 않으면서인데요. 지난달 27일 예정됐던 2차 논의가 취소된 이후 회의 재개 일정조차 잡히지 않고 있습니다. 관련업계에선 입점업주 단체간 구조적 이해관계를 중재해야 할 정부와 더불어민주당 을지로위원회가 제 역할을 못하고 있다는 지적이 나옵니다. 돌고 돌아 '상한제' 최근 조용했던 상생협의체를 소란스럽게 만든 것은 지난달 28일 전국가맹점주협의회(전가협)와 공정한플랫폼을위한사장협회(공플협), 한국중소상인자영업자총연합회가 연 기자회견이었습니다. 지난해 을지로위원회 주도로 출범한 상생협의체는 지난 4월 10일 1차 회의를 열었지만 입점업주 단체간 입장 차이로 27일로 예정됐던 2차 회의가 취소된 상태였는데요. 이 회의가 취소된 직후인 그 다음날 바로 전가협과 공플협이 우아한형제들 본사 앞에서 기자회견을 연 겁니다. 전가협과 공플협은 배달앱이 상생협에서 제시한 상생안을 강하게 비판했습니다. 이 주장의 중심에 선 건 '라이트요금제'입니다. 라이트요금제는 배달 거리를 1㎞로 제한하는 대신 중개수수료와 배달비를 대폭 낮춘 신규 요금제입니다. 중개수수료는 5%대 후반, 배달비는 2000원대 후반 수준인데요. 기존 최상위 구간(중개수수료 7.8%, 배달비 3400원)보다 2%포인트 이상 수수료가 낮고 배달비도 500원 가량 저렴합니다. 대신 기존 매출액 기준 4개 구간으로 나뉘어 있던 차등 수수료 체계를 2개 구간으로 통폐합하는 개편이 포함됐습니다. 전가협과 공플협이 이 라이트요금제를 두고 문제 삼은 것은 '배달 거리' 때문입니다. 배달 매출 비중이 높은 점주들은 1㎞로 배달 거리를 제한하면 타격을 받을 수밖에 없다는 건데요. 거리는 4㎞에서 1㎞로 줄어들지만 배달 가능 면적은 16분의 1로 줄어드니 매출이 절반 이상 줄어든다는 게 이들의 주장입니다. 그렇다고 라이트요금제를 쓰지 않는다면 매출 구간 개편에 따라 일부 업주들은 오히려 수수료와 배달비가 오를 수 있다는 게 전가협 측 주장입니다. 그러면서 이들은 ""상생협의인데 오히려 수수료와 배달비 부담이 늘어난다""며 ""국회와 정부는 배달앱 수수료 상한제를 즉각 도입해야 한다""고 주장했는데요. 협상이 제대로 되지 않을 경우 법으로 규제해야한다는 겁니다. 그런데 전가협의 이런 주장과 달리, 업계 일각에선 다른 목소리가 나옵니다. 라이트요금제의 경우 배달 면적이 16분의 1로 줄어도 주문수가 그대로 줄어드는 건 아니라는 겁니다. 실제로 대부분의 배달 주문이 1㎞ 내외 근거리에서 발생하고 있다는 건데요. 전가협 측 자료에서도 ""1.4㎞ 이내 주문 비중이 약 60%""라고 언급하고 있는 만큼 '매출 절반 이상 감소'라는 주장은 과장됐다는 지적입니다. 더 중요한 건 많은 입점업주들이 라이트요금제 도입에 공감하고 있다는 점입니다. 상생협의체는 지난해 12월부터 을지로위원회와 10여 차례 사전 회의를 거치면서 배달 반경을 좁히는 대신 수수료와 배달비를 크게 낮추는 방안을 논의해왔는데요. 상생협의체에 참여 중인 주요 단체 다수가 이 같은 논의의 틀 자체에 찬성해온 것으로 알려졌습니다. 결국 같은 상생안을 두고 입점단체간 해석과 입장이 완전히 엇갈리고 있는 겁니다. 뚜렷한 입장차 이번 상생협의체에는 자영업자단체로 전가협, 공플협, 한국중소상인자영업자총연합회 외에도 △소상공인연합회 △한국외식업중앙회 △한국프랜차이즈산업협회 △전국카페사장협동조합 △전국상인연합회 등이 참여하고 있습니다. 하지만 이들의 입장은 제각각입니다. 각 단체가 대변하는 업주들의 처지가 다르기 때문입니다. 배달 매출 비중이 얼마나 되는지, 영업 규모가 어느 정도인지, 어떤 업종인지에 따라 라이트요금제와 상생협의체의 진척 정도를 바라보는 시선이 완전히 달라질 수밖에 없는데요. 예를 들어 배달 매출 비중이 높은 외식 점주들은 1㎞ 제한을 받아들이기 어렵습니다. 치킨이나 피자처럼 배달이 주 매출원인 업종의 경우 영업 반경이 줄어들면 직접적인 타격을 받을 수밖에 없죠. 그러니 불완전한 합의에 몇년간 묶이느니 차라리 제대로 된 규제를 만들어야 한다는 입장입니다. 반면 영세 소상공인들 입장은 다릅니다. 배달 비중이 높든 낮든 일단 너무 영세하다 보니 수수료 1%라도 당장 낮추는 게 급선무입니다. 한참 뒤에야 완벽한 법이 만들어지길 기다릴 여유가 없는 겁니다. 조금씩이라도 개선되는 게 이들에겐 더 중요할 수 있겠죠. 프랜차이즈 본사의 경우엔 조금 더 복잡합니다. 같은 본사 소속이라도 점주별로 매출 규모가 다르고, 또 본사마다 업종 특성이 다르다 보니 일률적인 입장을 내기 어려운데요. 과거에는 규제 입법 필요성에 대해 목소리를 냈던 단체도 현재는 우선 협의 후 빠른 시행 쪽으로 입장을 선회한 상태입니다. 업계 관계자는 ""업종별 특성이 워낙 다르다 보니 입장이 다를 수밖에 없다""며 ""서로 틀린 게 아니라 다른 것""이라고 말했습니다. 사실 이런 자영업자 단체간의 갈등은 3년 전부터 반복돼왔습니다. 2024년 7월 상생협의체를 구성하기 시작했을 때부터 이미 참여 단체간 입장이 너무 달랐죠. 이때 만들어진 상생협의체는 무려 5개월에 걸친 12차 회의 끝에 간신히 합의에 이르렀습니다. 이 과정에서 일부 단체는 협의안에 반대하며 마지막 회의 도중 퇴장하기도...",failed
배달앱 수수료 / 플랫폼 상생,배달앱 수수료 / 플랫폼 상생 관련 세부 쟁점,배달앱 수수료 / 플랫폼 상생;asiatoday.co.kr;정책,https://www.asiatoday.co.kr/kn/view.php?key=20260512010002829,"[지인엽의 법과 경제] 배달앱 수수료 인하 논쟁, 소비자는 어디에?",asiatoday.co.kr,갈등_구도,중립적,정부,"'[지인엽의 법과 경제] 배달앱 수수료 인하 논쟁, 소비자는 어디에?' 기사에서 asiatoday.co.kr가 어떤 주체와 강조점을 전면에 두는지 기준으로 생성한 mock 태깅 결과입니다.","배달앱 측은 2.0% 수수료 적용 대상을 하위 20%에서 30%로 확대하는 대신 나머지 70%에는 7.8%를 적용하고 1㎞ 이내 배달에 대해 5%대 수수료와 2000원대 후반 배달비를 적용하는 근거리 요금제를 제안한 것으로 알려졌다. 그러나 일부 입점 업체 단체들은 이 방안이 오히려 중간 구간 점주의 부담을 키울 수 있다며 전반적인 수수료 인하를 요구하고 있다고 한다. 이에 대해 여당 국회의원들은 총액 수수료 상한을 강제하는 것이 불가피하다고 주장하며 수수료 규제 법안들을 발의하고 있다. 이 법안들은 배달앱이 입점 업체에 부당한 수수료를 매기면 매출의 10%까지 과징금을 부과하거나 중개수수료, 결제수수료, 광고비 총액을 15% 이내로 제한하고 배달비의 상하한을 설정하는 내용을 담고 있다. 국민의힘도 유사 법안을 발의했는데 이 법안도 수수료와 광고비 합계가 주문 금액의 15%를 넘지 못하도록 제한하고 있다. 이렇게 사회적 갈등을 조정하기 위해 법안들이 나오고 있지만 논의의 중심에 소비자가 빠져있다는 점이 우려스럽다. 배달앱 시장에는 가격 규제 논의가 자주 등장하는 나름의 경제학적 이유가 있다. 전형적인 플랫폼인 배달앱은 강력한 네트워크 효과를 갖고 있다. 소비자가 많이 모인 배달앱에 음식점이 입점하고, 음식점이 많이 모인 배달앱에 다시 소비자가 몰린다. 이런 구조에서는 선도(先導) 배달앱이 상당한 시장지배력을 가질 수 있다. 입점 업체는 배달앱을 떠나기 어렵고, 소비자도 익숙한 앱과 멤버십, 쿠폰, 리뷰 체계에 묶인다. 이 경우 배달앱은 단순한 중개자가 아니라 거래조건까지 좌우하는 시장지배력을 얻게 된다. 이 때문에 배달앱에 수수료 상한제 같은 가격 규제를 적용하는 사례가 늘고 있다. 미국에서는 2020년 샌프란시스코가 처음으로 수수료 상한제를 도입했고 로스앤젤레스, 시애틀, 뉴욕 등도 유사한 제도를 시행하기 시작했다. 하지만 배달앱이 시장지배력을 갖고 있다고 해서 수수료 규제가 무조건 정당화되는 것은 아니다. 예를 들어, 배달앱이 수수료 인하 요구를 받아들이더라도 배달비, 광고비, 쿠폰, 멤버십 혜택, 노출 알고리즘, 배달 가능 거리, 라이더 보상 등을 통제할 수 있으므로 눈에 보이는 수수료율만으로 규제의 효과를 판단하기 어렵다. 최근 발표된 해외 실증연구도 이 현상을 확인한 바 있다. 이 연구는 미국의 수수료 상한제 사례를 분석하여 수수료 상한제가 일반 요식업체를 보호하려는 취지로 도입되었지만, 실제로는 일반 요식업체의 주문과 매출이 감소하고 수수료 규제를 적용받지 않는 체인 레스토랑의 주문과 매출은 오히려 증가했다는 결과를 보고했다. 배달앱이 낮은 수수료를 적용받는 음식점의 노출을 줄이고, 규제 밖 또는 기존 수수료를 내는 음식점을 더 노출했기 때문이다. 또한 배달비도 인상되는 현상이 관찰되었다. 정리하면, 수수료 인하로 단순히 자영업자가 많이 가져가느냐, 배달앱이 적게 남느냐를 따지는 것이 중요한 것이 아니다. 수수료 인하로 인해 분명한 소비자 후생 경로가 작동해야 한다. 예를 들어, 배달앱이 수수료를 인하하면 입점 업체의 비용이 낮아지고, 그 비용 절감이 최종 소비자 가격 하락으로 이어져야 한다. 또한 가격이 내려가면 주문량이 늘고, 배달앱 안에서 더 많은 거래가 발생해야 한다. 그래야 수수료 인하 규제가 타당해진다. 반대로 수수료는 낮아졌지만 배달비가 오르고, 쿠폰이 줄고, 노출 조건이 불리해지며, 소비자 가격과 거래량이 그대로라면 이는 후생 개선이라기보다 배달앱과 입점 업체 간 이익 배분의 조정일 뿐이다. 우리나라 전체 취업자 중 자영업자 비중은 약 20% 정도로 OECD 국가 중 7위 수준으로 매우 높은 편이다. 이런 상황에서 자영업자의 부담을 덜어야 한다는 주장을 비판할 사람은 없다. 그러나 좋은 의도가 좋은 정책을 보장하지는 않는다. 배달앱 수수료 규제의 목표는 낮은 수수료율 그 자체가 아니라 소비자 가격 인하, 더 많은 거래, 즉 더 큰 시장 후생이어야 한다. 이런 고민이 빠진 수수료 인하 논의는 탁상공론일 뿐이다. ※본란의 칼럼은 본지 견해와 다를 수 있습니다. 지인엽 동국대 경제학과 교수",failed
배달앱 수수료 / 플랫폼 상생,배달앱 수수료 / 플랫폼 상생 관련 세부 쟁점,배달앱 수수료 / 플랫폼 상생;edaily.co.kr;정책,https://www.edaily.co.kr/news/newspath.asp?newsid=01699046645478440,"""온라인 플랫폼 정책 미흡"" 공정위 뼈아픈 자기 반성",edaily.co.kr,갈등_구도,중립적,정부,"'""온라인 플랫폼 정책 미흡"" 공정위 뼈아픈 자기 반성' 기사에서 edaily.co.kr가 어떤 주체와 강조점을 전면에 두는지 기준으로 생성한 mock 태깅 결과입니다.","배달애플리케이션(앱)·숙박앱·모바일상품권 분야 상생협력 방안을 이끌어냈지만, 정작 플랫폼 시장의 구조적 문제를 해결할 실질적인 제도개선 성과는 부족했다는 이유에서다. 최근 주병기 공정거래위원장이 ‘온라인 플랫폼 규제 법률안’(온플법) 입법 필요성을 공개적으로 거론한 가운데, 공정위 내부에서도 자율적 상생협력만으로는 한계가 있고, 제도적인 규율체계 마련이 필요하다는 평가가 나온 셈이다. 3일 공정위가 공개한 ‘2025년 자체평가 결과보고서’를 보면 ‘플랫폼 시장에 공정한 거래질서 확립 및 경쟁 촉진’ 과제는 23개 주요 정책과제 가운데 ‘미흡’ 평가를 받았다. 전체 23개 과제 중 미흡 등급을 받은 과제는 플랫폼 정책을 비롯해 ‘공정거래 자율준수 문화 정착 및 분쟁조정 활성화’, ‘전자상거래 분야 법위반행위 시정’ 등 3건에 불과하다. 이번 평가는 민간 전문가 21명과 공정위 기획조정관 1명으로 구성된 자체평가위원회가 맡았다. 위원회는 혁신경쟁촉진·대기업집단·상생협력·소비자·행정관리역량 등 5개 소위원회로 나눠 23개 주요 정책과제의 성과 달성도와 정책 효과성 등을 평가했다. 하지만 평가위원들은 다만 이 같은 성과가 대부분 지난해 마련한 상생협력 방안의 이행에 그쳤다고 봤다. 보고서는 “어려운 여건에서도 노력했지만, 성과가 충분히 드러나지 않았다”며 “가시적 성과가 상생협력 방안 이행에 집중된 만큼 실질적인 제도 개선 논의가 이어질 필요가 있다”고 했다. 공정위 역시 개선 과제로 “플랫폼 규율체계 수립을 통해 민간의 상생협력 방안을 보다 안정적으로 제도화하고 불공정거래행위 대응을 강화할 필요가 있다”고 밝혔다. 이는 지난 윤석열 정부가 추진해 온 플랫폼 자율규제 정책의 한계를 공정위 스스로 인정한 것으로도 해석된다. 정부는 그동안 배달앱·숙박앱·모바일상품권 분야에서 민관협의체를 구성해 자율적인 상생협약 체결을 유도해왔지만, 플랫폼 시장의 독과점 구조나 입점업체 보호 문제를 해결하기에는 역부족이었다는 지적이 꾸준히 이어졌다. 주 위원장은 지난달 6일 필리핀 마닐라에서 열린 국제경쟁네트워크(ICN) 연차총회에서 “플랫폼 경제의 급속한 확산 과정에서 발생하는 중소·소상공인에 대한 각종 불공정행위는 오늘날 공정위가 직면한 핵심 과제”라고 밝혔다. 그러면서 “온라인 플랫폼을 규율할 법의 부재 속에서 독과점화된 플랫폼 기업의 불공정한 거래 관행에 대한 우려가 지속되고 있다”고 언급했다. 현재 국회에는 온라인플랫폼 공정화법 등 관련 법안이 다수 발의돼 있다. 다만 미국 측이 자국 플랫폼 기업에 대한 차별적 규제 가능성을 제기하며 통상 이슈로 확대, 입법 논의 자체가 멈춰선 상태다.",mock
배달앱 수수료 / 플랫폼 상생,중국 배달앱 유령식당 규제 및 식품안전 강화,배달앱;식품안전;규제;유령식당;플랫폼_책임,https://www.yna.co.kr/view/AKR20260602068200083?input=1195m,"中, '배달앱 속 유령식당' 퇴출 나선다…식품안전 책임 강화 | 연합뉴스",yna.co.kr,규제_필요,중립적,중국 당국,이 기사는 중국 당국이 배달앱 내 유령식당과 식품안전 문제를 해결하기 위해 새로운 규제를 도입하고 플랫폼의 책임을 강화하는 내용을 보도한다.,"중국 당국이 영업장 없이 배달앱에만 등록해 운영되는 이른바 '유령식당' 퇴출에 나섰다. 배달 플랫폼의 식품안전 책임을 강화하는 동시에 배달전문점에 대한 관리·감독도 한층 엄격해진다. 2일 중국 관영 신화통신에 따르면 시장규제·감독 기관인 국가시장감독관리총국은 이러한 내용을 담은 '온라인 음식 배달 서비스 사업자의 식품안전 주체 책임 이행 감독관리 규정'을 도입했다고 밝혔다. 전체 내용을 이해하기 위해서는 기사 본문과 함께 읽어야 합니다. 송고 2026년06월02일 10시47분 세 줄 요약 중국 당국이 영업장 없이 배달앱에만 등록해 운영되는 이른바 '유령식당' 퇴출에 나섰다. 배달 플랫폼의 식품안전 책임을 강화하는 동시에 배달전문점에 대한 관리·감독도 한층 엄격해진다. 2일 중국 관영 신화통신에 따르면 시장규제·감독 기관인 국가시장감독관리총국은 이러한 내용을 담은 '온라인 음식 배달 서비스 사업자의 식품안전 주체 책임 이행 감독관리 규정'을 도입했다고 밝혔다. 인공지능이 자동으로 줄인 '세 줄 요약' 기술을 사용합니다. 전체 내용을 이해하기 위해서는 기사 본문과 함께 읽어야 합니다. 전체 내용을 이해하기 위해서는 기사 본문과 함께 읽어야 합니다. (베이징=연합뉴스) 한종구 특파원 = 중국 당국이 영업장 없이 배달앱에만 등록해 운영되는 이른바 '유령식당' 퇴출에 나섰다. 배달 플랫폼의 식품안전 책임을 강화하는 동시에 배달전문점에 대한 관리·감독도 한층 엄격해진다. 2일 중국 관영 신화통신에 따르면 시장규제·감독 기관인 국가시장감독관리총국은 이러한 내용을 담은 '온라인 음식 배달 서비스 사업자의 식품안전 주체 책임 이행 감독관리 규정'을 도입했다고 밝혔다. 규정에 따르면 음식 배달 플랫폼 입점 업체는 반드시 영업장을 보유해야 하며 매장 내 식사가 불가능한 배달전문점은 해당 사실을 명확히 표시해야 한다. 또 배달 음식이 배송 과정에서 개봉되거나 오염되는 것을 방지하기 위해 밀봉 스티커 등 봉인 장치 사용을 의무화했다. 국가시장감독관리총국은 음식 배달이 일상이 됐지만 허가 없이 운영되는 유령식당과 배송 과정에서의 오염 문제 등 식품안전 우려가 계속돼 감독을 강화하고 책임 소재를 명확히 하기 위해 규정을 마련했다고 설명했다. 중국에서는 최근 몇 년간 배달 시장 경쟁이 과열되면서 실제 매장 없이 주택이나 창고 등에서 영업하는 유령식당이 급증했다. 이들 업체는 타인의 영업허가증을 빌리거나 허위 정보를 이용해 배달 플랫폼에 등록한 뒤 비위생적인 환경에서 음식을 조리한다는 지적을 받아왔다. 당국은 플랫폼 사업자의 책임도 대폭 강화했다. 새 규정은 배달 플랫폼이 최소 6개월마다 입점 업체의 영업허가증과 실제 영업 여부를 점검하도록 했다. 식품안전관리 책임을 입점 업체뿐 아니라 배달 플랫폼에도 부과한 것이다. 특히 위반 행위가 플랫폼 경영진의 관여 아래 고의로 이뤄졌거나 중대한 결과를 초래한 경우 연간 매출액의 1∼10배에 달하는 과징금을 부과할 수 있도록 했다. 입점 업체에는 최대 20만위안(약 4천477만원)의 벌금이 부과된다. 중국 당국은 올해 들어 배달 플랫폼에 대한 단속을 강화하고 있다. 시장감독관리총국은 지난 4월 유령식당 관리 소홀 등의 문제를 이유로 주요 전자상거래 플랫폼 7곳에 총 36억위안(약 8천59억원)의 벌금을 부과했다. 이런 가운데 일부 업체는 식품안전에 대한 소비자 불신을 줄이기 위해 주방 내부를 실시간 영상으로 공개하는 '투명 주방' 서비스를 도입하고 있다. 중국 전자상거래 업체 타오바오는 투명 주방을 운영하는 업체에 대해 플랫폼 내 노출을 확대할 계획이라고 밝혔다. jkhan@yna.co.kr 제보는 카카오톡 okjebo <저작권자(c) 연합뉴스, 무단 전재-재배포, AI 학습 및 활용 금지> 2026년06월02일 10시47분 송고 ESC 닫기 댓글",ok
배달앱 수수료 / 플랫폼 상생,배달앱 수수료 / 플랫폼 상생 관련 세부 쟁점,배달앱 수수료 / 플랫폼 상생;fnnews.com;정책,http://www.fnnews.com/news/202606041823068620,'AI' 전략산업 규정하고 역량 집중… 플랫폼 둘러싼 논의는 '제자리' [이재명정부 1년],fnnews.com,갈등_구도,중립적,정부,''AI' 전략산업 규정하고 역량 집중… 플랫폼 둘러싼 논의는 '제자리' [이재명정부 1년]' 기사에서 fnnews.com가 어떤 주체와 강조점을 전면에 두는지 기준으로 생성한 mock 태깅 결과입니다.,"디지털 李, 취임 직후부터 'AI산업' 강조 직속 위원회 만들고 수석도 신설 안전·인재·자금 확보 새 과제로 정부는 출범 직후부터 AI를 국가 전략산업으로 규정하고 정책 역량을 집중했다. 국가AI전략위원회를 대통령 직속 컨트롤타워로 출범시키고 대통령실에 AI수석을 신설했다. 여기에 '독파모' 사업과 국가 그래픽처리장치(GPU) 인프라 구축, AI고속도로 프로젝트 등을 추진하며 AI 산업 육성에 속도를 냈다. 특히 정부는 'AI 3대 강국(G3)' 도약과 산업 전반의 AI 전환(AX)을 핵심 국정과제로 내세웠다. 업계에서는 AI 정책에 대해 대체로 긍정적인 평가를 내놓고 있다. 정부가 AI를 단순 기술 육성 차원을 넘어 국가 경쟁력과 산업 구조 전환의 핵심 과제로 다루고 있다는 점에서다. 실제로 ICT 정책 분야에서 AI는 정부 조직과 예산, 주요 정책 의제를 관통하는 핵심 축으로 자리 잡았다. 다만 AI 시대가 본격적으로 전개되면서 새로운 과제도 떠올랐다. 대표적인 것이 AI 안전과 보안 문제다. 최근 앤스로픽이 공개한 '미토스(Mythos)' 사례를 계기로 고성능 AI가 스스로 취약점을 탐색하거나 예상치 못한 공격 경로를 발견할 수 있다는 우려가 확산됐다. 정부 역시 AI 안전 분야 대응에 속도를 내고 있다. 한국은 최근 앤스로픽이 주도하는 글로벌 AI 보안 협력체 '프로젝트 글래스윙'에 참여해 보안 특화 AI 모델 접근권을 확보했다. 오픈AI의 사이버보안 이니셔티브인 '데이브레이크' 협력체계에도 포함됐다. 반면 플랫폼 정책은 상대적으로 존재감이 크지 않다. 온라인플랫폼공정화법(온플법)과 배달앱 수수료 문제 등은 이해관계가 첨예하게 충돌하면서 가시적 성과를 내지 못했다. 플랫폼 규제를 강화해야 한다는 목소리와 혁신을 위축시킬 수 있다는 우려가 맞서며 상당수 논의가 답보 상태에 머물렀다. 망사용료 역시 마찬가지다. 국내 통신사와 글로벌 빅테크 간 갈등이 이어지고 있지만 제도화 논의는 사실상 진전을 보이지 못했다. 특히 미국 정부가 망사용료와 플랫폼 규제를 대표적인 디지털 통상 현안으로 지목하면서 정부의 정책 공간도 좁아졌다는 분석이 나온다. 전문가들은 현 정부의 AI 정책 방향에 대해 대체로 긍정적으로 평가하면서도 인재와 자금 확보는 여전히 과제로 남아 있다고 진단했다. 최병호 고려대 휴먼인스파이어드AI연구원 교수는 ""정부가 AI를 단순 서비스가 아니라 반도체·인프라·클라우드·모델·응용서비스를 아우르는 '풀스택 AI 생태계' 관점에서 접근하고 있다는 점은 의미가 크다""며 ""미국과 중국을 제외하면 한국은 세계에서 드물게 풀스택 AI 생태계를 구축할 가능성이 있는 국가""라고 말했다. 이어 ""다만 인재와 자금 측면은 여전히 부족하다. 글로벌 경쟁국과 비교하면 우수 인재 확보와 대규모 투자 여력은 여전히 숙제""라고 지적했다. yjjoe@fnnews.com 조윤주 주원규 기자 ※ 저작권자 ⓒ 파이낸셜뉴스, 무단전재-재배포 금지",mock
배달앱 수수료 / 플랫폼 상생,배달앱 수수료 / 플랫폼 상생 관련 세부 쟁점,배달앱 수수료 / 플랫폼 상생;eroun.net;정책,https://www.eroun.net/news/articleView.html?idxno=82402,"[이로운분석] 6·3 지방선거 이후, 기업 규제환경은 어디로…노동·공정거래 개혁 입법 속도 붙나",eroun.net,갈등_구도,중립적,정부,"'[이로운분석] 6·3 지방선거 이후, 기업 규제환경은 어디로…노동·공정거래 개혁 입법 속도 붙나' 기사에서 eroun.net가 어떤 주체와 강조점을 전면에 두는지 기준으로 생성한 mock 태깅 결과입니다.","이로운넷 = 조은결 기자 6·3 지방선거가 막을 내렸다. 결과는 더불어민주당의 승리였다. 광역단체장 선거 16곳 가운데 12곳을 확보하며 서울과 영남권 일부를 제외한 대부분 지역에서 우위를 점했고, 광역·기초의회에서도 다수 의석을 차지했다. 그러나 이번 선거는 단순히 어느 정당이 몇 곳의 지방정부를 가져갔느냐의 문제로만 해석하기 어렵다. 이재명 정부 출범 1년 만에 치러진 첫 전국 단위 선거였다는 점에서 향후 국정 운영의 방향과 입법 환경을 가늠하는 정치적 시험대 성격이 강했다. 법무법인 화우는 4일 발표한 '6.3 지방선거 결과에 따른 기업 규제환경 전망' 보고서에서 이번 선거 결과가 기업 경영 환경에도 적지 않은 영향을 미칠 것으로 분석했다. 보고서는 지방선거 이후 정부와 여당이 노동·공정거래·금융·조세·사법개혁 분야에서 추진해 온 정책들이 보다 강한 추진력을 얻을 가능성이 높다고 전망했다. ◆ 행정부·입법부 이어 지방정부까지…여당 중심 정치지형 구축 보고서는 이번 선거를 통해 행정부와 국회에 이어 지방정부까지 여당 우위 구도가 형성됐다고 평가했다. 민주당은 부산과 울산, 강원, 충청권을 탈환하며 전국 단위 영향력을 확대했다. 반면 국민의힘은 서울과 대구, 경남을 지켜내며 완패는 면했다. 국회의원 재보궐선거에서도 국민의힘이 의석을 늘리며 예상보다 선전했다는 평가를 받았다. 그럼에도 전체적으로 보면 이재명 정부 출범 이후 처음 치러진 전국 단위 선거에서 민주당이 다시 한 번 정치적 우위를 확인했다는 것이 보고서의 분석이다. 특히 민주당은 지방선거 승리를 발판 삼아 하반기 국회에서 개혁입법 추진에 더욱 속도를 낼 가능성이 높다고 전망했다. 지방선거 결과를 국정운영에 대한 긍정 평가로 해석할 경우 그동안 선거를 의식해 미뤄졌던 각종 쟁점 법안들이 다시 국회 논의 테이블에 오를 수 있다는 것이다. 보고서는 향후 정치권 최대 변수로 후반기 국회 원구성을 꼽았다. 민주당은 이미 조정식 의원을 후반기 국회의장 후보로 선출했고, 국회 원구성 협상 과정에서 주요 상임위원회 주도권 확보를 시도할 것으로 전망된다. 특히 법제사법위원회와 정무위원회, 재정경제위원회, 환경노동위원회 등의 권한 배분에 따라 기업 규제 관련 입법의 방향도 크게 달라질 수 있다고 분석했다. ◆ 하반기 정기국회 '입법 총력전' 예고 화우는 올 하반기 정기국회를 사실상 이재명 정부의 개혁입법 완성 국면으로 규정했다. 보고서에 따르면 민주당은 전반기 국회에서 마무리하지 못한 주요 입법 과제들을 하반기 정기국회에서 집중 처리할 가능성이 높다. 사법개혁 2단계 입법과 상법 후속 개정, 금융개혁, 세제개편, AI·플랫폼 규제 등이 대표적이다. 특히 여당이 상당수 광역단체장을 확보하면서 중앙정부와 지방정부가 함께 정책 추진 동력을 확보했다는 점이 주목된다. 보고서는 대통령 주재 전국 시도지사 회의가 향후 사실상의 '제2 국무회의' 기능을 수행할 가능성도 언급했다. 지방정부가 단순 행정 집행기관을 넘어 국가 정책 설계와 집행 과정에 더욱 깊숙이 참여하게 되면서 지방분권과 지역 특화 규제, 산업정책 논의 역시 확대될 수 있다는 전망이다. 이는 기업 입장에서 새로운 변수다. 그동안 중앙정부 중심으로 대응하던 규제 환경이 지방정부 단위로 확대될 수 있기 때문이다. 지역별 산업정책과 인허가 체계, 규제 샌드박스 운영 방식 등이 달라질 경우 기업은 중앙정부뿐 아니라 지방정부 정책까지 함께 살펴야 하는 상황에 놓일 수 있다. ◆ 금융시장, 규제와 투자 확대가 동시에 진행된다 금융·자본시장 분야에서는 규제 강화와 투자 활성화가 동시에 진행될 것으로 전망됐다. 이미 시행된 상법 개정은 기업 지배구조 변화의 신호탄으로 평가된다. 취득한 자기주식을 1년 이내 소각하도록 한 제도와 이사의 충실의무 확대, 감사위원 분리선출 의무화 등이 대표적이다. 여기에 국민성장펀드와 기업성장집합투자기구(BDC) 활성화 정책이 추진되면서 첨단산업과 벤처기업으로의 자금 공급 확대도 예상된다. 반면 투자자 보호 규제는 더욱 강화될 것으로 보인다. 주가조작에 대한 '원스트라이크 아웃' 제재 체계가 본격 적용되고 임원 보수와 중대재해 관련 공시 의무 역시 확대될 전망이다. 보고서는 기업들이 단순히 규제 강화만 바라볼 것이 아니라 새로운 투자 재원 확보 가능성도 함께 검토해야 한다고 분석했다. ◆ 공정거래 규제의 대전환…플랫폼 기업 겨눈다 공정거래 분야는 가장 큰 변화가 예상되는 영역 중 하나다. 이미 공정거래위원회는 담합 과징금 부과 체계를 대폭 강화했고, 물가와 직결된 식품·에너지 분야 조사도 확대하고 있다. 하반기에는 온라인플랫폼 공정화법 제정 논의가 본격화될 가능성이 높다. 플랫폼 기업의 자사상품 우대와 끼워팔기, 최혜대우 요구 등을 규제하는 내용이 핵심이다. 배달앱 수수료 문제 역시 입법 논의 대상으로 거론된다. 플랫폼 시장의 영향력이 커진 상황에서 정부와 여당이 시장 지배력 규제를 더욱 강화할 가능성이 있다는 분석이다. 특히 보고서는 전속고발권 폐지 논의를 주목해야 한다고 지적했다. 공정거래 사건이 민사와 행정 영역을 넘어 형사 영역으로 확대될 경우 기업들의 법적 부담은 지금보다 훨씬 커질 수 있기 때문이다. 일부 지방자치단체에 직접 고발권을 부여하는 방안까지 현실화될 경우 기업들은 중앙정부뿐 아니라 지방정부의 공정거래 집행에도 대응해야 하는 환경에 놓일...",failed
배달앱 수수료 / 플랫폼 상생,배달앱 수수료 / 플랫폼 상생 관련 세부 쟁점,배달앱 수수료 / 플랫폼 상생;techm.kr;정책,https://www.techm.kr/news/articleView.html?idxno=152334,[이재명 1년 정책 점검] '온플법' 논의 속도 조절...규제와 혁신 사이 '줄다리기',techm.kr,갈등_구도,중립적,정부,'[이재명 1년 정책 점검] '온플법' 논의 속도 조절...규제와 혁신 사이 '줄다리기'' 기사에서 techm.kr가 어떤 주체와 강조점을 전면에 두는지 기준으로 생성한 mock 태깅 결과입니다.,"이재명 정부가 출범 1주년을 맞이했다. 지난 1년간 이재명 정부는 침체된 산업 성장과 미래 경쟁력 강화에 역량을 집중하며 다양한 분야에서 굵직한 정책들을 추진해왔다. 글로벌 불확실성이 이어지는 가운데 신산업 육성과 디지털 전환 과속화에도 총력을 기울였다. 지난 1년이 청사진을 제시하는 시기였다면, 앞으로의 1년은 실질적인 성과를 입증해야 하는 단계다. 테크M은 1주년을 맞이한 이재명 정부의 정책을 점검하고 앞으로 경제 성장과 산업 육성의 기틀을 마련할 수 있을지 짚어본다. <편집자주> 이재명 대통령이 후보자 시절 내세웠던 공약의 3대 비전은 '회복'과 '성장', '행복'이었다. 그 중 성장 비전에는 온라인플랫폼법(온플법) 제정을 담아 네이버와 카카오 등 플랫폼 기업에 대한 규제를 통해 입점업체와 소상공인을 보호하겠다는 의지를 보였다. 하지만 이재명 대통령 취임 1년이 지난 현재 인공지능(AI) 등 혁신 기술의 성장과 골목 상권 상생이라는 갈림길 사이에서 공약은 일시정지 상태다. 여전히 상생의 길은 멀고, 규제는 도사리는 상황에서 플랫폼 기업은 안심할 수 없는 상황이다. '온플법', 디지털 무역 장벽으로 이재명 대통령이 내건 공약집에는 온플법을 제정하겠다는 내용과 함께 ▲플랫폼 입점업체 보호 및 상생협력 강화를 위한 시장 공정화법 도입 ▲국내외 거대 플랫폼의 독점적 지위 남용 및 독과점에 따른 폐해 방지법 도입 ▲가맹점주·대리점주·수탁사업자·온라인플랫폼 입점사업자 등 협상력 강화 ▲플랫폼 중개수수료율 차별금지 및 수수료 상한제 도입 등을 담았다. 이와 함께 배달 플랫폼 기업의 수수료 상한도 거대 플랫폼 기업의 독과점을 막고 책임을 강화하는 동시에 소상공인에게 이익이 돌아가도록 하겠다는 의지다. 1년이 지난 지금 온플법은 사실상 멈춰있다. 미국 압박이 결정적인 계기가 됐다. 미국 무역대표부(USTR) 보고서에는 우리나라의 온플법이 무역 장벽 중 하나라고 거론한 바 있다. 미국 연방 하원의원 43명은 ""한국 공정거래위원회가 제안하고 이재명 정부가 수용한 법안은 미국 디지털 기업들에 강화된 규제 요건을 적용해 과도하게 압박하고 있고 세계적 디지털 강국이자 미국의 핵심 교역국임에도 외국 기업에 불리한 보호정책을 유지해왔다""며 온플법에 대한 반대 의사를 표명했다. 온플법이 구글과 애플 등 미국 기업이 한국 내에서 활동하는 데에 차질을 줄 수 있다는 기조다. 무역 협상을 두고 미국이 압박의 수위를 높이면서 이재명 정부는 팩트시트에 온라인 플랫폼 규제와 망 사용료 등에 있어 차별하지 않겠다는 내용에 합의했다. 디지털 서비스 관련 법과 정책에 있어 미국 기업이 차별 당하거나 불필요한 장벽을 겪지 않도록 하겠다는 약속이다. 주병기 공정거래위원장 또한 ""온플법은 쿠팡뿐 아니라 네이버 등 다양한 국내 플랫폼 사업자들에게도 적용되는 비차별 원칙이 엄격히 적용되는 법이 될 것""이라며 ""미국 기업을 겨냥한 법이 아니고 기본적으로 온라인 상거래 플랫폼 사업자와 거래 중 이뤄질 수 있는 갑을 관계 문제 등 여러 불공정거래를 막는 사후규제 중심""이라고 설명했다. 뜨거운 감자 '수수료 상한제'...실효성은? 이처럼 미국이 디지털 규제에 대해 압박 수위를 높이고 있는 만큼 국회에서는 온플법 논의 속도 조절에 들어간 모습이다. 다만 일시적으로 숨 고르기에 들어갔을 뿐 여전히 규제 논쟁은 현재 진행형이다. 특히 온플법 논의와 함께 수수료 상한제 등이 언급되면서 배달 플랫폼을 중심으로 한 규제 논쟁이 이어지고 있다. 이재명 대통령이 후보자 시절 제시한 10대 공약에 포함된 '배달 플랫폼 수수료 상한제'는 배달 플랫폼 사업자의 경우 공정거래위원회가 정한 수수료율 상한제를 따르고 중개 수수료와 광고비 등 산정 기준을 공개해야 한다는 방침이다. 이와 함께 가맹점주·대리점주·수탁사업자·온라인플랫폼 입점사업자 등의 협상력도 강화한다는 것이 골자다. 입점업체가 거래 조건에 대한 협의를 요청할 수 있도록 해 협상력을 높이고 소상공인과의 상생을 추구한다는 구상이다. 이에 대해 업계에서는 수수료 상한제는 단기적인 효과에 불과할 뿐 장기적으로 내다봤을 때는 오히려 부작용이 나타날 가능성이 있다는 주장이다. 하명진 한국온라인쇼핑협회 사무국장은 국회 토론회에서 "" 플랫폼 시장의 구조적 과제나 소상공인 부담 완화의 필요성, 지속적인 정책 개선이 필요하다는 의견에는 동의하나 수수료 상한제라는 것이 적절한 방법으로 작용할 수 있을지는 의문""이라며 ""수수료 상한제는 단기적으로 소상공인들의 부담을 완화하는 효과가 있는 것으로 보이지만 이로 인해 발생할 수 있는 주문 감소나 노출 감소, 시장 집중 심화 등에 대해 검토가 필요하다""고 강조했다. 표면적으로는 입점 업체의 부담을 덜어주는 것처럼 보이지만 결국 소비자가 더 많은 비용과 시간을 감수해야 한다는 것이다. 또 단순한 수수료 상한제 도입은 소비자 후생을 저해할 가능성도 있다. 한국상품학회의 소비자 인식 조사 결과에 따르면 조사에 참여한 배달앱 이용 소비자 중 약 80%가 '수수료 상한제 도입시 배달 주문을 줄이겠다'고 답했으며 상한제 도입 후 음식점 이익이 증가해도 혜택을 늘릴 것이라고 판단한 소비자는 26% 에 불과했다. 혁신의 끝은 '규제'? 온플법은 기업의 혁신을 저해한다는 점에서 AI 패권 경쟁과 스타트업 지원 정책을 강조한 정부의 기조와도 상충된다. 김상준 이화여자대학교...",failed
배달앱 수수료 / 플랫폼 상생,배달앱 수수료 / 플랫폼 상생 관련 세부 쟁점,배달앱 수수료 / 플랫폼 상생;dailian.co.kr;정책,https://www.dailian.co.kr/news/view/1651603/?sc=Naver,무료배달에 심야 배달까지…배달앱 2강 치킨게임 본격화되나,dailian.co.kr,갈등_구도,중립적,정부,'무료배달에 심야 배달까지…배달앱 2강 치킨게임 본격화되나' 기사에서 dailian.co.kr가 어떤 주체와 강조점을 전면에 두는지 기준으로 생성한 mock 태깅 결과입니다.,"1위 수성 나선 배민에 쿠팡이츠 추격 본격화 플랫폼 출혈 경쟁에 점주 부담 확대 우려 혜택 경쟁에 소비자 수혜…장기적으론 부담 커질 수도 쿠팡이츠 배달비 0원 프로모션. ⓒ쿠팡이츠 배달의민족과 쿠팡이츠가 무료배달에 이어 심야·새벽 배달 서비스 확대 경쟁에 나서면서 배달 플랫폼 업계의 주도권 다툼이 한층 격화하고 있다. 소비자 혜택은 확대되고 있지만, 업계 안팎에서는 수익성 악화와 점주 부담 증가로 이어지는 '치킨게임' 우려도 커지고 있다. 2일 업계에 따르면, 배달의민족 운영사 우아한형제들은 배달 운영 시간을 확대하기로 했다. 서비스 확대 대상 지역은 서울시, 인천시, 경기도 의정부시 등이다. 이에 따라 기존 오전 6시 ~ 익일 오전 3시까지였던 배민 배달 운영 시간은 오전 6시~익일 오전 5시까지 2시간 확대됐다. 이는 경쟁사인 쿠팡이츠의 24시간 서비스 확대에 대응한 것으로 분석된다. 앞서 쿠팡이츠는 자사 배달기사 앱 '쿠팡이츠 배달파트너'를 통해 지난 19일부터 서울·경기 및 6대 광역시에서 24시간 영업 및 배달 서비스를 시작했다. 단, 경기도 동두천·포천·여주, 부산시 영도구, 울산시 울주군은 제외됐다. 무료배달 혜택 경쟁도 격화되고 있다. 쿠팡이츠는 기존 와우 멤버십 회원에게만 제공하던 무료배달 혜택을 일반 회원에게도 확대했다. 오는 8월까지 약 3개월간 비회원까지 무료배달 혜택을 제공하며 이용자 저변 확대에 나선 것이다. 배달의민족은 최근 배민클럽 무료체험 이벤트를 진행하며 1위 수성에 나섰다. 배민클럽은 배달의민족의 유료 구독 프로그램으로 '무제한 배달팁 무료' 등을 주요 혜택으로 제공한다. 배민은 최근 내부 기준에 따라 일부 고객에 한해 유료로 제공하던 이 구독 서비스를 한 달 동안 무료로 체험할 수 있게 했다. 우아한형제들 관계자는 ""해당 프로모션은 최근에 진행 중인 것이 아니라 이전에도 해당 조건으로 프로모션을 진행한 바 있다""라며 ""구독제를 확대하기 위해 배민클럽이 생긴 이후에도 종종 진행을 해온 사안""이라고 설명했다. 이 같은 서비스 확대 경쟁의 배경에는 배달앱 시장 주도권을 둘러싼 양사의 신경전이 자리하고 있다는 분석이 나온다. 특히 쿠팡이츠가 배달의민족을 둘러싼 불확실성이 커진 상황을 활용해 시장 점유율 확대에 나서고 있다는 분석이 나온다. 최근 업계에서는 배달의민족 모회사인 딜리버리히어로(DH)가 매각을 검토 중인 것으로 알려졌으며, 네이버와 우버 등이 인수 후보군으로 거론된다. 이에 쿠팡이츠가 무료배달 혜택을 일반 회원으로까지 확대하며 이용자 이탈을 막고 시장 주도권 확보에 나서고 있다는 해석도있다. 과거 2024년에도 쿠팡이츠는 국내 시장에 처음으로 무료배달을 도입해 가파르게 사용자를 늘리며 단숨에 시장 2위로 자리잡은 바 있다. 아울러 개인정보 유출 사태로 소폭 이탈세가 있었던 흐름을 되돌리기 위함이라는 분석도 있다. 김범석 쿠팡Inc. 의장은 지난 1분기 실적 발표 컨퍼런스콜에서 쿠팡이츠와 관련해 “프로덕트 커머스 회복세와 유사한 흐름을 보이며 두 서비스 모두 구축한 ‘고객 가치 제안’ 강점을 보이고 있다”며 “회복은 계속 진행 중으로, 앞으로 해야 할 일이 많다. 프로덕트 커머스와 성장사업에 걸쳐 고객이 쿠팡을 선택하게 된 근본적 경험을 지속적으로 구축하고 개선하는데 집중하겠다”고 했다. 서울 시내 식당가에서 배달라이더들이 음식을 배달하고 있다. ⓒ뉴시스 문제는 이 같은 경쟁이 수익성 측면에서는 부담으로 작용할 수 있다는 점이다. 무료배달과 운영시간 확대는 주문 증가 효과를 기대할 수 있지만, 배달비 지원과 프로모션 비용, 심야 시간대 운영 비용 등 추가 지출도 함께 늘어난다. 이에 경쟁이 장기화될 경우 부작용도 적지 않을 것이라는 우려가 나온다. 플랫폼의 서비스 경쟁이 치열해질수록 이 비용을 보전하기 위한 수수료 조정이나 광고비 확대 압력이 커질 수 있어서다. 우선 현재 배달앱 시장 구조상 비용 부담이 최종적으로 입점 점주에게 전가될 가능성도 배제할 수 없는 상황이다. 한국소비자단체협의회 역시 최근의 무료배달 경쟁과 관련해 “배달비 0원은 명목상 무료일 뿐 실제 비용은 멤버십 회비, 음식 가격, 플랫폼 비용 등을 통해 소비자가 직·간접적으로 부담하는 구조”라고 비판했다. 이 경우 단기적으로는 소비자 혜택이 확대되는 효과가 있지만, 장기적으로는 소비자 부담으로 이어질 수 있다. 입점 점주들의 부담으로 전가될 경우 이는 다시 음식 가격 상승으로 이어질 가능성이 크다. 또 경쟁 과정에서 특정 사업자의 시장 지배력이 강화될 경우 혜택 경쟁이 축소되면서 소비자 선택권이 줄어들 수 있다. 이은희 인하대 소비자학과 교수는 ""현재는 배민과 쿠팡이츠가 치열하게 경쟁하면서 소비자에게 다양한 혜택을 제공하고 있지만, 온라인 플랫폼 시장은 특성상 독점화 경향이 강하다""며 ""경쟁이 약화되거나 특정 사업자의 시장 지배력이 커질 경우 지금과 같은 프로모션이나 혜택이 지속되기는 어려울 수 있다""고 말했다. 이어 ""무료배달과 각종 할인 혜택에 들어가는 비용은 결국 플랫폼과 입점업체가 나눠 부담하게 된다""며 ""입점업체가 떠안은 비용은 다시 소비자 가격에 반영될 수밖에 없는 구조""라고 설명했다. 다만 이러한 우려에도 불구하고 당분간 양사의 경쟁은 더욱 치열해질 것으로 전망된다. 이 교수는 ""현재로서는 배민과 쿠팡이츠가 시장 점유율 확보를 위해 경쟁을 이어갈...",failed
배달앱 수수료 / 플랫폼 상생,배달앱 새벽배달 확대에 따른 자영업자 및 라이더 부담 증가,배달앱;새벽배달;수수료;라이더;자영업자,https://www.youthdaily.co.kr/news/article.html?no=220133,"[청년일보] ""수익은 줄고, 위험은 늘고""…배달앱 새벽배달 확대에 '분통'",youthdaily.co.kr,갈등_구도,부정적,"자영업자, 라이더",이 기사는 배달앱의 새벽배달 확대 경쟁이 자영업자의 수익 감소와 라이더의 안전 위협으로 이어져 이해관계자 간의 갈등이 심화되고 있음을 강조한다.,"【 청년일보 】 배달 플랫폼이 새벽 시간대까지 배달 서비스를 확대하며 '무료배달'에 이은 새로운 경쟁에 불을 붙였다. 다만 일각에서는 이번 서비스 확대가 궁극적으로 자영업자와 라이더의 생존권을 위협할 수 있다는 지적을 내놓고 있다. 4일 업계에 따르면, 배달의민족(이하 배민), 쿠팡이츠 등 주요 배달 플랫폼 업체들은 잇따라 새벽까지 배달 서비스 시간을 확대하며 점유율 쟁탈전에 나서고 있다. 한 업계 관계자는 ""배달 플랫폼 시장이 한계에 다다른 가운데, 서비스의 양적 확대보다는 질적 개선에 나선 것으로 보인다""라며 ""새벽 배달도 이와 같은 전략의 일환일 것""이라고 말했다. 배달 플랫폼 시장은 2024년 3월 쿠팡이츠가 촉발한 무료배달 경쟁 이후 포화 상태에 이른 시장 점유율을 쟁탈하기 위해 꾸준히 새로운 '전선'을 구축해왔다. 대표적인 사례로 퀵커머스가 꼽힌다. 배민은 퀵커머스 서비스인 배민B마트를 지속적으로 고도화해왔고, 쿠팡이츠 역시 '장보기' 서비스로 이에 대응하는 방식이다. 업계에서는 이번 새벽 배달 역시 양사의 경쟁 구도가 더욱 심화되는 양상을 단적으로 보여준다고 설명하고 있다. 새벽 배달 경쟁을 시작한 업체는 무료배달 당시와 마찬가지로 쿠팡이츠다. 쿠팡이츠는 지난 19일부터 서울·경기 및 6대 광역시에서 시간 제한 없이 24시간 영업 및 배달이 가능하도록 운영 시간을 변경한다고 자사 배달기사 앱 '쿠팡이츠 배달파트너'를 통해 11일 공지했다. 배민도 29일 라이더를 대상으로 배달 운영 시간을 오전 6시~익일 오전 3시에서 오전 6시~익일 오전 5시로 확대한다고 밝히며 쿠팡이츠의 선제적인 움직임에 맞불을 뒀다. 양사 모두 새벽 배달 확대 방식과 지역은 다소 상이하지만, 업계에서는 이들 업체 모두 궁극적으로 새벽 배달을 전국 단위로 확대하게 될 것이라는 전망을 제기하고 있다. 한 업계 관계자는 ""두 플랫폼 모두 새벽 배달을 결국 공식화한 가운데, 관건은 어느 업체가 얼마나 더 많은 지역에서 서비스를 확대할 수 있는지에 있을 것""이라며 ""전국적인 배달망을 확보하고 있는 배민이 초반 경쟁에서 유리할 수도 있다""고 짚었다. 다만, 이와 같은 경쟁 구도 속에서 배달 플랫폼의 핵심 이해관계자인 자영업자, 라이더들의 고통이 가중된다는 비판도 적잖게 제기되고 있다. 먼저 일부 자영업자들은 배달 플랫폼들이 새벽 시간대까지 배달 중개 수수료를 부과하려 한다며 크게 반발하고 있다. 배달 플랫폼을 통한 주문이 전무해지는 새벽 시간대에 발생하던 수익에도 악영향을 미칠 수밖에 없다는 게 이들의 주장이다. 자영업자들은 배민이나 쿠팡이츠 사용이 불가능한 새벽 시간대에는 과거 배달 플랫폼이 보편화되기 이전처럼 전화를 통해 직접 주문이 들어오는 경우가 많다고 설명하고 있다. 이와 같은 방식을 통할 경우 배달 플랫폼을 매개할 필요가 없어 배달 중개 수수료를 별도로 지불할 필요가 없게 된다. 서울시 용산구에서 치킨 프랜차이즈 매장을 운영하는 한 자영업자는 ""그 액수가 많지는 않다고 하더라도 새벽 시간대는 배달 중개 수수료의 영향을 받지 않고 수익을 올릴 수 있는 거의 유일한 시간대""라며 ""새벽까지 일을 한다는 게 쉬운 일은 아니지만, 그 수익이라도 올리기 위해 잠도 줄여가고 있다""고 말했다. 그는 ""이 시간대는 배달 플랫폼도, 배달 대행 서비스도 사용하지 않고 과거와 같은 방식으로 자체적으로 배달을 소화하고 있어 수입이 온전히 보전된다""며 ""이와 같은 수익 창출이 가능한 두 시간 남짓한 시간마저 배달 플랫폼이 앗아간다는 생각에 속이 끓는 마음""이라고 설명했다. 유사한 지역에서 중국집을 운영하고 있는 한 자영업자도 ""순수익으로만 따졌을 때 배달 플랫폼을 통하지 않는 새벽 2~3시간 사이에 발생하는 수입이 그 외의 동일한 시간 대비 비교하기 어려울 정도로 높다""고 말했다. 이어 ""플랫폼이나 배달 대행 서비스를 이용하지 않기 때문에 가능한 일이며, 이 수익은 매장 운영에 큰 도움이 된다""라며 ""새벽 시간대까지 배달 플랫폼이 확대 운영되게 되면 양적인 매출 자체야 늘겠지만, 실제 손에 들어오는 수입은 더 적어지게 될 것""이라고 전망했다. 라이더 측은 새벽 배달 경쟁이 결국 더욱 심화된 '속도 경쟁'으로 귀결되고, 이는 라이더의 생명에 직접적인 위협 요인으로 작용할 것이라는 우려를 내놓고 있다. 구체적으로 라이더는 새벽 배달 확대 시 '야간 운행' 중 도로 위에서의 위험 요인이 크게 증가할 것으로 보고 있다. 라이더 노조 관계자는 ""새벽의 경우 한산한 도로 상황 등의 이유로 다양한 차량들이 주간보다 훨씬 빠른 속도로 과속을 하는 게 일반적""이라며 ""이 과정에서 라이더와의 사고가 발생할 경우 대부분 치명적인 결과를 낳게 된다는 점에서 크게 우려스럽다""라고 말했다. 이어 ""특히 라이더의 과속을 추동하는 배달 플랫폼의 기본적인 시스템 역시 문제""라며 ""배달을 많이 하면 할수록 더 이득을 보는 구조가 새벽 시간대 더욱 위험한 배달 사이클(주기)을 촉진하게 하고, 이는 결국 개인의 사고로 이어지게 되는 것""이라고 짚었다. 라이더 측은 야간 배달에 대한 정부·기업의 공론과 안전 대책 마련이 병행돼야 한다는 목소리도 내놓고 있다. 또 다른 관계자는 ""배달 플랫폼에서 일방적으로 새벽 배달을 시작하게 됐는데, 이 과정에서는 이해관계자들 사이의 어떠한 숙의 과정도 이뤄지지 않았다는 게 문제""라며 ""라이더뿐만 아니라 야간...",ok
배달앱 수수료 / 플랫폼 상생,배달앱 수수료 / 플랫폼 상생 관련 세부 쟁점,배달앱 수수료 / 플랫폼 상생;techm.kr;정책,https://www.techm.kr/news/articleView.html?idxno=152335,[이재명 1년 정책 점검] 장바구니 부담 낮췄지만 산업은 규제에 발목...보호-성장 '균형감' 과제로,techm.kr,갈등_구도,중립적,정부,'[이재명 1년 정책 점검] 장바구니 부담 낮췄지만 산업은 규제에 발목...보호-성장 '균형감' 과제로' 기사에서 techm.kr가 어떤 주체와 강조점을 전면에 두는지 기준으로 생성한 mock 태깅 결과입니다.,"소비자 물가 안정·노동자-골목상권 보호 기조 뚜렷 시장 변화 못 따라가는 규제에 산업 경쟁력 발목 2년차 유통 정책 시장 현실 반영한 '균형감' 과제로 이재명 정부가 출범 1주년을 맞이했다. 지난 1년간 이재명 정부는 침체된 산업 성장과 미래 경쟁력 강화에 역량을 집중하며 다양한 분야에서 굵직한 정책들을 추진해왔다. 글로벌 불확실성이 이어지는 가운데 신산업 육성과 디지털 전환 과속화에도 총력을 기울였다. 지난 1년이 청사진을 제시하는 시기였다면, 앞으로의 1년은 실질적인 성과를 입증해야 하는 단계다. 테크M은 1주년을 맞이한 이재명 정부의 정책을 점검하고 앞으로 경제 성장과 산업 육성의 기틀을 마련할 수 있을지 짚어본다. <편집자주> 정부는 장바구니 부담을 낮추려 했으나 유통 현장은 더 복잡한 규제 환경을 마주했다. 이재명 정부 출범 1년, 유통 정책을 둘러싼 평가는 엇갈린다. 장바구니 부담 낮추기 총력 이재명 정부는 출범 직후부터 생활물가 안정과 소비자 부담 완화를 유통 정책의 핵심 축으로 세웠다. 식품·생필품 가격 관리, 유통 구조 개선, 플랫폼 수수료 문제처럼 소비자 체감도가 높은 영역을 정조준했다. 동시에 노동권 강화와 골목상권 보호를 앞세우며 기업을 향한 규제 기조를 앞세웠다. 소비자 체감 영역에서는 가격 경쟁이 확산됐다. 이재명 대통령이 생리대 가격이 다른 나라에 비해 비싸다는 지적을 내놓자 프리미엄 위주로 가던 시장에 중저가 경쟁이 붙으면서 선택지가 넓어진 게 대표적 사례다. 편의점과 대형마트는 정부 기조에 맞춰 초저가 PB와 생필품 라인업을 늘렸다. 1000원대 간편식, 대용량 가성비 상품, 생필품 할인 행사가 잇따라 나오며 장바구니 부담을 낮추려는 움직임이 유통 현장 전반으로 번졌다. 다만 물가 흐름을 단순히 안정세로만 보기는 어렵다. 올해 3월 소비자물가는 전년 동월 대비 2.2% 오르며 2%대 초반에 머물렀지만, 4월 2.6%, 5월 3.1%로 상승 폭이 다시 커졌다. 5월 생활물가지수도 전년 동월 대비 3.3% 올랐다. 정부의 물가 안정 노력에도 국제 정세와 원재료 가격, 환율, 유통 비용 부담이 맞물리며 생활물가 압박은 여전히 남아 있다. 기업 입장에서는 이 같은 정책 기조가 다른 무게로 전해졌다. 중저가 라인 신설과 가격 경쟁 심화는 수익성 부담으로 돌아왔다. 그럼에도 시장이 가격대별로 세분화되며 새로운 수요가 형성됐다는 점에서 업계도 이 변화 자체는 일정 부분 받아들이는 분위기다. 가격 민감도가 커진 소비자를 붙잡기 위해서는 가성비 상품과 자체 브랜드 경쟁력을 키우는 일이 선택이 아니라 생존 전략이 됐기 때문이다. 시장 변화 못 따라가는 규제 균형추가 본격적으로 기우는 지점은 규제다. 대표적인 사례가 대형마트 의무휴업과 유통산업발전법 개정이다. 현행 유통산업발전법은 대형마트와 기업형 슈퍼마켓(SSM)에 대해 월 2회 의무휴업과 평일 자정부터 오전 10시까지의 영업시간 제한을 두고 있다. 다만 의무휴업일은 지방자치단체 지정에 따라 일요일 또는 평일로 운영된다. 2012년 이후 큰 틀에서 유지돼 온 이 규제는 이재명 정부 들어 다시 수면 위로 올라왔다. 김동아 더불어민주당 의원이 발의한 개정안은 의무휴업과 영업시간 제한 범위에서 온라인 배송만 제외하는 것이 골자다. 대형마트의 새벽배송을 허용하되 오프라인 점포 영업 규제의 큰 틀은 유지하는 방식이다. 반면 김성원 국민의힘 의원안은 새벽배송 허용을 넘어 심야 영업 제한과 의무휴업 규제 완화에 더 무게를 둔다. 두 법안은 5월 국회 산업통상자원중소벤처기업위원회 전체회의에 상정된 뒤 법안심사소위로 회부됐지만, 논의는 여전히 진행형이다. 업계의 불만은 시장이 이미 바뀌었는데 규제 틀은 그대로냐는 것이다. 숫자가 이를 뒷받침한다. 산업통상자원부의 2026년 3월 주요 유통업체 매출동향에 따르면 대형마트 매출 비중은 8.1%로, 2021년 15.1%에서 절반 가까이 낮아졌다. 같은 기간 온라인 매출 비중은 52.1%에서 60.6%로 확대됐다. 2026년 3월 온라인 매출이 전년 동월 대비 8.1% 늘어나는 동안 대형마트 매출은 15.2% 줄었고, SSM도 8.6% 감소했다. 쿠팡을 비롯한 이커머스가 소비의 중심을 가져간 상황에서 오프라인 채널에만 규제를 집중하는 것은 또 다른 역차별이라는 지적이 나오는 배경이다. 특히 대형마트가 단순 판매 채널을 넘어 온라인 장보기, 즉시배송, 신선식품 물류 거점으로 역할을 바꾸는 상황에서 기존 영업시간 규제를 그대로 적용하는 것은 시장 변화와 맞지 않는다는 목소리가 커지고 있다. 기업회생절차에 들어간 홈플러스 사례까지 겹치면서, 경쟁력 회복보다 의무휴업 논의가 앞서는 현실에 업계는 답답함을 토로한다. 노동권 강화-골목상권 보호 기조에 업계 긴장감 2025년 9월 9일 공포된 노란봉투법은 2026년 3월 10일 시행됐다. 하청·용역·특수고용 등 간접고용 구조가 많은 유통 물류업계에서는 사용자 범위 확대와 손해배상 제한을 둘러싼 긴장감이 커졌다. 법 취지는 노동권 보호에 있지만, '실질적 구체적 지배력'이라는 사용자 판단 기준을 둘러싼 해석 여지는 여전히 현장의 불확실성으로 남아 있다. 4월 5일 시작된 CU 물류 파업은 이런 우려가 유통 현장으로 번질 수 있음을 보여준 사례였다. BGF로지스와 화물연대 CU지회는 4월 29일 잠정 합의에 이르렀지만, 파업은 약 26일간...",mock
배달앱 수수료 / 플랫폼 상생,배달앱 수수료 / 플랫폼 상생 관련 세부 쟁점,배달앱 수수료 / 플랫폼 상생;view.asiae.co.kr;정책,https://view.asiae.co.kr/article/2026052521481345583,매출 늘었다는데 왜?…사장님들 '무료배달' 반대하는 이유,view.asiae.co.kr,갈등_구도,중립적,정부,'매출 늘었다는데 왜?…사장님들 '무료배달' 반대하는 이유' 기사에서 view.asiae.co.kr가 어떤 주체와 강조점을 전면에 두는지 기준으로 생성한 mock 태깅 결과입니다.,"매출 늘었다는데 왜?…사장님들 '무료배달' 반대하는 이유 서울 강서구에서 일본식 덮밥집을 운영하는 최정호씨는 최근 배달 애플리케이션의 무료배달 연계 요금제를 해지했다. 2024년 3월, 쿠팡이츠가 업계 처음으로 유료 멤버십인 와우회원을 대상으로 무료배달 서비스를 시작한 이후, 배달의민족·요기요 등 경쟁사까지 줄줄이 무료배달을 위한 수수료 정책 개편에 나서면서 입점 업체가 부담해야 할 비용이 크게 뛰어올랐기 때문이다. 지난해 참여연대가 발표한 '배달의민족 수수료 부담 실태보고서'에 따르면 2023년부터 2025년까지 3년간 입점 업체가 부담해야 할 총비용은 3%포인트 이상 늘었고 평균 총 수수료는 26%에 달하는 것으로 조사됐다. 소상공업계 ""점주 및 소비자 부담으로 이어져"" 무료배달 이후 총 수수료 최대 30% 상승 서울 강서구에서 일본식 덮밥집을 운영하는 최정호씨는 최근 배달 애플리케이션(앱)의 무료배달 연계 요금제를 해지했다. 이 요금제에 가입한 이후, 배달앱에 지불해야 할 중개수수료와 배달비가 눈덩이처럼 불어났기 때문이다. 해당 요금제의 중개수수료(부가세 포함)는 10.8%, 점주 부담 배달비(서울 기준)는 3400원이다. 1만2000원짜리 덮밥 정식 1개를 판매한다고 가정하면, 매출의 약 40%인 4700원을 수수료 및 배달비로 지불해야 하는 셈이다. 최씨는 ""무료배달 도입 초반엔 주문량이 폭증하면서 가게도 덕을 보는 듯했다""며 ""그러나 매출만 늘었을 뿐 정작 손에 남는 건 줄었다. 팔면 팔수록 손해 보는 구조""라고 하소연했다. 26일 관련 업계에 따르면 국내 배달앱 시장 2위 쿠팡이츠가 기존 유료회원을 대상으로 제공하던 무료배달 서비스를 일반회원으로 전격 확대하고 1위 배달의민족이 가세하면서 자영업자와 소상공인들의 우려가 커지고 있다. 무료배달 확대 시 배달앱이 중개수수료와 각종 마케팅비를 대폭 인상하는 방식으로 자영업자와 소비자에게 비용을 고스란히 전가할 수 있다는 목소리다. 쿠팡이츠는 공식 입장문을 통해 ""고물가·고유가 시기에 소비자들의 배달비 부담을 줄이고 입점 업체의 주문 확대를 지원하기 위한 상생 차원의 프로모션을 마련했다""며 ""무료배달 도입 전후 1년간 입점 업체들의 매출 추이를 따져본 결과, 프로모션 이후 상점당 매출이 98% 증가한 것으로 조사됐다""고 설명했다. 그러나 소상공인들 사이에선 쿠팡이츠의 이번 조치가 배달앱 간 무료배달 경쟁을 부추기고 점주 부담을 되려 늘리는 신호탄이 될 수 있단 우려가 일파만파 퍼지고 있다. 2024년 3월, 쿠팡이츠가 업계 처음으로 유료 멤버십인 와우회원을 대상으로 무료배달 서비스를 시작한 이후, 배달의민족·요기요 등 경쟁사까지 줄줄이 무료배달을 위한 수수료 정책 개편에 나서면서 입점 업체가 부담해야 할 비용이 크게 뛰어올랐기 때문이다. 지난해 참여연대가 발표한 '배달의민족 수수료 부담 실태보고서'에 따르면 2023년부터 2025년까지 3년간 입점 업체가 부담해야 할 총비용(중개수수료·결제수수료·배달비)은 3%포인트 이상 늘었고 평균 총 수수료는 26%에 달하는 것으로 조사됐다. 특히 입점 업체 대부분을 차지하는 2만원 미만의 저단가 업종에서는 총 수수료 부담이 최대 30%까지 늘었다. 같은 기간 소비자가 부담해야 할 음식 가격은 2190원 인상됐다. 모회사인 독일 딜리버리히어로가 배달의민족 운영사 우아한형제들을 매물로 내놓은 가운데 배달의민족이 시장 가치 상승을 위한 맞대응에 강하게 나서면 나설수록 소상공인들의 부담이 더 커질 수 있다는 전망도 고개를 든다. 꼭 봐야 할 주요 뉴스 [단독] ""이래서 삼성, 삼성하는구나""…포인트 대신...업계 관계자는 ""쿠팡이츠 입장에선 배달의민족이 매물로 나온 상황을 향후 시장의 구도를 재편할 수 있는 변곡점으로 받아들일 것""이라면서 ""출혈경쟁에 가까운 프로모션 경쟁이 전망되는데, 이럴 경우 소상공인들에게 비용이 전가되는 흐름이 더 거세질 가능성이 있다""고 설명했다. <ⓒ투자가를 위한 경제콘텐츠 플랫폼, 아시아경제(www.asiae.co.kr) 무단전재 배포금지>",mock
배달앱 수수료 / 플랫폼 상생,배달앱 수수료 / 플랫폼 상생 관련 세부 쟁점,배달앱 수수료 / 플랫폼 상생;dream.kotra.or.kr;정책,http://dream.kotra.or.kr/kotranews/cms/news/actionKotraBoardDetail.do?SITE_NO=3&MENU_ID=180&CONTENTS_NO=1&bbsGbn=243&bbsSn=243&pNttSn=241576,인도네시아 온라인 음식 배달서비스 시장 트렌드,dream.kotra.or.kr,갈등_구도,중립적,정부,'인도네시아 온라인 음식 배달서비스 시장 트렌드' 기사에서 dream.kotra.or.kr가 어떤 주체와 강조점을 전면에 두는지 기준으로 생성한 mock 태깅 결과입니다.,"- 인도네시아 온라인 음식 배달서비스 시장 트렌드 - 트렌드 - 인도네시아 - 자카르타무역관 정현아 - 2026-06-04 - 출처 : KOTRA - GoFood·GrabFood·ShopeeFood 3강 구도 속 수익성 경쟁으로 전환 음식 배달 넘어 퀵커머스·디지털 금융 결합한 슈퍼앱 생태계로 진화 인도네시아 온라인 음식 배달서비스 시장 개요 인도네시아 온라인 음식 배달서비스 시장은 동남아시아 최대 규모로 성장하며 디지털 경제의 핵심 축으로 자리잡았다. 스마트폰 보급 확대와 도시화, 비대면 소비 트렌드 확산에 따라 음식 배달 수요가 빠르게 늘고 있다. 2025년 기준 시장은 Grab(GrabFood)·Gojek(GoFood)·ShopeeFood 3개 플랫폼 중심으로 경쟁 구도가 형성되어 있다. Grab과 Gojek은 인도네시아 배달 및 모빌리티 시장을 양분하는 주요 사업자이며, ShopeeFood는 Shopee 전자상거래 플랫폼과 연계한 할인·무료배송 전략으로 점유율을 빠르게 끌어올리고 있다. 글로벌 시장조사 플랫폼 Statista에 따르면 인도네시아 온라인 음식 배달서비스 시장 규모는 2022년 39억 달러에서 2025년 64억 달러로 꾸준한 성장세를 이어가고 있다. <인도네시아 온라인 음식 배달서비스 시장 규모 추이(2022~2025)> [자료: Statista] 인도네시아 경제·비즈니스 데이터 전문 미디어 Katadata가 인용한 Momentum Works 분석에 따르면 플랫폼별로는 GrabFood가 2021년 약 22억5000만 달러에서 2024년 약 25억4000만 달러로 안정적인 성장세를 보였다. GoFood는 같은 기간 약 19억8000만 달러 수준을 유지하다 2024년 약 18억9000만 달러로 소폭 감소했다. ShopeeFood는 2021년 3억7000만 달러에서 2024년 9억7000만 달러로 약 164% 성장하며 가장 빠른 증가세를 기록했다. 동남아시아 전체로 보면 성장세는 더욱 뚜렷하다. Momentum Works의 '동남아시아 음식 배달 플랫폼 2025' 보고서에 따르면 2024년 동남아시아 전체 음식 배달 GMV는 전년 대비 13% 증가한 193억 달러를 기록했다. 이 가운데 인도네시아는 베트남(26%)과 함께 가장 빠르게 성장한 시장으로 18% 성장률을 기록했다. Grab은 53.9%의 점유율로 지역 내 선두를 유지했으며, ShopeeFood는 Gojek을 제치고 동남아시아 3위 플랫폼으로 올라섰다. <인도네시아 음식 배달서비스 플랫폼별 거래액 추이(2021~2024)> [자료: Katadata(Momentum Works)] 인도네시아 배달서비스 소비자 이용 트렌드 소비자 측면에서는 젊은 세대를 중심으로 배달서비스 이용이 일상화되고 있다. 특히 Z세대 소비자들은 가격 할인·프로모션·편의성을 주요 선택 기준으로 삼는 경향이 뚜렷하다. 글로벌 소비자 조사 기관 TGM Research에 따르면 2024년 인도네시아에서 가장 많이 이용되는 음식 배달 앱은 GrabFood로 약 35%의 이용률을 기록했다. GoFood가 약 32%로 뒤를 이었으며, ShopeeFood는 약 11% 수준으로 나타났다. 세대별 선호도에서는 차이가 있다. 전체 이용률 기준으로 GrabFood가 1위지만, Z세대를 중심으로는 공격적인 할인 프로모션과 Shopee 이커머스 연계 혜택을 앞세운 ShopeeFood에 대한 선호가 상대적으로 높게 나타나는 경향이 있다. 식품 브랜드 입장에서는 목표 소비자층에 따라 플랫폼 선택 전략을 달리 가져갈 필요가 있다. 한편 GrabFood·GoFood에 등록되지 않은 업체라도 Gosend·Grab Express 등 배달 기사 연결 서비스를 통해 픽업 주문이 가능한 만큼, 인도네시아 시장에 진출하는 식품 브랜드는 배달서비스 대응 전략을 사전에 갖출 필요가 있다. <2024년 인도네시아 주요 음식 배달 앱 이용률 현황> [자료: TGM Research] 인도네시아 주요 배달서비스 비교 및 플랫폼별 전략 Grab은 동남아시아 전역에서 구축한 통합 플랫폼 생태계를 바탕으로 음식 배달 외에도 금융·광고·모빌리티 서비스를 연계하는 전략을 강화하고 있다. Grab은 VIP 구독 서비스를 통해 모빌리티·장보기·음식 배달 등 전 분야에서 통합 할인 혜택을 제공하며, AI 및 데이터 기반 운영 효율화를 통해 수익성 개선에 집중하고 있다. Gojek은 인도네시아 로컬 플랫폼이라는 강점을 살려 현지 소비자 맞춤형 서비스와 중소 음식점 네트워크 확대에 집중하고 있다. GoFood는 현지 음식점 생태계와의 연계성이 높아 로컬 시장 내 충성 고객층을 탄탄히 확보하고 있다. ShopeeFood는 Shopee 전자상거래 플랫폼과 연계한 공격적인 할인·무료배송 정책으로 시장 점유율을 빠르게 넓혀가고 있으며, 특히 가격 민감도가 높은 Z세대를 중심으로 빠르게 성장하고 있다. <인도네시아 주요 배달서비스 플랫폼 비교> [자료: 각 플랫폼, KOTRA 자카르타 무역관 종합] 한국 배달서비스와 인도네시아 배달서비스 플랫폼 비교한국과 인도네시아 배달서비스 플랫폼 시장은 빠른 성장이라는 공통점을 가지고 있지만 구조적으로 차이가 있다. 가장 큰 차이는 플랫폼의 성격이다. 한국의 배달의민족·쿠팡이츠·요기요는 음식 배달에 특화된 전문 플랫폼인 반면, 인도네시아의...",mock
배달앱 수수료 / 플랫폼 상생,배달앱 수수료 / 플랫폼 상생 관련 세부 쟁점,배달앱 수수료 / 플랫폼 상생;edaily.co.kr;정책,https://www.edaily.co.kr/news/newspath.asp?newsid=02273046645478112,"공공 배달앱 이용자 10명 중 8명 ""다시 이용하겠다""",edaily.co.kr,갈등_구도,중립적,정부,"'공공 배달앱 이용자 10명 중 8명 ""다시 이용하겠다""' 기사에서 edaily.co.kr가 어떤 주체와 강조점을 전면에 두는지 기준으로 생성한 mock 태깅 결과입니다.","배달앱 이용자 10명 중 4명 이상이 공공 배달앱을 이용해본 경험이 있었고, 이들 가운데 80% 이상은 앞으로도 다시 이용할 의향이 있다고 답했다. 3일 과학기술정보통신부와 정보통신정책연구원(KISDI)이 전국 만 19~69세 성인남녀 2500명을 대상으로 실시한 ‘주요 디지털 플랫폼 서비스 이용자 실태조사’에 따르면 배달앱 이용자의 42.5%가 배달특급, 땡겨요 등 공공 배달앱을 이용한 경험이 있다고 응답했다. 이 가운데 80.5%는 향후 재이용 의사가 있다고 답해 공공 배달앱이 민간 플랫폼의 대안으로 일정 수준 자리 잡고 있는 것으로 분석됐다. 배달앱에서 소비자가 음식점을 선택하는 기준도 광고나 노출 순위보다는 실제 이용자 평가에 집중되는 것으로 나타났다. 음식 주문 시 가장 중요하게 고려하는 요소는 후기·별점(32.0%)이었으며, 음식 가격(30.6%), 배달비(16.5%), 음식 사진(8.0%)이 뒤를 이었다. 반면 유료 광고를 통한 상단 노출을 기준으로 음식점을 선택한다는 응답은 5.2%에 그쳤다. 부가통신시장 첫 500조원 돌파… 배달 플랫폼 성장세 지속 배달앱을 비롯한 플랫폼 산업은 국내 디지털 경제 성장의 핵심 축으로 자리 잡고 있다. 과기정통부의 ‘2025년 부가통신사업 실태조사’에 따르면 2024년 국내 부가통신 서비스 매출은 전년 대비 15.3% 증가한 502조9000억원으로 집계됐다. 부가통신 서비스 매출이 500조원을 넘어선 것은 이번이 처음이다. 배달앱 선택 기준은 멤버십… 쿠팡·배민 락인 효과 강화 이용자들이 플랫폼을 선택하는 이유는 서비스 유형에 따라 차이를 보였다. 검색이나 메신저 서비스는 ‘익숙해서’, ‘사용이 편리해서’라는 응답이 많았지만 음식 배달 분야에서는 ‘멤버십을 구독하고 있어서’가 19.8%로 가장 높은 선택 이유로 나타났다. 현재 배달앱 시장은 배달의민족(50.6%)과 쿠팡이츠(29.5%)가 주도하고 있다. 특히 유료 멤버십과 연계한 할인 혜택이 이용자를 묶어두는 핵심 수단으로 작용하는 것으로 분석됐다. 결합판매(번들링) 심층조사 결과 쿠팡 와우 멤버십 가입자의 60%는 연계 서비스 가운데 쿠팡이츠를 가장 많이 이용한다고 답했다. 또한 이커머스 멤버십 가입 이후 해당 플랫폼을 주 이용 채널로 선택하는 비율은 쿠팡이 136.1%, 네이버가 99.4% 증가한 것으로 나타나 멤버십이 강력한 이용자 고착 효과를 만들어내고 있는 것으로 조사됐다. 반면 배달앱 시장은 다른 플랫폼 서비스에 비해 이용자 이동도 활발했다. 조사 결과 음식 배달 플랫폼 이용자의 63.8%는 2개 이상의 서비스를 동시에 사용하는 ‘멀티호밍’ 이용자였다. 멀티호밍 이유로는 최저주문금액, 배달비, 할인쿠폰 등을 비교하기 위해서라는 응답이 54.0%로 가장 많았다. 실제 최근 1년 동안 주 이용 플랫폼을 변경한 비율인 전환율도 음식 배달 플랫폼이 27.0%로 가장 높았다. 이는 메신저(9.4%)나 앱마켓(10.3%)보다 크게 높은 수준이다. 배달앱 이용자들이 특정 서비스에 묶여 있으면서도 가격과 혜택에 따라 언제든 다른 플랫폼으로 이동할 수 있는 특성을 보이고 있는 셈이다. 이는 수수료 정책이나 배달비, 멤버십 혜택 변화가 시장 점유율 변동에 직접적인 영향을 미칠 수 있다는 의미다. 한편 과학기술정보통신부는 급변하는 부가통신 시장의 현황을 정밀하게 파악하고, 이를 바탕으로 실효성 있는 디지털 정책을 마련하기 위해 ‘2025년 부가통신사업 실태조사’ 결과를 발표했다고 밝혔다. 특히 정부는 최근 구독 경제의 보편화와 플랫폼 기업들의 사업 다각화 흐름을 반영해, 올해 실태조사에서 ‘주요 디지털플랫폼 서비스에 대한 이용자 행태 조사’와 ‘디지털플랫폼 서비스 결합 판매(번들링) 심층조사’를 추가로 실시했다. 이를 통해 시장 고착화 및 경쟁 상황 등 현장의 핵심 이슈를 더욱 입체적으로 분석했다는 설명이다.",mock
배달앱 수수료 / 플랫폼 상생,배달앱 수수료 / 플랫폼 상생 관련 세부 쟁점,배달앱 수수료 / 플랫폼 상생;smedaily.co.kr;정책,http://www.smedaily.co.kr/news/articleView.html?idxno=358048,'배달 라이더 보험 의무화' 놓고 찬반 논란,smedaily.co.kr,갈등_구도,중립적,정부,''배달 라이더 보험 의무화' 놓고 찬반 논란' 기사에서 smedaily.co.kr가 어떤 주체와 강조점을 전면에 두는지 기준으로 생성한 mock 태깅 결과입니다.,"정부 ""사고시 보장 강화"" ‘대인 무한·대물 2천만 원’ 의무화 추진 보험료 부담에 개미 라이더 시장 이탈 우려…활력 떨어질 수도 정부가 배달 라이더들 안전망 강화를 위해 ‘대인 무한·대물 2000만 원 이상’ 유상운송보험 가입을 의무화하자 이를 둘러싸고 찬반 논란이 일고 있다. 한편에서는 사고시 보장 강화를 위해 꼭 필요하다고 강조하지만 다른 한쪽에서는 보험료 부담으로 개미 라이더의 이탈을 가져올 수 있다는 지적을 내놓고 있다. 2일 정부는 배달종사자의 유상운송용 보험 가입을 의무화하는 내용의 개정 생활물류 서비스산업발전법 시행령·시행규칙을 오는 3일부터 시행한다고 밝혔다. 이번 개정에 따라 배달종사자는 배달사업자와 근로계약 또는 운송위탁계약을 체결하기 위해선 반드시 보험에 가입해야 하며, 필수 보장 범위는 대인 무한 배상, 대물 배상 2000만원 한도 상품으로 규정됐다. 이를 준수하지 않으면 신규 계약이 불가능함은 물론, 기존 계약도 해지된다. 동시에 배달종사자의 보험 가입 여부를 확인 및 검증할 수 있는 제도적 장치도 대거 마련된다. 배달 라이더의 보험 의무화는 업무 중 사고가 났을 때 보장을 강화하겠다는 취지에서 도입됐다. 일부 배달 라이더들은 사고가 나도 보험에 가입하지 않은 경우가 많아 그 피해를 고스란히 개인이 떠안아야 했다. 문제는 오토바이 라이더들의 경우 유상운송 보험 체계와 플랫폼별 시간제 보험 제도가 비교적 정착되어 있지만, 자전거와 PM은 보험사들이 높은 손해율을 이유로 상품 개발을 꺼리거나 가입 심사를 거절하는 경우가 많다. 또 개인이 가입할 수 있는 유상운송용 대인 무한 상품 자체가 드물기도 하다. 따라서 이번 조치로 자전거나 퀵보드 이용자들도 이전보다는 수월하게 보험을 이용할 수 있는 길이 열릴 수 있으리라는 점에서 찬성의 목소리가 나오기도 한다. 반면 일각에서는 이번 조치로 배달 플랫폼의 활력이 떨어질 수 있다는 주장도 제기된다. 보험료의 부담이 ‘개미 라이더’들의 진입 장벽을 높일 수 있다는 것이다. 배달 플랫폼이 보험사와 제휴해 운영하는 기존 ‘시간제 보험’ 역시 개인라이더들에게 부담이 될 수 있다는 지적이다. 자전거·PM의 시간제 보험료는 오토바이 대비 보장 범위가 좁기 때문이다. 정부 가이드라인인 ‘대인 무한’ 수준으로 상향할 경우, 분당 보험료율의 대폭 인상이 불가피하다. 건당 수수료가 몇천 원에 불과한 투잡족 입장에서는 분당 차감되는 보험료가 오르면 사실상 남는 돈이 없는 ‘수익성 제로’ 상태에 빠지게 돼 시장 이탈로 이어질 수 있는 분석이다. 우아한청년들 관계자는 ""현재 배민커넥트 가입 시 적용되는 자체 PM 보험은 법적 의무 사항이 아님에도 불구하고, 라이더들의 안전한 배달 환경을 위해 당사가 선제적으로 자동 가입을 지원하고 있는 상품""이라며 ""주요 보장 한도는 대인 인당 1억 원(사고당 3억 원), 대물 사고당 1000만 원, 본인치료비 사고당 500만 원 한도 등""이라고 밝혔다. 이어 유상운송보험 의무화에 따른 현장 혼선에 대해 ""당사는 현장 라이더들의 혼선을 방지하기 위해 사전에 안내를 진행했다""며 ""의무화 시행일 이전인 6월 1일 자로 배민커넥트 앱 내 공지사항을 통해 '비이륜차는 의무화 제외 대상'임을 명확히 안내했으며, 현재 카카오톡을 통해서도 해당 내용을 안내하고 있다""고 설명했다.",mock
배달앱 수수료 / 플랫폼 상생,배달앱 수수료 / 플랫폼 상생 관련 세부 쟁점,배달앱 수수료 / 플랫폼 상생;news.kbs.co.kr;정책,https://news.kbs.co.kr/news/pc/view/view.do?ncd=8575091&ref=A,‘배달비 0원’의 역설…쿠팡이츠 ‘무료배달’의 진짜 의도는? [핫클립],news.kbs.co.kr,갈등_구도,중립적,정부,'‘배달비 0원’의 역설…쿠팡이츠 ‘무료배달’의 진짜 의도는? [핫클립]' 기사에서 news.kbs.co.kr가 어떤 주체와 강조점을 전면에 두는지 기준으로 생성한 mock 태깅 결과입니다.,"기사 본문 영역 ‘배달비 0원’의 역설…쿠팡이츠 ‘무료배달’의 진짜 의도는? [핫클립] 입력 2026.06.01 (18:13) 수정 2026.06.01 (18:36) 읽어주기 기능은 크롬기반의 브라우저에서만 사용하실 수 있습니다. 핫클립입니다. '전 국민 배달비 0원' 쿠팡이츠가 최근 내놓은 혜택입니다. 유료 회원에게만 주던 혜택을 이제는 일반 회원에게까지 제공한다는 건데요. 쿠팡이츠가 이번 행사를 진행하는 표면적 이유, 고유가 고물가 시기라 소비 활성화를 지원한다는 겁니다. 고객 배달비는 전액 자신들이 부담한다고도 강조했는데요. 갑작스러운 출혈 마케팅을 두고 업계에선 배달의민족이 매각을 추진 중인 틈을 타 점유율을 끌어올리려는 전략으로 해석합니다. 실제로 2년 전 쿠팡이츠는 유료 회원을 대상으로 무제한 무료 배달을 도입한 뒤 업계 3위에서 단숨에 2위로 올라섰습니다. 그런데 이런 공짜 배달. 마냥 좋은 일일까요? 참여연대가 2년 전 배달의 민족이 무료 배달을 시행한 뒤 식당이 부담하는 수수료 변화를 분석해 봤는데요. 총 수수료가 매출의 19.8%에서 22.7%까지 늘었습니다. 고객들에게 무료 배달이 제공된 대신 식당의 부담이 커진 건데요. 장기적으론 수수료 부담이 커진 업주들이 음식값을 올리거나 배달 음식 가격만 더 받는 등 소비자 부담으로 이어진다는 지적입니다. [김주호/참여연대 민생경제팀장/KBS 뉴스/지난달 23일 : ""사실상 음식 가격도 올라가고 이제 배달 서비스의 질도 떨어지고, 또 소비자들은 멤버십 요금도 올라가기 때문에 결국에는 무료 배달이 아닌 상황인 거죠.""] 이번 무료 배달 확대가 현재 공정거래위원회가 조사 중인 '끼워팔기' 논란에 대한 방어책이란 분석도 나옵니다. 유료 회원들에게 자사 OTT와 배달 서비스를 강제로 묶어 팔았다는 의혹을 받자, 일반 회원으로 무료 배달 혜택을 넓혀 위법 논란을 희석하려 한다는 겁니다. [""자영업자 기만 중단하라! (중단하라! 중단하라! 중단하라!) 자영업자 착취하는 수수료 구조부터 개선하라!""] 지난달 정치권과 소상공인 주도로 배달 앱 수수료 인하를 논의하는 '사회적 대화 기구'가 출범했습니다만, 상생안은 아직 별 소식이 없습니다. 코로나19 시기를 거치면서 폭발적으로 성장한 배달 플랫폼. 소비자들이 한 달에 쓰는 돈이 3조 원이 넘는 거대 시장인 만큼 소상공인과 소비자 부담이 커지지 않도록 해법이 필요해 보입니다. 핫클립 박은주입니다. 영상편집:이진이/자료조사:원이솔 '전 국민 배달비 0원' 쿠팡이츠가 최근 내놓은 혜택입니다. 유료 회원에게만 주던 혜택을 이제는 일반 회원에게까지 제공한다는 건데요. 쿠팡이츠가 이번 행사를 진행하는 표면적 이유, 고유가 고물가 시기라 소비 활성화를 지원한다는 겁니다. 고객 배달비는 전액 자신들이 부담한다고도 강조했는데요. 갑작스러운 출혈 마케팅을 두고 업계에선 배달의민족이 매각을 추진 중인 틈을 타 점유율을 끌어올리려는 전략으로 해석합니다. 실제로 2년 전 쿠팡이츠는 유료 회원을 대상으로 무제한 무료 배달을 도입한 뒤 업계 3위에서 단숨에 2위로 올라섰습니다. 그런데 이런 공짜 배달. 마냥 좋은 일일까요? 참여연대가 2년 전 배달의 민족이 무료 배달을 시행한 뒤 식당이 부담하는 수수료 변화를 분석해 봤는데요. 총 수수료가 매출의 19.8%에서 22.7%까지 늘었습니다. 고객들에게 무료 배달이 제공된 대신 식당의 부담이 커진 건데요. 장기적으론 수수료 부담이 커진 업주들이 음식값을 올리거나 배달 음식 가격만 더 받는 등 소비자 부담으로 이어진다는 지적입니다. [김주호/참여연대 민생경제팀장/KBS 뉴스/지난달 23일 : ""사실상 음식 가격도 올라가고 이제 배달 서비스의 질도 떨어지고, 또 소비자들은 멤버십 요금도 올라가기 때문에 결국에는 무료 배달이 아닌 상황인 거죠.""] 이번 무료 배달 확대가 현재 공정거래위원회가 조사 중인 '끼워팔기' 논란에 대한 방어책이란 분석도 나옵니다. 유료 회원들에게 자사 OTT와 배달 서비스를 강제로 묶어 팔았다는 의혹을 받자, 일반 회원으로 무료 배달 혜택을 넓혀 위법 논란을 희석하려 한다는 겁니다. [""자영업자 기만 중단하라! (중단하라! 중단하라! 중단하라!) 자영업자 착취하는 수수료 구조부터 개선하라!""] 지난달 정치권과 소상공인 주도로 배달 앱 수수료 인하를 논의하는 '사회적 대화 기구'가 출범했습니다만, 상생안은 아직 별 소식이 없습니다. 코로나19 시기를 거치면서 폭발적으로 성장한 배달 플랫폼. 소비자들이 한 달에 쓰는 돈이 3조 원이 넘는 거대 시장인 만큼 소상공인과 소비자 부담이 커지지 않도록 해법이 필요해 보입니다. 핫클립 박은주입니다. 영상편집:이진이/자료조사:원이솔 ■ 제보하기 ▷ 카카오톡 : 'KBS제보' 검색, 채널 추가 ▷ 전화 : 02-781-1234, 4444 ▷ 이메일 : kbs1234@kbs.co.kr ▷ 유튜브, 네이버, 다음에서도 KBS뉴스를 구독해주세요! 이 기사가 좋으셨다면 - 좋아요 0 - 응원해요 0 - 후속 원해요 0",mock
배달앱 수수료 / 플랫폼 상생,배달앱 수수료 / 플랫폼 상생 관련 세부 쟁점,배달앱 수수료 / 플랫폼 상생;mk.co.kr;정책,https://www.mk.co.kr/article/12065791,배민·쿠팡이츠 대항마 키운다…하나은행 계좌 개설하면 할인쿠폰 지급 - 매일경제,mk.co.kr,갈등_구도,중립적,정부,'배민·쿠팡이츠 대항마 키운다…하나은행 계좌 개설하면 할인쿠폰 지급 - 매일경제' 기사에서 mk.co.kr가 어떤 주체와 강조점을 전면에 두는지 기준으로 생성한 mock 태깅 결과입니다.,"Key Points - 하나은행은 공공배달앱 '먹깨비'와 제휴해 8월 31일까지 신규 고객에게 최대 1만3000원의 할인 쿠폰을 제공하는 이벤트를 진행해요. 🛍️이는 2026년 2월 양사가 체결한 업무협약(MOU)의 일환으로, 소상공인의 수수료 부담을 덜어주는 '착한 플랫폼'과의 협력을 확대하려는 움직임이에요. 🤝 - 신한은행도 이미 2025년 11월부터 운영하는 배달앱 '땡겨요'를 통해 피자, 햄버거 등 다양한 프랜차이즈와 제휴하여 할인 프로모션을 진행하며 고객 확보에 나서고 있어요. 🍕🍔 예를 들어, 2026년 2월에는 서울시와 함께 피자 브랜드와 협력해 최대 1만3000원의 할인 혜택을 제공하기도 했답니다. 💯 - 이러한 은행권의 배달앱 제휴는 단순히 고객 혜택 제공을 넘어, 주요 배달앱(배달의민족, 쿠팡이츠 등) 대비 낮은 중개수수료(먹깨비 1.5%, 땡겨요 2%)를 앞세워 소상공인의 부담을 줄여주는 '상생' 모델을 구축하려는 전략으로 풀이돼요. 🌱 - 향후 하나은행은 하나카드와 연계한 전용 제휴카드 출시도 준비 중이며, 은행들이 배달앱 시장에서 고객 기반을 넓히고 충성도를 높이기 위한 경쟁이 더욱 치열해질 것으로 예상돼요. 💳 이는 금융 서비스와 일상생활 플랫폼 간의 융합이 가속화되는 흐름을 보여준답니다. 🚀 1. 사건 개요: 무슨 일이 있었나? 최근 배달앱 시장에서 은행들이 경쟁적으로 프로모션을 진행하며 고객 확보에 나서고 있어요. 🚀 하나은행은 공공배달앱 '먹깨비'와 함께 특별한 이벤트를 선보입니다. 2026년 2월, 하나은행과 먹깨비가 업무협약(MOU)을 맺고 앞으로 10년간 전방위 협력을 이어가기로 한 후, 이번 행사를 마련하게 된 것이죠. 🤝 이번 이벤트는 2026년 8월 31일까지 진행되는데요, 먹깨비 앱에서 하나은행 입출금 계좌를 새로 만드는 고객에게는 3,000원 할인 쿠폰을 드립니다. 💰 특히 기존에 하나은행 거래가 없던 신규 고객이라면 5,000원 할인 쿠폰 2매를 추가로 받아, 총 13,000원 상당의 혜택을 누릴 수 있어요. 🎉 더불어 2026년 6월 25일부터 8월 31일까지는 하나원큐 이벤트 페이지에서 할인 쿠폰 추첨 이벤트도 열립니다. 🌟 1등 10명에게는 1만 원권, 500명에게는 5천 원권, 2,000명에게는 2천 원권 쿠폰이 8월과 9월에 걸쳐 지급될 예정이에요. 🎁 한편, 신한은행의 공공배달앱 '땡겨요' 역시 비슷한 시기에 고객 확보를 위한 노력을 해왔어요. 2025년 11월 28일, 신한은행은 11개의 피자 및 햄버거 프랜차이즈 업체들과 '서울배달플러스 땡겨요 활성화를 위한 상생 협약'을 체결하며 할인 행사 등을 예고했었죠. 🍕🍔 또한, 2026년 2월 9일에는 '서울배달+ 상생 할인 프로모션'을 통해 7개 피자 브랜드와 협력하여 최대 1만 3,000원의 할인 혜택을 제공하기도 했습니다. 이처럼 은행들은 낮은 중개수수료를 내세우는 공공배달앱과의 협력을 통해 시장 영향력을 확대하려는 전략을 취하고 있답니다. 2. 심층 분석: 이 뉴스는 왜 나왔나? 안녕하세요, 매일경제의 AI 수석 경제 해설가입니다. 🤖 오늘은 하나은행과 공공배달앱 '먹깨비'의 할인 쿠폰 지급 이벤트 소식을 좀 더 깊이 파헤쳐 볼게요. 단순한 금융 상품 홍보를 넘어, 왜 이런 협력이 이루어지고 어떤 의미가 있는지 함께 알아봐요! ✨ **1. 배경: ‘착한 배달앱’과 금융사의 만남 🤝** 이번 하나은행과 먹깨비의 이벤트는 올해 2월에 맺은 업무협약(MOU)의 결과물이에요. 여기서 주목할 점은 바로 '먹깨비'가 가진 특징인데요. 먹깨비는 다른 배달앱들에 비해 훨씬 낮은 중개수수료(약 1.5%)를 자랑하며, 소상공인들의 부담을 덜어주는 '착한 배달앱'으로 알려져 있어요. 💰 이런 먹깨비와 하나은행이 손을 잡은 이유는, 단순히 신규 고객을 유치하는 것을 넘어 사회적 가치를 추구하는 금융 서비스 이미지를 강화하고, 지역 경제 활성화에도 기여하려는 전략으로 볼 수 있어요. 🏘️ **2. 원인: 치열해지는 배달앱 시장과 금융사의 고객 확보 경쟁 🚀** 우리가 흔히 아는 배달의민족, 쿠팡이츠와 같은 주요 배달앱 시장은 이미 포화 상태에 가깝죠. 😥 하지만 '공공배달앱'들은 낮은 수수료를 무기로 틈새시장을 공략하며 성장하고 있어요. 신한은행이 운영하는 '땡겨요' 역시 피자, 햄버거 프랜차이즈와의 협력을 통해 영역을 확장하며 이러한 흐름에 동참하고 있는 모습이에요. (2025년 11월 28일, 2026년 2월 9일 관련 기사 참고) 🍕🍔 이러한 상황에서 하나은행은 먹깨비와의 제휴를 통해 신규 고객을 확보하고, 잠재 고객들에게 하나은행 계좌 개설이라는 금융 상품을 자연스럽게 홍보하는 기회를 얻는 거예요. 📈 **3. 맥락: 금융 서비스와 생활 플랫폼의 융합 🌐** 이번 이벤트는 금융사가 단순히 금융 상품을 판매하는 것을 넘어, 우리 생활 속에 깊숙이 자리 잡은 플랫폼들과 협력하여 새로운 고객 접점을 만들고 있다는 점을 보여줘요. 💡 특히, '먹깨비'처럼 소상공인을 돕는 플랫폼과의 협력은 금융사의 사회적 책임 이행이라는 긍정적인 메시지까지 전달할 수 있다는 점에서 더욱 의미가 있다고 할 수 있어요. 🤔 앞으로도 이러한 금융 서비스와 생활 플랫폼 간의 융합은 더욱 활발해질 것으로 예상됩니다. 🌟 3. 주요 경과: 지금까지의 흐름 (Timeline) 📜 - 2025.11 신한은행은...",mock
민생지원금 / 소비쿠폰 / 추경,민생지원금 / 소비쿠폰 / 추경 관련 세부 쟁점,민생지원금 / 소비쿠폰 / 추경;busan.com;정책,https://www.busan.com/view/busan/view.php?code=2026060418322486590,기장군수 우성빈 “민생지원금 100만 원 지급 정부와 함께 지역 발전 도모”,busan.com,갈등_구도,중립적,정부,'기장군수 우성빈 “민생지원금 100만 원 지급 정부와 함께 지역 발전 도모”' 기사에서 busan.com가 어떤 주체와 강조점을 전면에 두는지 기준으로 생성한 mock 태깅 결과입니다.,"기장군수 우성빈 “민생지원금 100만 원 지급 정부와 함께 지역 발전 도모” - 가 김동우 기자 friend@busan.com 우성빈 기장군수 당선인은 민선 체제 이후 처음 탄생한 민주당 소속 기장군수다. 우 당선인은 “군민 여러분의 위대한 선택에 깊이 감사드린다”며 “오늘의 승리는 우성빈 개인이 아니라, 더 나은 기장을 바라는 군민의 승리”라고 말했다. 우 당선인은 이번 선거에서 군민에게 4년간 총 100만 원의 민생지원금을 지역화폐나 소비쿠폰 형태로 지급하겠다는 공약을 내세웠다. 우 당선인은 기장형 무료 공공셔틀버스 도입, 정관선 조기 완공, 방사선 의·과학 등 미래산업 거점도시 육성도 약속했다. 우 당선인은 “기장의 새로운 변화를 이끌고 이재명 정부와 힘을 모아 기장 발전을 앞당기겠다”고 전했다. 우 당선인은 선거 기간 다른 후보 3명과 치열한 경쟁을 벌였다. 우 당선인은 “정명시, 김쌍우, 정진백 세 분 후보님에게도 위로의 말씀을 드린다”고 밝혔다. 끝으로 우 당선인은 “기장의 미래를 위해 약속드렸던 공약들을 하나하나 실천하겠다”며 “여러분께서 맡겨주신 책임의 무게를 가슴에 새기고, 말이 아닌 결과로 보답하는 군수가 되겠다”고 각오를 전했다. 김동우 기자 friend@busan.com ⓒ 부산일보(www.busan.com), 무단전재 및 수집, 재배포금지",mock
민생지원금 / 소비쿠폰 / 추경,정부 민생지원금 집행 현황 및 금융기관 역할,민생지원금;고유가 피해지원금;금융기관 역할;취약계층 지원;지역경제 활성화,https://www.polinews.co.kr/news/articleView.html?idxno=733225,"NH농협카드, 고유가 피해지원금 신청 315만건 돌파… 민생금융 지원 역할 강화",polinews.co.kr,민생경제_회복,긍정적,NH농협카드,이 기사는 NH농협카드가 정부의 민생지원금 사업을 성공적으로 집행하며 취약계층과 소상공인 지원에 기여하고 있음을 긍정적으로 다루고 있습니다.,"NH농협카드가 정부의 민생 안정 정책인 '고유가 피해지원금' 신청 접수에서 315만건을 돌파하며 민생금융 지원의 핵심 창구 역할을 수행하고 있다. NH농협카드는 지난 28일 기준 고유가 피해지원금 신용·체크카드 신청 건수가 총 315만건을 넘어섰다고 5일 밝혔다. 세부적으로는 1차 신청 기간 동안 24만건이 접수됐으며, 이어 진행된 2차 신청에서는 291만건이 접수돼 지원금 신청이 크게 증가한 것으로 나타났다. 이와 함께 신용·체크카드 방식 외에도 전국 97개 지방자치단체에서 선불카드 발급이 진행되고 있어 다양한 방식으로 지원금 수령이 가능하다. 농협카드는 최근 정부 지원 사업에서 연이어 높은 실적을 기록하고 있다. '소상공인 부담경감 크레딧'과 '소상공인 경영안정 바우처' 사업에서는 2년 연속 점유율 1위를 기록했으며, 이번 '고유가 피해지원금'과 '민생회복 소비쿠폰' 사업에서도 주요 금융 창구로 자리매김하고 있다. 이번 고유가 피해지원금 사업은 오는 7월 3일까지 진행되며, 소득 하위 70% 국민을 대상으로 지원된다. NH농협카드 고객은 모바일 플랫폼인 'NH페이(NH pay)' 앱을 통해 비대면으로 신청할 수 있으며, 전국 농·축협 및 NH농협은행 영업점을 방문해 신청하는 것도 가능하다. 특히 농협카드는 전국 단위의 촘촘한 영업망과 금융 접근성을 바탕으로 고령층과 디지털 취약계층까지 폭넓게 지원하며 대규모 신청을 이끌어낸 것으로 평가받고 있다. NH농협카드 관계자는 ""정부의 민생 지원 사업마다 고객들이 편리하게 혜택을 받을 수 있도록 전국 금융 인프라를 적극 활용해 왔다""며 ""앞으로도 고물가·고금리 환경 속에서 어려움을 겪는 취약계층과 소상공인을 위한 상생금융 서비스를 지속 확대해 나가겠다""고 밝혔다. 한편 NH농협카드는 정부 정책금융 사업과 연계한 지원 프로그램 확대를 통해 금융 취약계층 지원과 지역경제 활성화에 기여한다는 방침이다. [폴리뉴스 김지혜 기자]",ok
민생지원금 / 소비쿠폰 / 추경,민생지원금 / 소비쿠폰 / 추경 관련 세부 쟁점,민생지원금 / 소비쿠폰 / 추경;yna.co.kr;정책,https://www.yna.co.kr/view/AKR20260605072500530?input=1195m,"행안부, 소비쿠폰·전남광주통합·중수청추진 등 1년 성과 꼽아 | 연합뉴스",yna.co.kr,갈등_구도,중립적,정부,"'행안부, 소비쿠폰·전남광주통합·중수청추진 등 1년 성과 꼽아 | 연합뉴스' 기사에서 yna.co.kr가 어떤 주체와 강조점을 전면에 두는지 기준으로 생성한 mock 태깅 결과입니다.","행정안전부는 이재명 정부 출범 1년을 맞아 지난 한 해 동안 거둔 핵심 정책 성과를 5일 발표했다. 행안부는 지난 겨울 대설로 인한 인명피해 제로, 전년 대비 폭염사망자 감소, 대규모 행사 시 인파사고 제로, 올해 봄철 대형산불 제로 등으로 '사람을 살리는 정부'의 면모를 이어왔다고 강조했다. 윤호중 행안부 장관은 ""지난 1년은 무너진 민생을 회복하고 지역에 활력을 불어넣으며, 국민의 생명과 안전을 지키기 위해 쉼 없이 달려온 시간이었다""며 ""행정안전부는 정부 출범 2년 차를 맞아 국민 삶에 플러스가 되는 더 큰 변화를 보다 속도감 있게 만들어 나가겠다""고 밝혔다. 인공지능이 자동으로 줄인 '세 줄 요약' 기술을 사용합니다. 전체 내용을 이해하기 위해서는 기사 본문과 함께 읽어야 합니다. (서울=연합뉴스) 양정우 기자 = 행정안전부는 이재명 정부 출범 1년을 맞아 지난 한 해 동안 거둔 핵심 정책 성과를 5일 발표했다. 행안부는 작년 13조5천억원 규모가 투입된 민생회복 소비쿠폰을 '민생경제 회복과 균형성장' 분야 주요 성과로 꼽혔다. 이를 통해 계엄 사태로 위축된 지역 경기가 회복됐다고 평가했다. 소비자심리지수는 계엄 당시인 2024년 12월 88.4에 그쳤으나, 소비쿠폰 지급을 거치면서 2025년 7월 110.8, 같은 해 11월에는 8년 만의 최고치인 112.4로 뛰어올랐다. 소비쿠폰 지급에 따라 소상공인 매출도 늘어 전체 소비쿠폰 지급액의 43.3%가 소상공인 순매출 증대로 연결된 것으로 분석됐다. 올해는 6조1천억원 규모의 고유가 피해지원금을 지급해 중동 전쟁 여파로 인한 경기 위축에 선제 대응하고 있다고 행안부는 설명했다. 지방정부가 발행하는 지역사랑상품권은 올해부터 국비 지원이 의무화됐다. 지난 정부에서 0원까지 삭감됐던 국비 지원 규모가 2025년 1조원, 올해는 1조1천500억원까지 크게 확대돼 지역경제 버팀목 역할을 하게 될 것으로 예상됐다. 수도권 일극 체제 극복을 위해 내달 1일 역대 최초의 통합 광역 지방정부인 '전남광주통합특별시'가 출범한다. 또 서울에서 먼 지역일수록 더 두텁게 지원하기 위한 기준인 '지방우대지수'를 마련해 각종 정부 정책과 사업에 적용할 예정이다. 지역공동체 회복을 위한 '사회연대경제기본법' 도입, 주민자치회 실질 운영근거를 담은 개정 '지방자치법'이 시행될 경우 전국 읍·면·동 단위까지로 주민자치회가 본격 활성화될 것으로 행안부는 내다봤다. '국가 정상화와 일 잘하는 공직사회 구현' 분야에서는 경찰국 폐지와 검찰청 폐지 및 중대범죄수사청·공소청 설치를 위한 법률 개정 등이 성과로 제시됐다. 이를 통해 78년 만에 수사와 기소를 완전히 분리하는 검찰 개혁의 틀을 마련하는 등 국가 시스템 정상화를 추진했다고 행안부는 소개했다. 공직문화 혁신을 위한 '간부모시는 날' 관행 타파, 특별성과포상금 제도 신설 등은 일 잘하는 공직사회 구현 성과로 꼽혔다. 국민 생명과 안전 분야에서는 국민안전권을 법률로 명문화한 '생명안전기본법' 제정, 이태원 참사 등 대형 참사 유가족과 한자리에서 만난 '기억과 위로, 치유의 대회' 등이 지난 1년간 결실 중 하나로 평가됐다. 행안부는 지난 겨울 대설로 인한 인명피해 제로(0), 전년 대비 폭염사망자 감소(14.7%↓), 대규모 행사 시 인파사고 제로, 올해 봄철 대형산불 제로 등으로 '사람을 살리는 정부'의 면모를 이어왔다고 강조했다. 윤호중 행안부 장관은 ""지난 1년은 무너진 민생을 회복하고 지역에 활력을 불어넣으며, 국민의 생명과 안전을 지키기 위해 쉼 없이 달려온 시간이었다""며 ""행정안전부는 정부 출범 2년 차를 맞아 국민 삶에 플러스가 되는 더 큰 변화를 보다 속도감 있게 만들어 나가겠다""고 밝혔다. eddie@yna.co.kr 제보는 카카오톡 okjebo<저작권자(c) 연합뉴스,무단 전재-재배포, AI 학습 및 활용 금지>2026/06/05 15:00 송고2026년06월05일 15시00분 송고",mock
민생지원금 / 소비쿠폰 / 추경,정부 지원금 사업 성과 및 카드사 역할,민생지원금;소상공인_지원;고유가_피해지원;취약계층_지원;카드사_역할,https://www.mt.co.kr/finance/2026/06/05/2026060509070067539,"NH농협카드, 고유가 피해지원금 신청 315만명 돌파 - 머니투데이",mt.co.kr,민생경제_회복,긍정적,NH농협카드,이 기사는 NH농협카드가 정부 주도 민생지원금 사업에서 높은 신청률을 기록하며 취약계층과 소상공인 지원에 기여하고 있음을 긍정적으로 보도한다.,"전국적 영업망 덕에 접근성 높아 NH농협카드가 정부 주도의 민생 안정 대책에서 성과를 내고 있다. NH농협카드는 지난달 28일 기준 '고유가 피해지원금' 신용·체크카드 신청 건수가 315만건을 돌파했다고 5일 밝혔다. 1차 신청 기간 24만건에 이어 이번 2차 신청에서도 291만건을 접수했다. NH농협카드는 정부 주도 지원금 사업인 '소상공인 부담경감 크레딧', '소상공인 경영안정 바우처' 2년 연속 점유율 1위에 이어 '민생회복 소비쿠폰', '고유가 피해지원금'에서도 지속적인 성과를 냈다. 오는 7월3일까지 진행되는 이번 고유가 피해지원금 사업은 소득 하위 70% 국민을 대상으로 진행된다. NH농협카드 고객은 모바일 플랫폼인 'NH pay' 앱을 이용하거나 전국 각지의 농·축협 및 NH농협은행 영업점을 방문해 간편하게 신청할 수 있다. 수준 높은 온오프라인 접근성을 갖춘 농협카드만의 전국적 영업망이 이번에도 대중적인 신청을 끌어내는 데 주효했던 것으로 분석된다. NH농협카드 관계자는 ""매번 정부 주도의 대규모 지원 사업에서 늘 앞장설 수 있었던 것은 전국 어디서나 편리하게 이용할 수 있는 금융 인프라와 고객들의 깊은 신뢰 덕분""이라며 ""앞으로도 고물가·고금리로 어려움을 겪는 취약계층과 소상공인에게 실질적인 도움이 되는 상생 금융 서비스를 지속적으로 확대해 나가겠다""고 말했다.",ok
민생지원금 / 소비쿠폰 / 추경,민생지원금 / 소비쿠폰 / 추경 관련 세부 쟁점,민생지원금 / 소비쿠폰 / 추경;ziksir.com;정책,https://www.ziksir.com/news/articleView.html?idxno=135898,"NH농협카드, 고유가 피해지원금 신청 315만건 넘어",ziksir.com,갈등_구도,중립적,정부,"'NH농협카드, 고유가 피해지원금 신청 315만건 넘어' 기사에서 ziksir.com가 어떤 주체와 강조점을 전면에 두는지 기준으로 생성한 mock 태깅 결과입니다.","[직썰 / 이연주 기자] NH농협카드를 통한 고유가 피해지원금 신청 건수가 315만건을 넘어섰다. NH농협카드는 지난달 28일 기준 고유가 피해지원금 신용·체크카드 신청 건수가 315만건을 돌파했다고 5일 밝혔다. 신청 기간별로는 1차 신청 기간에 24만건, 2차 신청 기간에 291만건이 접수됐다. 신용·체크카드 외에도 선불카드가 전국 97개 지방자치단체에서 발급되고 있다. 고유가 피해지원금 사업은 소득 하위 70% 국민을 대상으로 오는 7월 3일까지 운영된다. NH농협카드는 최근 정부 지원사업에서 높은 이용 실적을 이어가고 있다. ‘소상공인 부담경감 크레딧’과 ‘소상공인 경영안정 바우처’ 사업에서 2년 연속 점유율 1위를 기록한 데 이어 ‘민생회복 소비쿠폰’과 고유가 피해지원금 사업에서도 신청 수요가 집중되고 있다는 설명이다. 회사 측은 온·오프라인을 아우르는 신청 채널이 이용자 확대에 기여한 것으로 보고 있다. 고객은 모바일 애플리케이션 ‘NH pay’를 통해 비대면으로 신청할 수 있으며 전국 농·축협과 NH농협은행 영업점에서도 접수가 가능하다. 전국 단위 영업망을 활용해 디지털 취약계층의 접근성을 높인 점도 신청 증가 요인으로 꼽힌다. NH농협카드 관계자는 “전국 어디서나 이용 가능한 금융 인프라와 고객 신뢰를 바탕으로 정부 지원사업에 적극 참여해 왔다”며 “앞으로도 고물가와 고금리로 어려움을 겪는 취약계층과 소상공인을 위한 상생금융 서비스를 확대해 나가겠다”고 말했다.",mock
민생지원금 / 소비쿠폰 / 추경,정부 민생지원금 정책 성과 발표,민생지원금;소비쿠폰;지역경제;정책성과;고유가 지원,https://view.asiae.co.kr/article/2026060511315254689,"행안부 ""13.5조 소비쿠폰, 6조 고유가 지원금…지역 경기 개선""",view.asiae.co.kr,민생경제_회복,긍정적,행정안전부,"이 기사는 행정안전부가 정부 출범 1주년 핵심 정책 성과를 발표하며, 민생회복 소비쿠폰과 고유가 지원금 등이 지역 경제 회복에 긍정적인 영향을 미쳤다고 강조하는 내용을 담고 있습니다.","정부 출범 1주년…핵심 정책성과 발표 지역사랑상품권, 올해 국비 지원 의무화 하천·계곡 불법시설 7만2658건 적발해 지난해 행정안전부는 13조5000억원 규모의 민생회복 소비쿠폰을 지원해 지역경기 버팀목을 마련했다. '간부 모시는 날' 관행을 타파하고 최대 3000만원의 특별성과포상금 제도도 신설했다. 행안부는 5일 정부 출범 1주년을 맞아 한 해 동안 추진한 핵심 정책성과를 발표했다. 윤호중 행정안전부 장관이 23일 서울 종로구 정부서울청사에서 열린 '2026 중앙지방정책협의회' 전체회의에 참석해 발언하고 있다. 2026.3.23 조용준 기자 먼저 지난해에는 13조5000억원 규모의 민생회복 소비쿠폰을 지원해 지역경기 회복을 뒷받침했다. 올해는 6조1000억원 규모의 고유가 피해지원금을 지급해 중동 전쟁 여파로 인한 경기 위축에 대응하고 있다. 지방정부가 발행하는 지역사랑상품권은 올해부터 국비 지원을 의무화했다. 지난해 1조원, 올해 1조1500억원으로 확대하면서 지역경제를 안정적으로 뒷받침했다. 다음달에는 역대 최초의 통합 광역 지방정부인 전남광주통합특별시가 출범한다. 서울에서 먼 지역일수록 두텁게 지원하는 기준인 '지방우대지수'를 마련해 정책과 사업에 적용할 예정이다. 사회연대제도를 제도화하기 위한 '사회연대경제기본법'은 국회 본회의 의결을 앞두고 있다. 주민자치회의 설치·운영·지원 근거를 담은 개정 지방자치법이 오는 10월 시행되면 전국 읍·면·동 단위까지로 주민자치회가 본격화된다. 아울러 행안부는 지난해 8월 경찰국을 폐지했고, 검찰청 폐지 및 중대범죄수사청·공소청 설치를 위한 법률 제개정을 통해 78년 만에 수사와 기소를 분리했다. 행안부는 ""지난 1년 동안 그간 견제받지 않았던 권력을 정상화하고, 국민 일상 속 불법과 불합리한 관행을 근절해 공정한 사회질서 확립에 힘써왔다""고 밝혔다. 지난 4월 기준 하천·계곡 불법시설 7만2658건을 적발해 정비를 이어가는 한편 혐오 표현 현수막 정비에 나서 일상 공간을 보호했다. 공직문화 혁신도 병행해 '간부 모시는 날' 관행을 타파하고 최대 3000만원의 특별성과포상금 제도를 신설해 공직사회의 업무성과 중심 체계를 마련했다. 지난 3월에는 '인공지능(AI) 국민비서'를 개통해 모바일과 대화로 행정서비스를 쉽고 빠르게 이용할 수 있도록 AI 전환에도 박차를 가했다. 올해 봄철 산불조심기간 동안에는 범정부 합동 산불상황관리 체계를 유지해 인명피해 제로(0)를 달성했다. 꼭 봐야 할 주요 뉴스 [단독] ""이래서 삼성, 삼성하는구나""…포인트 대신...윤호중 행안부 장관은 ""지난 1년은 무너진 민생을 회복하고 지역에 활력을 불어넣으며 국민의 생명과 안전을 지키기 위해 쉼 없이 달려온 시간이었다""면서 ""정부 출범 2년 차를 맞아 국민 삶에 플러스가 되는 더 큰 변화를 속도감 있게 만들어 나가겠다""고 밝혔다. <ⓒ투자가를 위한 경제콘텐츠 플랫폼, 아시아경제(www.asiae.co.kr) 무단전재 배포금지>",ok
민생지원금 / 소비쿠폰 / 추경,민생지원금 / 소비쿠폰 / 추경 관련 세부 쟁점,민생지원금 / 소비쿠폰 / 추경;newspim.com;정책,https://www.newspim.com/news/view/20260605000385,"13.5조 소비쿠폰·전남광주 통합 균형발전 등…행안부, 국민주권정부 1년 성과 발표",newspim.com,갈등_구도,중립적,정부,"'13.5조 소비쿠폰·전남광주 통합 균형발전 등…행안부, 국민주권정부 1년 성과 발표' 기사에서 newspim.com가 어떤 주체와 강조점을 전면에 두는지 기준으로 생성한 mock 태깅 결과입니다.","AI 핵심 요약 beta- 행정안전부가 5일 정부 1년 민생·안전 성과를 발표했다 - 민생회복쿠폰·지원금·지역상품권 확대와 전남광주통합특별시 등 균형발전 정책을 추진했다 - 경찰국 폐지·AI국민비서 개통·생명안전기본법 제정 등으로 공직사회 혁신과 국민 안전 강화를 도모했다 !AI가 자동 생성한 요약으로 정확하지 않을 수 있어요. [서울=뉴스핌] 김지나 기자 = 행정안전부가 국민주권정부 출범 1주년을 맞아 민생경제 회복과 국가 시스템 정상화, 국민 안전 강화 등 주요 정책 성과를 발표했다. 행정안전부는 5일 지난 1년간 추진한 핵심 정책 성과를 공개하며 ▲민생경제 회복과 균형성장 ▲국가 정상화와 일 잘하는 공직사회 구현 ▲생명존중사회 조성과 재난 피해 최소화 등 3대 분야에서 성과를 거뒀다고 밝혔다. 우선 민생경제 회복을 위해 지난해 13조5000억원 규모의 민생회복소비쿠폰을 지원하고, 올해는 6조1000억원 규모의 고유가 피해지원금을 지급했다. 행안부에 따르면 소비자심리지수는 지난해 12월 88.4에서 올해 11월 112.4로 상승했으며, 소비쿠폰 지급액 가운데 5조8600억원이 소상공인 매출 증가로 이어졌다. 지역경제 활성화를 위해 지역사랑상품권 국비 지원도 의무화했다. 이에 따라 국비 지원 규모는 지난해 1조원, 올해 1조1500억원으로 확대됐다. 균형발전 분야에서는 오는 7월 역대 최초의 통합 광역지방정부인 전남광주통합특별시 출범을 앞두고 있으며, 비수도권 지원 강화를 위한 '지방우대지수'를 마련해 각종 정부 정책에 적용할 계획이다. 국가 시스템 정상화도 주요 성과로 제시됐다. 행안부는 지난해 8월 경찰국을 폐지해 경찰의 정치적 중립성을 강화했고, 중대범죄수사청과 공소청 설치를 위한 법률 제·개정을 통해 수사와 기소 분리 체계를 마련했다고 설명했다. 또 하천·계곡 불법시설물 7만2658건을 적발해 정비를 추진하고, 혐오 표현 현수막 정비와 부적절한 정부 서훈 21점 취소 등을 통해 사회적 비정상 관행 개선에 나섰다고 밝혔다. 공직사회 혁신을 위해서는 최대 3000만원 규모의 특별성과포상금을 신설하고, '간부 모시는 날' 관행을 폐지했다. 지난 3월에는 인공지능(AI) 기반 행정서비스인 'AI국민비서'도 개통했다. 국민 안전 분야에서는 세월호 참사 이후 12년 만에 국민 안전권을 법률로 명문화한 '생명안전기본법'을 지난 5월 제정했다. 재난 대응 성과도 강조했다. 지난해 겨울 대설로 인한 인명 피해는 0명을 기록했고, 폭염 사망자는 전년 대비 14.7% 감소했다. 연말연시 행사와 대규모 공연 등 인파 밀집 행사에서도 인명 사고 없이 안전관리를 마쳤다. 산불 대응 체계도 개편해 산림청·소방청과의 협력을 강화했으며, 올해 봄철 대형 산불로 인한 인명 피해 역시 발생하지 않았다고 행안부는 설명했다. 윤호중 행정안전부 장관은 ""지난 1년은 무너진 민생을 회복하고 지역에 활력을 불어넣으며, 국민의 생명과 안전을 지키기 위해 쉼 없이 달려온 시간이었다""며 ""지난 1년 성과를 바탕으로, 행정안전부는 정부 출범 2년차를 맞아 국민 삶에 플러스가 되는 더 큰 변화를 보다 속도감 있게 만들어 나가겠다""고 말했다. abc123@newspim.com",mock
민생지원금 / 소비쿠폰 / 추경,정부 민생지원금의 경제 활성화 효과,민생회복 쿠폰;고유가피해지원금;소비심리;소상공인 매출;경제 활성화,https://www.seoul.co.kr/news/society/2026/06/05/20260605500184?wlog_tag3=naver,"행안부, 국민주권정부 1년…‘ 민생 ·균형성장·일 잘하는 공직’ 이끌었...",seoul.co.kr,민생경제_회복,긍정적,정부/행안부,이 기사는 행정안전부의 민생지원금 및 고유가피해지원금 정책이 소비 심리 회복과 소상공인 매출 증대에 긍정적으로 기여했음을 강조한다.,행안부는 지난해 13조 5000억원 규모 민생회복 쿠폰 을 지원하고 올해 6조 1000억원 규모 고유가피해지원금을 지급했다. 이를 통해 위축된 소비 심리를 끌어올려 소상공인 매출 증가 등에 기여했다. 지방자치단체가 발행하는...,partial
민생지원금 / 소비쿠폰 / 추경,민생지원금 / 소비쿠폰 / 추경 관련 세부 쟁점,민생지원금 / 소비쿠폰 / 추경;newsis.com;정책,https://www.newsis.com/view/NISX20260605_0003657472,"울주군, 1차 추경 '1046억' 편성…올해 예산은 1조2917억",newsis.com,갈등_구도,중립적,정부,"'울주군, 1차 추경 '1046억' 편성…올해 예산은 1조2917억' 기사에서 newsis.com가 어떤 주체와 강조점을 전면에 두는지 기준으로 생성한 mock 태깅 결과입니다.","울주군, 1차 추경 '1046억' 편성…올해 예산은 1조2917억 군민 민생안정·복지증대와 안전분야 강화 [울산=뉴시스]유재형 기자 = 울산 울주군은 올해 제1회 추가경정예산(추경)으로 총 1046억원을 편성해 의회에 제출했다고 5일 밝혔다. 올해 예산은 1조2917억원(8.81％↑)으로 늘었다. 일반회계는 943억원 늘어난 1조2281억원, 특별회계는 103억원 증가한 636억원이다. 군은 군민 민생 안정·복지 증대와 안전 분야 강화에 초점을 두고 기반시설 확충과 농축산 분야 등 다양한 현안에 골고루 예산을 편성했다. 분야별 사업을 보면 '고유가 대응 민생 안정·복지 증대'에 385억원을 배정했다. 주요 사업은 ▲고유가 피해지원금 272억원 ▲쓰레기종량제 규격봉투 제작 3억원 ▲곤포사일리지 비닐 한시지원 1억원 ▲노인·사회복지시설 유류비 지원 1억원 ▲경로당 냉·난방비 추가 지원 5000만원 등이다. 군민 복지를 위해 ▲경로당 신축 및 개보수 9억원 ▲서부장애인복지관 본관 리모델링 8억원 ▲보훈단체 및 국가유공자지원 5억원 ▲출산장려금 지원 4억원 ▲육아종합지원센터 남부센터 건립 4억원 ▲의료·요양·돌봄 통합지원 사업 3억원 ▲결식아동 급식지원 1억6000만원 등이 포함됐다. 군은 '재난예방 안전분야 강화'를 위해 91억원을 편성했다. 주요 사업은 ▲언양 반천 자연재해 위험개선지구 정비 15억원 ▲청량 삼정지구 보수보강공사 3억원 ▲복안천 지방하천 수해복구공사·정비 7억원 ▲중리지구 지방하천 정비 4억3000만원 ▲하천 및 소하천 정비 26억원 ▲공공하수도 시설 설치 20억원 ▲우리동네 맑은공기 패키지사업 14억원 ▲배수장·배수문·급경사지 관리 1억원 등이다. '도로·교통 등 도시 인프라 확충'에는 215억원이 편성됐다. 주요 사업은 ▲도시재생 뉴딜사업(온산 새롭게 태어나는 덕신) 27억원 ▲대운산 경관광장 조성사업 8억원 ▲운수업계 유가보조금 지원 60억원 ▲천상지구 공영주차장 조성사업 일반회계 36억원, 특별회계 74억원 ▲도로관리 및 마을안길 정비 23억원 ▲온산 강양~우봉간 도로확장공사 10억원 ▲범서 농어촌도로 304호(욱욱선) 확포장공사 4억원 ▲어린이·노인 보호구역 개선사업 5억원 등이다. 군은 농업·축산·산림 분야에 82억원을 배정했다. 주요 사업은 ▲농업기반시설 확충 28억원 ▲산림재해복구 5억원 ▲회야강 하구 준설 4억원 ▲친환경 학교급식 식품비 지원 4억원 ▲도시 가로경관 조성 3억5000만원 ▲조사료 생산용 사일리지 제조 지원 3억2000만원 ▲재선충 방제 재해대책비 2억5000만원 ▲가축질병 예방 2억5000만원 등이다. 그 외 주요 사업으로는 ▲울주병원 설립 55억원 ▲울주문화원사 건립 17억원 ▲삼남읍 행정복지센터 주차장 조성 7억원 ▲생활체육시설 유지관리 13억원 등이다. ◎공감언론 뉴시스 [email protected] Copyright © NEWSIS.COM, 무단 전재 및 재배포 금지",mock
민생지원금 / 소비쿠폰 / 추경,울주군 추경예산 편성 및 민생지원,민생지원금;추경;지방재정;복지증대;지역경제활성화,https://www.nocutnews.co.kr/news/6528731?utm_source=naver&utm_medium=article&utm_campaign=20260605042656,"울주군, 올해 첫 추경예산 1조 2917억 원 편성",nocutnews.co.kr,민생경제_회복,중립적,지방정부,"이 기사는 울주군의 추가경정예산 편성 내용을 상세히 설명하며, 민생 안정과 복지 증대에 초점을 맞춘 지방정부의 정책을 중립적으로 전달하고 있습니다.","울산 울주군은 2026년도 제1회 추가경정예산안 1조 2917억 원을 편성해 의회에 제출했다고 5일 밝혔다. 일반회계는 943억 원 늘어난 1조 2281억 원이며, 특별회계는 103억 원 증가한 636억 원이다. 세입예산은 일반회계 기준 지방세 149억 원, 세외수입 36억 원, 지방교부세 156억 원, 조정교부금 204억 원, 고유가 피해지원금 272억 원을 포함한 국·시비보조금 389억 원을 증액 반영했다. 울주군은 군민 민생 안정·복지 증대 및 안전분야 강화에 초점을 맞추고, 기반시설 확충과 농축산분야 등 각종 현안에 소홀함이 없도록 이번 추경안을 편성했다. 분야별 사업을 보면 '고유가 대응 민생 안정·복지 증대'에 385억 원을 배정했다. 고유가 대응을 위한 주요 사업은 고유가 피해지원금 272억 원, 쓰레기종량제 규격봉투 제작 3억 원, 곤포사일리지 비닐 한시지원 1억 원 등이다. 복지 예산으로는 경로당 신축 및 개보수 9억 원, 서부장애인복지관 본관 리모델링 8억 원, 보훈단체 및 국가유공자지원 5억 원, 출산장려금 지원 4억 원 등이 포함됐다. 재난 예방 안전 분야에는 91억 원을 편성했다. 도로·교통 등 도시 인프라 분야에는 215억 원을 편성했다. 주요 사업은 도시재생 뉴딜사업 27억원, 대운산 경관광장 조성사업 8억원, 운수업계 유가보조금 지원 60억원, 천상지구 공영주차장 조성사업 일반회계 36억원·특별회계 74억원, 도로관리 및 마을안길 정비 23억원 등이다. 농업·축산·산림 분야에는 82억원을 배정해 농업기반시설 확충 28억원, 산림재해복구 5억원, 회야강 하구 준설 4억원 등을 추진한다. 이순걸 울주군수는 ""이번 추경예산안은 민선 8기 마지막 예산 편성인 만큼 임기 동안 최우선이었던 민생 복지를 중심으로 한 분야에 치우치지 않고 모든 분야에 골고루 재원이 활용되도록 편성했다""며 ""울주군의회와 긴밀히 협조해 추경예산안을 신속하게 처리하겠다""고 말했다.",ok
민생지원금 / 소비쿠폰 / 추경,민생지원금 / 소비쿠폰 / 추경 관련 세부 쟁점,민생지원금 / 소비쿠폰 / 추경;view.asiae.co.kr;정책,https://view.asiae.co.kr/article/2026060509182148384,"울주군, 1조 2917억원 추경… 민생·안전·미래 인프라에 힘 싣는다",view.asiae.co.kr,갈등_구도,중립적,정부,"'울주군, 1조 2917억원 추경… 민생·안전·미래 인프라에 힘 싣는다' 기사에서 view.asiae.co.kr가 어떤 주체와 강조점을 전면에 두는지 기준으로 생성한 mock 태깅 결과입니다.","민생부터 안전까지 촘촘하게 1046억원 늘린 추경안 제출 울산 울주군이 고유가와 경기 침체로 어려움을 겪는 군민들의 생활 안정을 지원하고 재난 예방과 지역 인프라 확충에 속도를 내기 위해 1조2917억원 규모의 추가경정예산안을 편성했다. 울주군은 2026년도 제1회 추가경정예산안을 군의회에 제출했다. 이번 추경안은 당초예산 1조1871억원보다 1046억원(8.81%) 증가한 규모다. 일반회계는 943억원 늘어난 1조2281억원, 특별회계는 103억원 증가한 636억원으로 편성됐다. 이번 추경은 민생 안정과 복지 확대, 재난 대응 역량 강화, 도시 기반시설 확충 등 군민 생활과 직결되는 분야에 중점이 맞춰졌다. 가장 큰 비중은 고유가 대응과 복지 분야에 배정됐다. 울주군은 총 385억원을 편성해 군민들의 경제적 부담 완화에 나선다. 특히 고유가 피해지원금 272억원을 비롯해 쓰레기 종량제 봉투 제작, 경로당 냉·난방비 지원, 사회복지시설 유류비 지원 등을 반영했다. 복지 분야에서는 경로당 신축 및 개보수 사업 9억원, 서부장애인복지관 본관 리모델링 8억원, 국가유공자 지원 5억원, 출산장려금 지원 4억원, 육아종합지원센터 남부센터 건립 4억원 등이 포함됐다. 고령화와 저출생 문제에 대응하기 위한 의료·돌봄 사업도 예산에 담겼다. 기후위기와 집중호우 등 자연재난에 대비한 안전 분야 투자도 확대됐다. 총 91억원이 편성된 가운데 언양 반천 자연재해위험개선지구 정비사업 15억원, 복안천 수해복구와 정비사업 7억원, 하천·소하천 정비사업 26억원, 공공하수도 설치사업 20억원 등이 반영됐다. 도시 인프라 확충을 위한 예산도 눈에 띈다. 총 215억원 규모로 도시재생 뉴딜사업, 천상지구 공영주차장 조성, 도로 확장과 농어촌도로 정비, 어린이·노인 보호구역 개선사업 등이 추진된다. 특히 운수업계 유가보조금 지원에 60억원을 편성해 교통 분야 지원도 강화했다. 농업·축산·산림 분야에는 82억원이 배정됐다. 농업기반시설 확충과 산림재해 복구, 재선충 방제, 가축질병 예방, 친환경 학교급식 지원 등 농촌 경쟁력 강화와 안정적인 영농 환경 조성에 초점이 맞춰졌다. 이 밖에도 울주병원 설립 사업에 55억원, 울주문화원사 건립에 17억원, 삼남읍 행정복지센터 주차장 조성에 7억원, 생활체육시설 유지관리 사업에 13억원을 편성하며 지역 숙원사업 추진에도 힘을 실었다. 꼭 봐야 할 주요 뉴스 한 번 찍어 맛보더니 ""이걸 한국인만 먹었어?""…세...울주군은 이번 추경이 민선 8기 마지막 예산 편성인 만큼 특정 분야에 치우치지 않고 군민 생활 전반을 아우르는 균형 있는 재원 배분에 중점을 뒀다고 설명했다. 이순걸 군수는 ""민선 8기 동안 최우선 가치로 삼아온 민생 복지를 중심으로 안전과 지역 발전을 위한 주요 사업들이 차질 없이 추진될 수 있도록 예산을 편성했다""며 ""군의회와 긴밀히 협력해 추경예산안이 신속히 처리될 수 있도록 노력하겠다""고 말했다. <ⓒ투자가를 위한 경제콘텐츠 플랫폼, 아시아경제(www.asiae.co.kr) 무단전재 배포금지>",failed
민생지원금 / 소비쿠폰 / 추경,민생지원금 / 소비쿠폰 / 추경 관련 세부 쟁점,민생지원금 / 소비쿠폰 / 추경;yna.co.kr;정책,https://www.yna.co.kr/view/AKR20260602102900054?input=1195m,"광주시, 고유가·물가 대응 추경 3천814억 편성 | 연합뉴스",yna.co.kr,갈등_구도,중립적,정부,"'광주시, 고유가·물가 대응 추경 3천814억 편성 | 연합뉴스' 기사에서 yna.co.kr가 어떤 주체와 강조점을 전면에 두는지 기준으로 생성한 mock 태깅 결과입니다.","통합 준비·재난대응·SOC 예산도 반영 (광주=연합뉴스) 장덕종 기자 = 광주시는 2일 올해 제1회 추가경정예산안으로 총 3천814억원을 편성해 광주시의회에 제출했다. 이번 추경 편성으로 광주시 총예산 규모는 본예산 7조6천809억원보다 5％ 늘어난 8조623억원으로 확대됐다. 시는 중동전쟁 장기화에 따른 고유가·고물가 등 복합 경제위기에 대응하고 시민 부담을 완화하는 데 중점을 두고 예산을 편성했다. 정부 추경에 대응해 고유가 피해지원금(2천79억원), 의료급여 비용 지급(132억원), 대중교통비 환급(45억원), 사회연대경제 청년일경험 지원(15억원), 가족돌봄·은둔청년 지원(4억8천만원), 발달장애인 지원(5억원) 등을 반영했다. 전기자동차 민간보급(22억원), 화물자동차 유가보조금(85억원), 시내버스 준공영제 재정지원(144억원) 등 현안 수요를 추가 반영했다. 오는 7월 1일 전남광주통합특별시 출범에 대비한 준비 예산도 포함됐다. 정보시스템 통합 12억3천만원, 주민등록증 재발급 6억원 등을 반영해 행정 수요에 적기 대응할 방침이다. 자연재난에 대한 선제 대응과 피해 복구 지원을 위해 폭염대책 17억원, 중대재해예방 사각지대 해소 6억원, 지방하천 재해복구 17억원, 국가하천 유지관리 15억원 등도 포함했다. 전국체육대회 경기장 정비(50억원), 도시철도 2호선 건설(100억원), 군공항 이전사업 기본용역 수행(30억원) 등 주요 현안 사업 예산도 반영했다. 이덕 광주시 예산담당관은 ""중동발 경제위기에 대응한 정부 추경에 발맞춘 민생지원 추경""이라며 ""시민의 삶을 조속히 안정시키고 지역경제 회복의 마중물이 될 수 있도록 재정 지원에 최선을 다하겠다""고 말했다. cbebop@yna.co.kr 제보는 카카오톡 okjebo <저작권자(c) 연합뉴스, 무단 전재-재배포, AI 학습 및 활용 금지> 2026/06/02 13:59 송고 2026년06월02일 13시59분 송고",failed
민생지원금 / 소비쿠폰 / 추경,민생지원금 / 소비쿠폰 / 추경 관련 세부 쟁점,민생지원금 / 소비쿠폰 / 추경;ksilbo.co.kr;정책,https://www.ksilbo.co.kr/news/articleView.html?idxno=1058669,"울산 울주군, 올해 제1회 추경예산안 1조2917억원 편성",ksilbo.co.kr,갈등_구도,중립적,정부,"'울산 울주군, 올해 제1회 추경예산안 1조2917억원 편성' 기사에서 ksilbo.co.kr가 어떤 주체와 강조점을 전면에 두는지 기준으로 생성한 mock 태깅 결과입니다.","울산 울주군이 민생 안정과 복지, 재난 대응, 지역 인프라 확충에 중점을 둔 2026년도 제1회 추가경정예산안을 편성해 군의회에 제출했다. 울주군은 5일 총 1조2917억원 규모의 제1회 추경예산안을 편성했다고 밝혔다. 이는 당초예산 1조1871억원보다 1046억원(8.81%) 늘어난 규모다. 회계별로는 일반회계가 943억원 증가한 1조2281억원, 특별회계는 103억원 늘어난 636억원이다. 세입예산은 일반회계 기준으로 지방세 149억원, 세외수입 36억원, 지방교부세 156억원, 조정교부금 204억원, 고유가 피해지원금 272억원을 포함한 국·시비보조금 389억원 등을 증액 반영했다. 군은 이번 추경을 통해 민생 안정과 복지 증진, 재난 예방 및 안전 강화, 도시 인프라 확충, 농축산업 지원 등 주요 현안 사업에 재원을 집중 투입할 계획이다. 먼저 고유가 대응과 복지 분야에는 총 385억원을 편성했다. 주요 사업은 고유가 피해지원금 272억원을 비롯해 쓰레기종량제 봉투 제작 3억원, 곤포사일리지 비닐 한시 지원 1억원, 노인·사회복지시설 유류비 지원 1억원, 경로당 냉·난방비 추가 지원 5000만원 등이다. 복지사업으로는 경로당 신축 및 개보수 9억원, 서부장애인복지관 본관 리모델링 8억원, 보훈단체 및 국가유공자 지원 5억원, 출산장려금 지원 4억원, 육아종합지원센터 남부센터 건립 4억원, 의료·요양·돌봄 통합지원 사업 3억원, 결식아동 급식 지원 1억6000만원 등이 반영됐다. 재난 예방과 안전 분야에는 91억원이 투입된다. 언양 반천 자연재해위험개선지구 정비사업 15억원, 복안천 지방하천 수해복구 및 정비 7억원, 중리지구 지방하천 정비 4억3000만원, 하천·소하천 정비 26억원, 공공하수도 시설 설치 20억원, 우리동네 맑은공기 패키지 사업 14억원 등이 포함됐다. 도로·교통 등 도시 인프라 확충에는 215억원을 편성했다. 온산 덕신 도시재생 뉴딜사업 27억원, 대운산 경관광장 조성사업 8억원, 운수업계 유가보조금 60억원, 천상지구 공영주차장 조성사업 110억원(일반회계 36억원·특별회계 74억원), 도로관리 및 마을안길 정비 23억원, 온산 강양~우봉 간 도로확장공사 10억원 등이 반영됐다. 농업·축산·산림 분야에는 82억원을 배정했다. 농업기반시설 확충 28억원, 산림재해 복구 5억원, 회야강 하구 준설 4억원, 친환경 학교급식 식품비 지원 4억원, 조사료 생산용 사일리지 제조 지원 3억2000만원, 소나무재선충병 방제 재해대책비 2억5000만원, 가축질병 예방 2억5000만원 등을 편성했다. 이 밖에도 울주병원 설립 55억원, 울주문화원사 건립 17억원, 삼남읍 행정복지센터 주차장 조성 7억원, 생활체육시설 유지관리 13억원 등이 주요 사업에 포함됐다. 이순걸 울주군수는 “민선 8기 마지막 예산 편성인 만큼 민생 복지를 중심에 두면서도 특정 분야에 치우치지 않고 지역 전반에 재원이 균형 있게 투입되도록 편성했다”며 “군의회와 긴밀히 협력해 추경예산안이 신속히 처리될 수 있도록 하겠다”고 말했다. 김은정기자 k2129173@ksilbo.co.kr",failed
민생지원금 / 소비쿠폰 / 추경,민생지원금 / 소비쿠폰 / 추경 관련 세부 쟁점,민생지원금 / 소비쿠폰 / 추경;kukinews.com;정책,https://www.kukinews.com/article/view/kuk202606010119,"플랫폼 규제는 조율, 소비는 반등…유통업계 변화는 [이재명 정부 1년]",kukinews.com,갈등_구도,중립적,정부,"'플랫폼 규제는 조율, 소비는 반등…유통업계 변화는 [이재명 정부 1년]' 기사에서 kukinews.com가 어떤 주체와 강조점을 전면에 두는지 기준으로 생성한 mock 태깅 결과입니다.","3일 국회의안정보시스템에 따르면 이재명 정부 출범 1년을 맞이한 가운데 핵심 플랫폼 규제 공약으로 꼽혔던 온플법은 여전히 국회 문턱을 넘지 못한 상태다. 현 정부 들어 플랫폼 시장의 불공정 거래를 막고 입점업체를 보호하겠다는 취지에는 공감대가 형성됐다. 지난해 티메프 사태 이후로 입점업체의 피해가 확산되고 플랫폼의 덩치가 커지면서 자영업자‧소비자 보호에 대한 사회적 인식이 커지면서다. 지난해 말 쿠팡의 개인정보 유출사태 이후로 거대 플랫폼에 대한 규제 필요성에 대한 목소리는 더욱 커졌다. 이재명 정부는 출범 초기부터 플랫폼 시장의 불공정 거래 개선과 입점업체 보호를 주요 정책 과제로 내세웠다. 이에 따라 대형 플랫폼 사업자에 대한 정산대금 지연, 끼워팔기, 최혜대우 요구 등을 제한하는 온플법 추진이 본격화됐다. 그러나 법안 논의가 진행될수록 미국 정부와 의회, 싱크탱크 등을 중심으로 “미국 빅테크를 겨냥한 디지털 비관세 장벽”이라는 문제 제기가 이어지면서 통상 이슈가 새로운 변수로 떠올랐다. 미국은 온플법이 한미 통상 갈등으로 확산될 수 있다고 경고했다. 국내에서도 반도체·자동차·인공지능(AI) 협력 등 다른 산업 분야까지 영향을 줄 수 있다는 우려가 나왔다. 이에 정부 역시 미국 측 반발을 고려해 온플법을 독점규제법과 거래공정화법으로 나눠 추진하는 방안을 검토하는 등 속도 조절에 나선 상황이다. 시장지배력 남용 행위는 공정거래법(독점규제법) 개정을 통해 다루고, 입점업체 보호와 계약 투명성 강화 등 거래질서 관련 내용은 별도 거래공정화법 형태로 추진하는 방식이다. 업계에서는 온플법의 입법 불확실성이 길어지면서 시장 혼란이 커지고 있다는 지적이 나온다. 플랫폼 기업 입장에서도 향후 규제 방향을 예측하기 어려운 상황에서 사업 전략 수립에 부담을 느끼고 있다는 설명이다. 일각에서는 기존 공정거래법 체계로도 규율 가능한 사안을 별도 입법으로 중복 규제하려 한다는 비판도 제기됐다. 시장은 규제 논의와 별개로 플랫폼 중심 재편이 더욱 가속화됐다. 쿠팡과 네이버 등 대형 플랫폼의 영향력이 확대되고 중국계 이커머스까지 국내 시장 공략을 강화하면서 규제 논의보다 시장 변화 속도가 더 빠르다는 분석이다. 이 가운데 오프라인 유통업계는 온라인 전환 흐름 속에서 실적 악화와 구조조정 압박에 직면했다. 실제 홈플러스는 회생절차와 매각 작업을 진행 중이며 업계 전반의 경쟁력 약화 우려도 커지고 있다. 이종우 남서울대학교 유통마케팅학과 교수는 “유럽 역시 플랫폼 규제 과정에서 시행착오를 겪고 있다. 플랫폼 규제는 쉽지 않은 과제”라며 “온플법 등 플랫폼 규제 방안을 정부가 지속적으로 논의하고 있다는 점 자체에 의미가 있다”고 말했다. 이어 “그동안 플랫폼의 시장 영향력 확대와 판매자 보호 문제 등이 꾸준히 제기돼 왔는데, 이를 공론화하고 의견을 수렴하는 과정이 진행되고 있다”며 “플랫폼 기업 상당수가 글로벌 기업인 데다 카테고리도 다분화 되어 있으며, 산업 경쟁력 저해 우려도 있어 규제 접근이 쉽지 않은 상황”이라고 설명했다. 또 “현 정부는 당장의 규제 도입 자체보다 다양한 이해관계자들과 논의를 이어가며 방향을 모색하는 단계”라고 평가했다. 소비쿠폰 효과에 백화점 반등까지…살아난 내수, 짙어진 양극화 정부가 지난해 경기 부양과 내수 진작을 위해 시행한 민생회복소비쿠폰은 편의점과 동네 상권 등 생활밀착형 유통채널의 매출 증가에 영향을 미쳤다. 사용처가 지역 상권과 소상공인 중심으로 제한되면서 침체됐던 지역 중심 소비 심리 회복에도 일정 부분 기여했다는 분석이다. 실제 편의점 업계는 소비쿠폰 지급 이후 객수와 생필품‧식품 중심 매출이 증가하는 효과를 체감했다. 업계에서는 소비쿠폰이 단순한 일회성 지원을 넘어 소비 심리 개선의 마중물 역할을 했다고 보고 있다. 소비 회복 흐름은 지난해 말부터 백화점 업계에서도 나타나기 시작했다. 고금리와 경기 둔화 영향으로 주춤했던 백화점 매출은 프리미엄 카테고리와 패션 등을 중심으로 반등세를 보이고 있다. 산업통상부의 주요 유통 업체 매출 동향에 따르면 지난 4월 백화점 매출은 21.7% 증가하며 주요 업태 가운데 가장 높은 성장세를 기록했다. 지난해부터 이어진 외국인 관광객 증가와 체험형 소비 공간 강화 전략까지 맞물리면서 백화점 매출이 크게 늘고 있다. 다만 소비 회복이 모든 카테고리에서 동일하게 나타나고 있는 것은 아니다. 업계에서는 최근 초저가 상품과 프리미엄 상품의 판매가 동시에 증가하는 ‘소비 양극화’ 현상이 더욱 뚜렷해지고 있다고 분석한다. 대표적으로 다이소가 연매출 4조원을 돌파하며 주요 채널로 자리잡았고, 대형마트‧편의점의 PB(자체브랜드) 상품군도 가성비를 중시하는 소비자들의 선택을 받으며 성장했다. 전문가들은 향후에도 소비 양극화 현상이 지속될 가능성이 높다고 보고 있다. 고물가 부담이 여전한 상황에서 소비자들이 꼭 필요한 품목에서는 가격을 중시하는 반면 자신이 중요하게 생각하는 분야에는 과감하게 지출하는 소비 성향을 보이고 있기 때문이다. 이 교수는 “소비시장에서는 정부가 물가 안정과 소비심리 회복에 일정 부분 성과를 거뒀다는 점에 의미가 있다”며 “지난해 지원금 정책 등을 계기로 소비자심리지수가 개선되는 모습을 보이고 있다""고 말했다. 이어 ""코로나19 이후 이어진 저성장 국면에서 위축된 소비를 회복시키고 내수를 활성화하기 위한 정책적...",failed
민생지원금 / 소비쿠폰 / 추경,민생지원금 / 소비쿠폰 / 추경 관련 세부 쟁점,민생지원금 / 소비쿠폰 / 추경;news1.kr;정책,https://www.news1.kr/industry/sb-founded/6182911,고유가·내수 침체에도 선방…동행축제 5441억 원 판매고,news1.kr,갈등_구도,중립적,정부,'고유가·내수 침체에도 선방…동행축제 5441억 원 판매고' 기사에서 news1.kr가 어떤 주체와 강조점을 전면에 두는지 기준으로 생성한 mock 태깅 결과입니다.,"역대 최대 규모인 중소기업·소상공인 3만6000곳 참여온누리상품권 판매액 5118억 원…하반기 '코리아 그랜드 페스티벌'로지난해 8월 30일 제주 ICC에서 열린 9월 동행축제 개막식의 모습. (중소벤처기업부 제공)지난해 세종시 세종중앙공원에서 열린 5월 동행축제 개막 행사. ⓒ 뉴스1 이민주 기자지난해 세종시 세종중앙공원에서 열린 5월 동행축제 개막 행사. ⓒ 뉴스1 이민주 기자관련 키워드중기부중소벤처기업부동행축제4월동행축제티메프사태소상공인윤슬빈 관광전문기자 당구 팬 따라 지역경제도 웃는다…하이원, PBA로 체류 관광 키운다""전화 못해 맛집 포기?""…외국인 식당 예약 장벽 허문다관련 기사상반기 동행축제·하반기 코그페 '투트랙'…중기부, 내수 회복 드라이브한성숙 ""수출·벤처·창업 성과""…中企 전주기 성장 체계 구축(종합)중기부, 수출·벤처·창업 성과…中企 전주기 성장 체계 구축""창업부터 상생까지""…한성숙표 '모두의' 실험 속도전이병권 중기부 2차관, 동행축제 현장 행보…""대·중소 상생 확대""",mock
민생지원금 / 소비쿠폰 / 추경,민생지원금 / 소비쿠폰 / 추경 관련 세부 쟁점,민생지원금 / 소비쿠폰 / 추경;joongang.co.kr;정책,https://www.joongang.co.kr/article/25426427,소비쿠폰 13조 덕 늘어난 소상공인 매출 6조...회수에 26년 걸려 | 중앙일보,joongang.co.kr,갈등_구도,중립적,정부,'소비쿠폰 13조 덕 늘어난 소상공인 매출 6조...회수에 26년 걸려 | 중앙일보' 기사에서 joongang.co.kr가 어떤 주체와 강조점을 전면에 두는지 기준으로 생성한 mock 태깅 결과입니다.,"지난해 하반기 지급한 민생회복 소비쿠폰 100만원당 약 43만원이 애초 계획에 없던 추가 소비로 이어지면서, 그만큼 소상공인 매출도 늘었다는 연구 결과가 나왔다. 소비 쿠폰에 13조 5200억원의 정부 재정을 투입한 결과 최소 5조8600억원의 순소비 유발효과가 나타났다는 것이다. 7일 조세재정연구원은 서울 마포구 중소기업DMC타워에서 ‘민생회복 소비쿠폰, 데이터로 검증하다’ 세미나를 열어 이같은 내용을 발표했다. 발제를 맡은 장우현 조세연 국가회계재정통계센터 소장은 “민생회복 소비쿠폰 지급 이후 연매출 30억원 이하 가맹점에서 나타난 순소비 진작 효과는 0.4333으로 해외 유사사례(0.2~0.33)에 비해 높았다”며 “정부가 세금을 걷어 100만원을 돌려줬을 때 43만3000원 정도의 실질적인 소상공인 매출 증가가 나타났다는 의미”라고 말했다. 정부가 소득 재분배 목적으로 현금을 지급하는 ‘이전지출’은 이론적으로 승수효과가 0에 가깝다. 승수효과란 정부지출이 1원 늘어날 때 국내총생산(GDP)이 얼마 늘어나는지를 나타내는 개념이다. 그간 정부가 현금을 살포하면 미래에 낼 세금이 늘어난다는 인식 때문에 소비 대신 저축을 늘리거나, 저소득층의 복지 의존성을 높이는 부작용이 클 수 있다는 지적이 제기돼 왔다. 하지만 연구진은 이번 소비쿠폰이 이전지출 정책의 한계를 넘어섰다고 분석했다. ▶단순한 현금 지원이 아니라 쿠폰(지역화폐) 형태인 데다 ▶사용처와 기한 제약이 있고 ▶한계소비성향이 높은 저소득층에게 더 많은 지원금을 주는 하후상박 구조였기 때문에 소비 진작 효과가 컸다는 것이다. 연구 결과 소비쿠폰의 34.7%가 실제 소비로 전환됐는데, 취약계층 비중이 높은 지역에서는 해당 비율이 72.6%로 2배 이상 높아졌다. 지역별로도 차이가 있었다. 상대적으로 취약계층이나 소상공인이 많은 지역일수록 매출증대율도 높았다. 전국 252개 시군구 중 소상공인 매출이 가장 많이 증가한 곳은 대구 달성군(4.3%)이었다. 서울 지역에선 도봉구(3.6%)ㆍ은평구(3.59%)ㆍ노원구(3.55%) 순이었다. 업종별로 보면 매출 증가분의 절반이 생활밀착형 업종이었다. 기타상품전문소매업이 13.1%로 1위였고, 이어 음식점업(11.3%), 종합소매업(8.7%), 무점포소매업(8.5%) 순이었다. 연구진은 “음식점ㆍ소매ㆍ의료ㆍ생활서비스 등 대면 소비ㆍ필수재 업종이 소비효과를 주도했다”며 “소상공인과 지역경제에 귀착되는 이전지출ㆍ소비전환효과가 확인됐다”고 짚었다. 소비쿠폰에 투입된 13조원의 세수가 다시 국고에 재축적되기까지는 약 25년 10개월이 필요한 것으로 분석됐다. 소비쿠폰 덕에 경기가 회복되고, 이를 통해 세수가 잘 걷힌다는 전제에 따른 것이다. 약 26년은 사회간접자본(SOC) 사업의 내구연한과 유사한 수준이다. 하지만 SOC는 내구연한 종료 후 재투자가 필요한 반면, 소비쿠폰은 추가비용이 발생하지 않는 ‘재정 자동회복’이라는 점에서 차이가 있고 그만큼 재정적 타당성을 지닌다는 게 연구진의 설명이다. 이번 연구는 행정안전부 용역으로 지난해 11월부터 올해 4월까지 진행됐다. 연구진은 국내 주요 6개 카드사인 신한ㆍ삼성ㆍ현대ㆍKB국민ㆍBCㆍ하나카드의 가맹점 결제 데이터를 활용해 지난해 전체 신용카드 결제액의 74.23%, 전체 소비쿠폰 사용액의 33.68% 수준에 해당하는 표본을 구축했다. 농어촌ㆍ지방 활용도가 높은 농협카드나 지역사랑상품권, 지류ㆍ선불카드 등이 포함되지 않은 점은 한계로 꼽힌다. 앞서 정부는 내수 진작을 목적으로 지난해 7월 전 국민에게 1인당 15만∼45만원의 민생회복 소비쿠폰을 1차로 지급하고, 이후 소득 상위 10%를 제외한 국민에게 10만원을 추가 지급했다. 장 소장은 “민생회복 소비쿠폰에서 가장 중요한 지표는 차등의 정도”라며 “향후 정책에서는 단순한 지급 여부보다 대상ㆍ금액ㆍ사용처ㆍ기한의 조합을 어떻게 설계하느냐가 핵심이 되어야 한다”고 제언했다.",mock
민생지원금 / 소비쿠폰 / 추경,민생지원금 / 소비쿠폰 / 추경 관련 세부 쟁점,민생지원금 / 소비쿠폰 / 추경;joseilbo.com;정책,http://www.joseilbo.com/news/news_read.php?uid=568108&class=32&grp=,"이 대통령 ""적극 재정 통해 내수 활성화해야…긴축재정론 함정 빠져선 안 돼"" - 조세일보",joseilbo.com,갈등_구도,중립적,정부,"'이 대통령 ""적극 재정 통해 내수 활성화해야…긴축재정론 함정 빠져선 안 돼"" - 조세일보' 기사에서 joseilbo.com가 어떤 주체와 강조점을 전면에 두는지 기준으로 생성한 mock 태깅 결과입니다.","긴축 강요 주장…""국가 채무 명분으로 민생 고통 수수방관하라는 무책임한 목소리"" 이재명 대통령은 적극 재정을 통한 투자로 경제가 순환하도록 하는게 정부 역할이라고 강조하면서 국민의 눈을 속이는 포퓰리즘적인 긴축재정론의 함정에 빠져서는 안 된다고 밝혔다.이 대통령은 12일 청와대에서 진행한 '국무회의 겸 비상경제점검회의'의 모두발언을 통해 이같이 말하면서 ""재정의 적극적이고 전략적 운영이 민생 경제에 실질적 동력을 제공할 수 있다는 연구 결과가 확인됐다""고 설명했다. 그러면서 ""지난해에 지급된 민생 회복 소비 쿠폰이 지역 소상공인 매출을 소비 쿠폰 100만 원 당 추가로 43만 원가량 늘리는 효과를 거뒀다고 확인됐다""고 덧붙였다. 100만 원의 재정 투입을 통해서 총 143만원의 경제적 효과를 거뒀다는 설명이다. 이어 1차적 효과가 그런 것이라며, 다시 2차, 3차 효과도 있을 것이라며 재정의 긍정적인 효과를 강조했다. 이 대통령은 다른 여러 분석에서도 즉시에 이뤄진 과감한 재정 투입이 내수를 진작하고 경제 전반에 활력을 불어넣는다는 점이 일관되게 입증되고 있다고 밝히면서 이런 객관적 사실에도 불구하고 마치 돌림노래처럼 긴축을 강요하는 목소리가 사회 일각에 존재한다고 지적했다. 이어 ""국가 채무를 명분으로 들고는 있는데 사실상 민생 고통을 수수방관하라는 무책임한 목소리""라고 반박했다. 또 과거 절약이 미덕일 때가 있었다며 안 쓰고, 아끼고, 저축하고, 허리띠 졸라매던 때가 있었지만, 지금은 소비가 미덕인 시대라고 주장했다. 결국 돈이 안 돌아서 문제라며 이럴 때 투자를 통해서 경제가 순환하도록 하는 게 정부의 역할이라고 말했다. 그러면서 우리나라의 실질적인 국가 채무에 대해서도 다른 어느 나라보다 우량하다는 분석과 함께 ""위기 시대에는 아끼는 것도 중요하지만, 오히려 국가의 역량을 키우는 데 투자를 할 필요하가 있다""고 강조했다. 이 대통령은 ""적극적 재정을 통해서 내수를 활성화하고 경제 성장률과 GDP 자체를 높이면 분모가 커져서 국가 부채 비율은 오히려 떨어진다""며 ""이 과정을 통해서 잠재 성장률과 생산성이 제고되면 세입 기반도 확대되고 또 부채 비율은 장기적으로 낮아져서 경제의 성장판이 더욱 두터워지는 선순환 구조를 실현할 수 있다""고 설명했다. 특히 국민의 눈을 속이는 포퓰리즘적인 긴축재정론의 함정에 빠져서는 안 된다며 지금은 투자를 통해 잠재력을 키울 수 있는 시기라는 점을 강조했다. 이 대통령은 위기 시기이기 때문에 지금 투자하면 나중에 더 큰 보상으로 돌아온다는 게 기본적 원리 아니겠냐며 정부는 적극 재정 정책을 통해 국민 경제 대도약의 발판을 닦는 데 역량을 집중해야 하고, 이런 기조를 바탕으로 하반기 경제 성장 전략 수립과 내년도 예산 편성에 임해달라고 당부했다.",mock
민생지원금 / 소비쿠폰 / 추경,민생지원금 / 소비쿠폰 / 추경 관련 세부 쟁점,민생지원금 / 소비쿠폰 / 추경;wikitree.co.kr;정책,https://www.wikitree.co.kr/articles/1137111,"“나는 왜 안 줘?” 고유가 지원금 2차 신청 시작, 과거 소비 쿠폰과 비교된다",wikitree.co.kr,갈등_구도,중립적,정부,"'“나는 왜 안 줘?” 고유가 지원금 2차 신청 시작, 과거 소비 쿠폰과 비교된다' 기사에서 wikitree.co.kr가 어떤 주체와 강조점을 전면에 두는지 기준으로 생성한 mock 태깅 결과입니다.","“나는 왜 안 줘?” 고유가 지원금 2차 신청 시작, 과거 소비 쿠폰과 비교된다 작성일 소비쿠폰은 받았는데, 지원금은 제외된 이유 정부가 지급했던 ‘민생회복 소비쿠폰’의 선정 기준과 지급 방식이 다시 주목받고 있다. 18일 고유가 지원금 2차 신청이 시작되면서 돈을 받은 사람과 받지 못한 사람이 나뉘고 있다. 이에 각종 지원 정책 대상 기준이 달라지면서 “소비쿠폰 때는 받았는데 이번에는 제외됐다”는 반응이 잇따르자, 당시 소비쿠폰이 어떤 방식으로 지급됐는지에 대한 관심도 커지고 있다. 과거 지급됐던 민생회복 소비쿠폰은 고물가·고금리·고환율 등 이른바 ‘3고(高) 위기’로 위축된 소비를 살리고 서민 생활 안정을 지원하기 위해 추진된 정책이다. 정부는 당시 소비 진작과 내수 회복을 목표로 전국민을 대상으로 단계별 지급 방식을 도입했다. 민생회복 소비쿠폰은 1차와 2차로 나눠 지급됐다. 1차 지급은 사실상 전국민을 대상으로 이뤄졌고, 2차 지급은 소득 하위 90%를 기준으로 지원 대상이 정해졌다. 정부는 건강보험료를 기준으로 대상자를 선정했다. 당시 기준은 현재 논란이 되는 다른 지원 정책들보다 상대적으로 완화돼 있었다는 평가가 나온다. 외벌이 가구 기준 직장가입자 1인 가구는 건강보험료 본인부담금이 월 22만원 이하일 경우 지급 대상에 포함됐다. 2인 가구는 33만원 이하가 기준이었다. 지역가입자의 경우에는 1인 가구 월 22만원 이하, 2인 가구 월 31만원 이하 수준이 적용됐다. 건강보험료는 소득뿐 아니라 재산·자동차 보유 현황 등도 일부 반영되지만, 일반적으로는 소득 수준을 판단하는 대표적인 행정 기준으로 활용된다. 당시 기준을 단순 환산하면 직장가입자 1인 가구 기준으로 세전 연봉 약 7300만원 수준까지도 소비쿠폰 지급 대상에 포함될 수 있었던 것으로 분석된다. 이에 따라 실제 현장에서는 상당수 중산층 직장인들도 소비쿠폰을 수령했던 것으로 알려졌다. 정부는 소비쿠폰 지급 당시에도 단순 소득 기준 외에 고액 자산가 제외 조건을 함께 적용했다. 구체적으로는 ‘가구원 합산 재산세 과세표준 합계액이 12억원을 초과하거나 금융소득 합계액이 2000만원을 초과하는 경우’ 지급 대상에서 제외하는 방식이었다. 재산세 과세표준 12억원은 1주택자 기준 공시가격 약 26억~27억원 수준에 해당하는 것으로 알려졌다. 시세 기준으로는 지역에 따라 30억~40억원대 고가 주택 수준으로 평가된다. 금융소득 2000만원 기준 역시 상당한 자산 규모를 전제로 한다. 예금 금리를 연 2% 수준으로 가정하면 예금 약 10억원 규모에서 발생 가능한 이자 수익 수준이다. 배당수익률 2% 기준으로도 투자자산 약 10억원 규모가 있어야 가능한 수치다. 정부는 당시 소비쿠폰 정책에 대해 “코로나19 이후 위축된 소비 회복과 서민경제 활성화를 동시에 고려한 정책”이라고 설명했다. 실제 소비쿠폰은 전통시장과 동네 상권, 중소 자영업자 매장 중심으로 사용처가 제한되면서 지역 상권 매출 확대 효과를 노렸다는 분석도 나왔다. 특히 당시에는 “지원 범위를 최대한 넓혀 소비를 빠르게 회복시키는 것이 중요하다”는 판단 아래 전국민 또는 전국민에 가까운 범위로 지급 대상을 설정했다는 평가가 많았다. 이에 따라 일부에서는 “사실상 보편 복지에 가까운 정책이었다”는 해석도 나왔다. 반면 건강보험료 기준을 둘러싼 형평성 논란은 당시에도 존재했다. 소득은 높지 않지만 부동산이나 금융자산 규모가 큰 경우, 반대로 실제 생활은 빠듯하지만 건보료가 높게 책정된 직장인의 경우 등 현실을 완벽하게 반영하기 어렵다는 지적이었다. 다만 정부는 건강보험료 기준이 가장 현실적이고 신속한 행정 기준이라는 입장을 유지해왔다. 행정안전부는 “건강보험료는 전 국민이 가입돼 있고 별도의 시스템 구축 없이도 빠르게 지급 대상을 선별할 수 있다는 장점이 있다”고 설명한 바 있다. 또 맞벌이 가구와 1인 가구 특성을 반영해 별도 기준을 마련했고, 고액 자산가 제외 기준까지 함께 적용해 형평성을 보완하려 했다고 밝혔다. 정책 시행 이후 온라인 커뮤니티와 자영업자 커뮤니티 등에서는 “당시 소비쿠폰 덕분에 실제 생활비 부담을 줄였다”, “동네 상권 소비가 늘어 체감 효과가 있었다”는 반응도 적지 않았다. 반면 일부에서는 “건보료 기준만으로 중산층을 구분하기 어렵다”, “직장인만 상대적으로 불리하다”는 지적도 이어졌다. 민생회복 소비쿠폰은 단순 현금 지원을 넘어 소비 진작과 경기 부양, 민생 안정이라는 복합적 목적 아래 추진된 대표적인 지원 정책 사례로 평가받고 있다.",mock
민생지원금 / 소비쿠폰 / 추경,동행축제를 통한 소비 활성화 및 소상공인 매출 증대,동행축제;소비 활성화;소상공인 지원;매출 증대,https://biz.chosun.com/industry/business-venture/2026/05/31/5KBG2VONAVANFEJB5NMA3WYVKI/?utm_source=naver&utm_medium=original&utm_campaign=biz,4월 동행축제 매출 5441억…하반기 대규모 소비 축제 예고,biz.chosun.com,소상공인_지원,긍정적,정부,이 기사는 동행축제의 성공적인 매출 실적과 향후 소비 활성화 및 소상공인 지원 계획을 긍정적인 시각으로 다루고 있다.,동행축제 대표 상품으로 선정된 ‘동행 300’ 제품도 온라인 직접 판매 지원과 할인 쿠폰 제공 등 다양한... 이를 통해 소비 활성화와 중소기업· 소상공인 의 매출 확대를 지속적으로 지원한다는 방침이다. 한성숙 중기부...,partial
민생지원금 / 소비쿠폰 / 추경,은행-공공배달앱 협력 통한 소상공인 수수료 면제 및 소비자 할인,소상공인_지원;소비자_편의;플랫폼_입장;상생_협력;민생경제_회복,https://www.catchnews.kr/news/articleView.html?idxno=124615,"“수수료 제로에 소비자 1만3천원 할인”… 하나은행·먹깨비, ‘착한 금융’ 맞손",catchnews.kr,상생_강조,긍정적,하나은행 및 공공배달앱,이 기사는 하나은행과 공공배달앱의 협력을 통해 소상공인의 수수료 부담을 줄이고 소비자에게 할인 혜택을 제공하여 상생을 도모하는 긍정적인 내용을 다루고 있다.,"가맹점 사장님 금융지원 넘어 앱 이용자까지 상생 혜택… 8월31일까지 프로모션 정산계좌 등록 시 주문수수료 6개월 ‘0원’… 계좌개설시 최대 1만3000원 쿠폰 고물가와 배달 플랫폼의 고율 수수료 부담으로 자영업자들의 시름이 깊어지는 가운데, 하나은행이 공공 배달 플랫폼 '먹깨비'와 손잡고 소상공인의 고정비를 제로(0)화하는 동시에 소비자 혜택을 강화한다. 하나은행은 오는 8월 31일까지 공공배달앱 활성화를 목적으로 먹깨비와 함께 개인 손님 대상 할인 쿠폰을 제공하는 공동 이벤트를 실시한다. 이번 프로모션은 양사가 지난 2월 체결한 업무협약(MOU)과 3월 제휴계약에 따른 후속 조치다. 기존 가맹점 사장님 중심의 융자 지원을 넘어 실제 앱을 이용하는 소비자 단계까지 상생 혜택의 외연을 넓힌 것이다. 하나은행 관계자는 4일 “이번 프로모션은 소상공인의 배달 수수료 부담을 덜어주는 착한 플랫폼 먹깨비와의 파트너십을 개인 손님 영역까지 확장해 상생의 시너지를 끌어올렸다는 데 초점을 맞췄다”며 “앞으로도 지역사회 자영업자 및 소상공인들과 유기적으로 동반 성장할 수 있는 포용금융 가치와 ESG를 지속해서 강화하겠다”고 말했다. 이번 공동 프로모션은 모바일 금융 앱 ‘하나원큐’와 ‘먹깨비’ 플랫폼의 유기적 연동 API를 통해 두 가지 형태로 전개된다. 우선 오는 8월 31일까지 먹깨비 앱을 통해 하나은행 입출금 계좌를 신규 개설하는 손님 전원에게 현금처럼 쓸 수 있는 3000원 할인 쿠폰이 즉시 지급된다. 특히 하나은행과의 거래가 처음인 신규 고객에게는 5000원권 할인 쿠폰 2매가 추가로 제공되어, 고객은 단순 계좌 개설만으로도 최대 1만3000원의 할인 혜택을 누릴 수 있다. 아울러 하나원큐 앱 안에서 오는 25일부터 8월 31일까지 응모한 손님들을 대상으로 다채로운 모바일 쿠폰 리워드를 제공할 예정이다. 하나은행은 그동안 먹깨비 가맹점주를 포함한 골목상권 자영업자들을 위해 지역신용보증재단과 연계한 특별 금융 지원 및 여신을 제공했다. 최근에는 소상공인 특화 자금 공급 상품인 ‘하나더소호 가맹점대출’의 지원 대상을 확대해 먹깨비 입점 점주들을 위한 상생 자금줄 역할을 했다. 공공 플랫폼인 먹깨비는 가맹점주가 배달 정산계좌를 하나은행 계좌로 지정 등록할 경우, 향후 6개월 동안 발생하는 주문중개수수료를 ‘전액 면제(0%)’해 주는 인센티브를 제공하며 자영업자들의 고정비 절감에 앞장서고 있다.",ok
민생지원금 / 소비쿠폰 / 추경,민생지원금 / 소비쿠폰 / 추경 관련 세부 쟁점,민생지원금 / 소비쿠폰 / 추경;joongdo.co.kr;정책,https://www.joongdo.co.kr/web/view.php?key=20260604010001263,"민선 9기 앞두고 대전 소상공인 ""위축된 소비심리 부양 정책 마련을""",joongdo.co.kr,갈등_구도,중립적,정부,"'민선 9기 앞두고 대전 소상공인 ""위축된 소비심리 부양 정책 마련을""' 기사에서 joongdo.co.kr가 어떤 주체와 강조점을 전면에 두는지 기준으로 생성한 mock 태깅 결과입니다.","4일 대전 소상공인 등에 따르면 코로나 19 이후 주저앉은 소비심리로 위축된 경기 상황이 현재까지 이어지고 있다. 최근엔 중동 사태로 인한 고물가·고금리까지 겹치면서 지갑을 열지 않는 경기 빙하기를 맞고 있다는 게 지역 소상공인의 공통적인 의견이다. 일선 소상공인들은 저녁 모임과 직장 회식 문화가 소비가 줄어든 가장 큰 원인으로 꼽는다. 대전 서구에서 호프집을 운영하는 김 모(49) 씨는 ""회식에서 2차로 오는 손님들이 많은데, 코로나 19를 지나면서 2차는 카페를 가는 일이 많아지다 보니 매출은 자연스럽게 떨어져 현재까지 이어지고 있는 것 같다""며 ""지방선거가 끝나며 소비심리를 바꿀 수 있는 묘수가 필요한 시점""이라고 강조했다. 현재보다 많은 지역 축제를 만들어 소비로 이어질 수 있는 문화를 만들어야 한다는 목소리도 나온다. 중구에서 고깃집을 운영 중인 최 모(66) 씨는 ""원도심을 활성화를 위해선 지역색을 살린 축제를 확대하는 것이게 중요하다""며 ""새 시장이 취임하면 지금보다 다양한 축제를 기획해 관광객과 시민들의 방문을 늘리고, 자연스레 소비로 이어지는 선순환 구조를 만들 수 있도록 해줬으면 하는 바람""이라고 말했다. 허태정 대전시장 당선인이 공약으로 내건 온통대전 2.0에 대한 기대감도 크다. 허 당선인은 후보 시절부터 온통대전 2.0부활과 대전형 고유가 피해 지원금 지급, 소상공인 안전망 구축 등 민생 경제 공약을 1번으로 내세운 바 있다. 백반집을 운영하는 김 모(61) 씨는 ""지역 화폐가 축소되고 나서 아무래도 매출에 일정 부분 영향이 있었다""며 ""골목상권에도 돈이 도는 경제가 되도록 공약 등을 지켜주길 바란다""고 했다. 지역 소상공인의 목소리를 대변하는 소상공인연합회 대전시지회의 지원도 필요하다는 의견도 나온다. 안부용 소상공인연합회 대전지회장은 ""대전지회는 지난해 말 타 시·도보다 뒤늦게 시작되다 보니 다른 지회와는 달리 인건비나 임대료 등의 지원이 되지 않고 있다""며 ""보조금 지원을 통해 지역 소상공인이 하나로 뭉쳐 정책적 지원 등의 목소리를 낼 수 있도록 했으면 한다""고 말했다. 방원기 기자 중도일보(www.joongdo.co.kr), 무단전재 및 수집, 재배포 금지",mock
민생지원금 / 소비쿠폰 / 추경,광주시 추경 편성 및 민생회복 지원,추경;민생지원;고유가;지역경제;재난대응,https://www.newscj.com/news/articleView.html?idxno=3406218,"광주시, 3814억원 추경 편성… 민생회복·고유가 대응 집중",newscj.com,민생경제_회복,긍정적,광주시,이 기사는 광주시가 고유가와 고물가에 대응하여 시민 생활 안정과 지역경제 회복을 위한 추가경정예산을 편성한 내용을 긍정적으로 설명하고 있다.,"고유가 피해지원금 2079억원 반영 대중교통·복지 지원 예산 확대 통합특별시 출범 기반도 마련 [천지일보 광주=이미애 기자] 광주시가 중동전쟁 장기화에 따른 고유가·고물가 여파에 대응하고 민생 안정을 지원하기 위해 3814억원 규모의 추가경정예산안을 편성했다. 광주시는 2026년도 제1회 추가경정예산안 3814억원을 편성해 지난 2일 광주광역시의회에 제출했다고 밝혔다. 이번 추경안이 확정되면 광주시 총예산 규모는 본예산 7조 6809억원에서 8조 623억원으로 늘어난다. 이는 본예산 대비 5.0% 증가한 규모다. 광주시는 이번 추경을 통해 정부의 중동발 경제위기 대응 정책과 연계해 시민 생활 안정과 지역경제 회복, 재난 대응, 통합특별시 출범 준비 등에 재정을 집중 투입할 계획이다. 가장 큰 비중은 민생회복 지원 분야에 배정됐다. 주요 사업으로는 고유가 피해지원금 2079억원을 비롯해 의료급여 비용 132억원, 대중교통비 환급 45억원, 사회연대경제 청년 일경험 지원 15억원, 가족돌봄 및 은둔청년 지원 4억 8000만원, 발달장애인 지원 5억원 등이 포함됐다. 정부 추경에 반영되지 않은 지역 현안 사업도 별도로 편성했다. 전기자동차 민간보급 사업에 22억원, 화물자동차 유가보조금 지원에 85억원, 시내버스 준공영제 재정지원에 144억원을 투입해 고유가에 따른 시민 부담 완화와 교통 서비스 안정화를 추진한다. 오는 7월 1일 출범 예정인 전남광주 통합특별시 준비를 위한 예산도 담겼다. 광주시는 통합특별시 대표 누리집 구축과 청사 간 방송중계 시스템 마련을 위한 정보시스템 통합 사업에 12억 3000만원을 편성했다. 또 행정구역 명칭 변경에 따른 시민 불편을 최소화하기 위해 주민등록증 재발급 예산 6억원도 반영했다. 여름철 자연재난 대응 예산도 확대했다. 지난해 호우 피해 복구와 재난 예방을 위한 재난대책 예산 126억원을 비롯해 폭염대책 17억원, 중대재해 예방 사각지대 해소 6억원, 지방하천 재해복구 17억원, 국가하천 유지관리 15억원 등을 편성해 재난 대응 역량 강화에 나선다. 지역 주요 현안 사업 추진을 위한 예산도 포함됐다. 전국체육대회 경기장 정비 50억원, 도시철도 2호선 건설 100억원, 군공항 이전사업 기본용역 30억원 등을 반영해 도시 기반시설 확충과 광주·전남 공동 현안 추진에 속도를 낼 계획이다. 이덕 예산담당관은 “이번 추경은 중동발 경제위기에 대응하고 시민 생활 안정을 지원하기 위한 민생 중심 추경”이라며 “지역경제 회복과 시민 부담 완화를 위해 재정 지원을 차질 없이 추진하겠다”고 말했다.",ok
민생지원금 / 소비쿠폰 / 추경,지방선거 후보의 생활안정지원금 공약,생활안정지원금;지방선거;김덕수;소상공인_지원;민생경제,https://www.news1.kr/local/gwangju-jeonnam/6183141,"김덕수 혁신당 나주시장 후보 ""생활안정지원금 50만원 지급""",news1.kr,민생경제_회복,중립적,김덕수 조국혁신당 나주시장 후보,이 기사는 지방선거 후보가 생활안정지원금 지급과 소상공인 전기요금 지원을 공약하며 민생경제 회복을 강조하는 내용을 중립적으로 보도하고 있다.,"""소상공인 매출 확대"" 전기요금 연간 12만원 지원도 제시조국 조국혁신당 대표가 25일 전남 나주시 빛가람동 호수공원을 찾아 6·3 지방선거에 출마할 김덕수 조국혁신당 나주시장 후보와 화이팅을 하고 있다. ⓒ 뉴스1 이승현 기자관련 키워드조국혁신당김덕수나주서충섭 기자 김대중 교육감 당선인, 최교진 장관에 '통합 재정 지원' 요청이정선 광주교육감 ""김대중 당선인 축하…K-교육특별시 완성을""관련 기사조국 지선 올인했다면?…전남 단체장 2곳 건졌지만 호남 곳곳 석패[6·3지선] 윤병태 민주당 나주시장 후보 당선 확실…73.89% 득표""제가 더 드릴게요"" 지선 후보 현금성 공약 봇물…유권자 현혹?[오늘의 주요일정] 정치·정부 (2일, 화)무소속·혁신당 약진에 한병도 이틀째 호남행…""1곳도 못내줘""(종합)",ok
민생지원금 / 소비쿠폰 / 추경,민생지원금 / 소비쿠폰 / 추경 관련 세부 쟁점,민생지원금 / 소비쿠폰 / 추경;mk.co.kr;정책,https://www.mk.co.kr/article/12062321,민생지원금 부정평가 68% - 매일경제,mk.co.kr,갈등_구도,중립적,정부,'민생지원금 부정평가 68% - 매일경제' 기사에서 mk.co.kr가 어떤 주체와 강조점을 전면에 두는지 기준으로 생성한 mock 태깅 결과입니다.,"Key Points - 이재명 정부의 확장적 재정 정책에 대해 경제 전문가 10명 중 4명(41%)이 부정적으로 평가하며, 재정 건전성 악화와 정책 지속 가능성에 대한 우려를 표하고 있어요. 😟 - 민생회복 지원 대책 역시 전체 응답자의 68.4%가 부정적으로 평가하며, 재정 투입 효과에 대한 회의적인 시각이 지배적이에요. 📉 - 경제 전문가들은 정부 재정 여력이 생겼을 때 현금성 지원보다는 국가채무 상환이나 AI·반도체 등 미래 성장 동력 확보를 위한 R&D 투자에 우선순위를 두어야 한다고 강조하고 있어요. 💡 - 법인세 인상 등 증세 기조에 대해서도 부정적인 평가가 54.7%로 우세하며, 재정 운용 방식에 대한 전반적인 점검이 필요하다는 목소리가 높아요. ⚖️ 1. 사건 개요: 무슨 일이 있었나? 최근 이재명 정부의 확장적 재정정책에 대해 경제 전문가들 사이에서 부정적인 평가가 높은 것으로 나타났어요. 📊 경제학자 10명 중 4명은 이러한 재정 운용 방식에 대해 우려를 표명했는데요, 이는 부동산 규제와 친노동 정책에 이어 재정 운용 자체에 대한 경계심이 크다는 것을 보여주고 있어요. 📈 특히, 전체 응답자의 57.3%가 재정 지출 확대 기조에 대해 부정적으로 평가했으며, 민생회복 지원대책에 대해서도 68.4%가 긍정적이지 않은 반응을 보였답니다. 📉 이는 재정을 투입한 부양책의 효과에 대한 부정적인 인식이 널리 퍼져 있음을 시사해요. 또한, 법인세 인상 등 증세 기조에 대해서도 부정적인 의견이 54.7%로 우세하게 나타났어요. 💰 경제 전문가들은 정부의 재정 여력이 생길 경우, 현금성 지원보다는 국가 채무를 상환하고, 인공지능(AI)이나 반도체와 같은 미래 성장 동력 확보를 위한 연구개발(R&D) 투자를 우선해야 한다고 강조하고 있어요. 💡 이는 단기적인 경기 부양보다는 장기적인 국가 경쟁력 강화와 재정 건전성 확보에 초점을 맞춰야 한다는 의견을 반영한 것으로 보여요. 🚀 2. 심층 분석: 이 뉴스는 왜 나왔나? 이재명 정부의 확장적 재정정책에 대해 경제 전문가들의 부정적인 평가가 높게 나타나고 있다는 점은 주목할 만해요. 🤔 이번 기사는 이러한 평가가 어디서 비롯되었는지, 그리고 그 이면에 어떤 맥락이 숨어 있는지를 파헤쳐봅니다. 단순히 '돈을 푼다'는 사실을 넘어, 왜 많은 전문가들이 '부정적'이라는 꼬리표를 붙이는지, 그 배경과 원인을 면밀히 살펴보는 것이 중요해요. 🧐 기사에 따르면, 이재명 정부의 확장적 재정정책에 대해 경제학자 10명 중 4명 가량이 부정적인 의견을 보였어요. 특히 민생지원금과 같은 현금성 지원책에 대해서는 68% 이상이 부정적으로 평가하고 있다는 점은 이러한 우려를 단적으로 보여줍니다. 📉 이는 단기적인 경기 부양 효과는 인정하더라도, 그보다 더 큰 문제로 '국가채무 부담 증가'와 '재정 건전성 악화', 그리고 '정책의 지속 가능성'을 꼽기 때문으로 풀이돼요. 💰 이러한 비판의 배경에는 정부의 재정 여력이 생길 경우, 현금성 지원보다는 국가 채무 상환이나 AI, 반도체와 같은 미래 성장 동력 확보를 위한 R&D 투자에 우선적으로 사용해야 한다는 경제계의 목소리가 담겨 있어요. 💡 과거 '확장 재정' 논의에서도 유사한 지적이 제기되어 왔음을 관련 기사들을 통해 확인할 수 있습니다. 예를 들어, 2025년 10월 기사에서는 재정을 풀어 경기를 살리겠다는 정부의 입장을 설명하면서도, '돈 들어올 곳은 없는데 슈퍼 예산을 앞세우면 미래세대로 짐이 넘어간다'는 우려를 언급하고 있어요. 📚 또한 2019년 기사에서는 일본의 사례를 들며 무리한 확장 재정이 경제 회복으로 이어지지 못하고 오히려 부채를 늘리는 결과를 초래할 수 있다고 경고하기도 했죠. 🇯🇵 결론적으로, 이번 뉴스는 이재명 정부가 추진하는 확장적 재정정책에 대해 경제계의 깊은 우려가 존재함을 보여주고 있어요. 단순히 재정 지출 규모 확대에 대한 비판을 넘어, 재정 건전성 악화, 미래 세대에 대한 부담 증가, 그리고 성장 동력 확보를 위한 투자 우선순위 문제 등 복합적인 요인이 작용한 결과로 볼 수 있습니다. 📊 3. 주요 경과: 지금까지의 흐름 (Timeline) - 2014년 07월 최경환 당시 경제부총리는 하반기 경제정책 방향으로 추가경정예산을 편성하지 않고도 재정을 확대하고, 기업 유보자금을 활용하며 부동산 관련 금융 규제를 완화하는 방안을 발표했어요. 📈 이는 당시 내수 부진 극복을 위한 재정 확대 정책의 일환으로 추진되었어요. 하지만 재정 지출 확대가 일본의 전철을 밟을 수 있다는 우려와 함께, 재정 건전성 확보가 중요하며 지방정부, 공기업 등을 포함한 총부채비율 증가 속도에 대한 경고도 있었어요. ⚠️ - 2019년 05월 정부의 2019 국가재정전략회의에서 추가경정예산안 통과 시 국가채무비율이 40%를 넘어설 것으로 전망되었어요. 📊 국가채무(D1)와 일반정부 부채(D2)를 넘어 공공부문 부채(D3)까지 고려하면 이미 한계 수준에 근접하거나 초과했다는 분석이 나왔어요. 🚨 따라서 재정지출 확대보다는 산업 경쟁력 강화 및 신산업 분야에 대한 투자 전환이 필요하다는 주장이 제기되었어요. 💡 - 2019년 08월 내년도 예산안 규모가 올해보다 증가할 것으로 보도되며 확대 재정 논리가 제기되었지만, 이에 대한 비판적인 시각도 나왔어요. 📢 재정 규모 확대는 총수요를 늘릴 수...",mock
민생지원금 / 소비쿠폰 / 추경,민생지원금 / 소비쿠폰 / 추경 관련 세부 쟁점,민생지원금 / 소비쿠폰 / 추경;segyebiz.com;정책,http://www.segyebiz.com/newsView/20260603508100?OutUrl=naver,"[李 정부 출범 1년 ‘민생 성적표’] 민생 부양 행보, 산재 사망자 수는 최저…지지율 추이는",segyebiz.com,갈등_구도,중립적,정부,"'[李 정부 출범 1년 ‘민생 성적표’] 민생 부양 행보, 산재 사망자 수는 최저…지지율 추이는' 기사에서 segyebiz.com가 어떤 주체와 강조점을 전면에 두는지 기준으로 생성한 mock 태깅 결과입니다.","이재명 정부 출범 후 1년간 국정 운영은 민생경제에 무게가 실렸다. 정부가 지금까지 내놓은 추가경정예산, 민생회복 소비쿠폰, 취약계층 지원, 소상공인 매출 회복 대책 등이 대표적이다. 특히 해당 정책은 가계와 골목상권에 재정을 직접 투입해 소비를 떠받치는 방식이었다. 지지율 흐름도 민생 행보와 맞물렸다. 출범 초기 60% 안팎에서 출발한 국정 지지율은 소비쿠폰 지급과 복지·취약계층 지원책이 이어지면서 60%대 중반까지 올라섰다. 경제·민생이 긍정 평가 이유의 상위권에 오른 점을 감안하면 직접 지원형 정책이 초기 국정 동력을 유지하는 데 일정한 역할을 한 것으로 풀이된다. ◆소비쿠폰, 단기 부양 효과는 확인 이재명 정부의 대표 민생경제 대책으로 민생회복 소비쿠폰을 꼽을 수 있다. 정부는 지난해 두 차례에 걸쳐 13조원대 소비쿠폰을 지급했다. 사용처를 지역 상권과 소상공인 업종 중심으로 제한해 재정 투입 효과가 골목상권으로 흐르도록 설계했다. 정책 효과는 일부 수치로 확인됐다. 한국조세재정연구원 분석에 따르면 소비쿠폰은 10만원당 약 4만3000원의 추가 소비를 유발한 것으로 추산됐다. 전체 순소비 증대 효과는 5조원대 후반으로 분석됐다. 단기 소비 진작과 소상공인 매출 회복에는 일정 부분 기여했다는 평가가 가능하다. 정치적 효과도 있었다. 유권자가 정책을 발표문이 아니라 실제 결제 과정에서 체감했다. 지원금이 생활비 부담 완화와 지역 상권 매출로 연결되면서 지지율 방어 및 상승에 우호적인 환경을 만들었다. 민생정책이 지지율로 전환되려면 체감 속도가 중요하다는 점을 보여준 사례다. ◆재정 투입형 정책, 반복 가능성은 숙제 다만 한계도 뚜렷하다. 소비쿠폰은 단기 부양에는 효과가 있었지만, 투입 재정 전부가 순소비로 이어진 것은 아니다. 13조원대 재정을 써 5조원대 소비 증대 효과를 냈다는 점은 성과인 동시에 비용 대비 효율 논란의 출발점이다. 지원금 정책은 빠르게 민심을 안정시킬 수 있지만 반복될수록 재정 부담이 커진다. 물가와 환율 부담이 남아 있는 상황에서 현금성 지원이 계속될 경우 재정 건전성 논란도 불가피하다. 민생정책이 지지율 방어 수단으로 기능한 것은 맞지만 구조적 경기 회복으로 이어졌는지는 별도 검증이 필요하다는 지적이다. ◆산재 사망 1분기 최저, 안전정책 성과로 부각 이 대통령은 직장에서 죽는 사람이 나오면 안된다는 메시지를 늘 강조해왔다. 이에 따라 노동 안전 분야에서도 일부 성과가 나왔다. 올해 1분기 재해조사 대상 사고사망자는 113명으로 전년 동기보다 24명 줄었다. 2022년 관련 통계 작성 이후 1분기 기준 가장 적은 수치다. 특히 건설업 사고사망자가 큰 폭으로 감소한 점은 정부가 내세울 수 있는 대목이다. 정부가 산재 사망 감축을 주요 국정 과제로 강조해온 만큼, 해당 지표는 정책 성과로 볼 여지가 있다. 건설 현장 점검 강화, 관계기관 협업, 고위험 사업장 관리 등이 일정 부분 영향을 미친 것으로 해석된다. 다만 표현에는 단서가 필요하다. 정확히는 ‘전체 산재 사망 최저’가 아니라 ‘재해조사 대상 사고사망자 수가 1분기 기준 최저’다. 집계 기준과 기간을 분명히 해야 한다. ◆제조업 사고 증가는 부담 그럼에도 불구하고 안전 지표가 전면적으로 개선됐다고 보기는 어렵다. 같은 기간 제조업 사고사망자는 전년보다 늘었다. 화재·폭발 등 대형 사고가 영향을 미쳤다. 건설업에서는 감소세가 나타났지만 제조업에서는 반대 흐름이 확인된 셈이다. 산재 정책은 지지율을 끌어올리는 요인이라기보다 사고가 발생하면 즉시 부담으로 돌아오는 분야다. 대형 산업재해가 반복되면 정부가 내세운 안전 성과는 빠르게 희석될 수 있다. 1분기 수치 개선을 연간 추세로 굳히는 것이 관건이다. ◆지지율, 민생으로 버텼지만 조정 국면 최근 지지율은 조정 흐름을 보이고 있다. 민생경제 행보가 지지율의 하방을 받쳤지만, 안전사고와 물가·환율 부담, 재정 논란이 겹치면서 60%선 안팎에서 등락하는 모습이다. 이는 민생정책의 효과와 한계를 동시에 보여준다. 소비쿠폰과 취약계층 지원은 단기 체감도가 높고 지지율 방어에 유리하다. 하지만 경제 여건이 개선되지 않거나 안전 이슈가 발생하면 지지율은 곧바로 조정받는다. 민생으로 얻은 지지율은 민생 체감이 약해질 때 흔들릴 수밖에 없다. 한 경제 전문가는 “소비쿠폰은 소비 진작과 소상공인 매출 회복에 일정 부분 기여했고 복지·취약계층 지원은 국정 지지율의 버팀목 역할을 했다. 또 산재 사망자 수가 1분기 기준 최저를 기록한 점도 성과로 꼽을 수 있다”면서도 “2년 차 국정 운영의 과제는 지원금의 반복이 아니다. 민생 부양책이 실제 소비 회복과 자영업 회복, 고용 안정으로 이어질 수 있도록 체감할 수 있어야 한다”고 강조했다. 김재원 기자 jkim@segye.com",mock
민생지원금 / 소비쿠폰 / 추경,민생지원금 / 소비쿠폰 / 추경 관련 세부 쟁점,민생지원금 / 소비쿠폰 / 추경;sentv.co.kr;정책,https://www.sentv.co.kr/article/view/sentv202606010048,"[6·3 지선] ""불용예산으로 민생회복지원금?""…불용예산 의존 재원 마련 방식 논란",sentv.co.kr,갈등_구도,중립적,정부,"'[6·3 지선] ""불용예산으로 민생회복지원금?""…불용예산 의존 재원 마련 방식 논란' 기사에서 sentv.co.kr가 어떤 주체와 강조점을 전면에 두는지 기준으로 생성한 mock 태깅 결과입니다.","[6·3 지선] ""불용예산으로 민생회복지원금?""…불용예산 의존 재원 마련 방식 논란 전국 입력 2026-06-01 12:42:40 수정 2026-06-01 12:42:40 오중일 기자 0개 이남오 후보 재원 조달 방식 의문…""구체적 근거 제시해야"" 함평군 번영회 ""선심성 현금 공약보다 미래 비전 선택해야"" 오민수 회장 ""재원 대책 없는 현금 살포는 군 재정에 위협"" [서울경제TV 광주·전남=오중일 기자] 6·3 전남 함평군수 선거를 앞두고 더불어민주당 이남오 후보가 제시한 민생회복지원금 지급 공약의 재원 조달 방안을 둘러싸고 실효성 논란이 제기되고 있다. 최근 투표일이 다가오자 이남오 후보 측은 민생회복지원금 재원을 불용예산 활용과 예산 구조조정을 통해 마련할 수 있다는 입장을 밝히고 있지만 일각에서는 불용예산을 주요 재원으로 삼는 방식이 안정성과 지속성 측면에서 한계를 가질 수 있다는 지적이 나온다. 불용예산은 사업 취소나 집행 지연, 입찰 차액 등 다양한 이유로 발생하는 예산으로 매년 규모와 발생 원인이 달라 예측이 쉽지 않다. 특히 상당수 불용예산은 특정 사업의 집행잔액이거나 목적이 정해진 예산인 만큼 현금성 지원사업 재원으로 활용할 수 있는 규모가 실제로 얼마나 되는지에 대한 구체적인 설명이 필요하다는 목소리가 나오고 있다. 예산 구조조정 역시 재원 마련 방안으로 거론되고 있지만 어떤 사업의 예산을 줄이고 어느 분야에서 재원을 확보할 것인지에 대한 세부 계획이 제시되지 않을 경우 지역 현안사업이나 주민복지 사업 축소로 이어질 수 있다는 우려도 제기된다. 이와 관련해 함평군 번영회는 1일 성명을 내고 “지방선거는 단순히 얼마를 주겠다는 경쟁이 되어서는 안 된다”며 “군민의 세금과 지방재정을 기반으로 하는 정책은 재원 조달 방안과 지속 가능성이 함께 제시돼야 한다”고 주장했다. 번영회는 또 “함평군의 지방세수는 민생 현안사업과 사회기반시설(SOC) 확충에 우선 투입돼야 한다”며 “선심성 현금 살포 공약에 지방재정을 사용하는 것은 바람직하지 않다”고 비판했다. 특히 번영회는 일부 후보의 공약을 예로 들며 “군민 1인당 100만 원 민생지원금과 기본소득 지급 공약을 합산하면 462억여 원 규모에 달한다”며 “2025년 함평군 지방세수입과 세외수입 규모를 감안할 때 막대한 재정부담이 우려된다”고 주장했다. 오민수 함평군 번영회장은 “함평군이 직면한 가장 큰 과제는 인구감소와 청년 유출, 일자리 부족, 지역 경제 침체”라며 “일시적인 현금 지원보다 국가정책사업과 투자유치를 통해 지속 가능한 성장동력을 확보하는 것이 우선돼야 한다”고 강조했다. 오 회장은 이어 “군민들은 후보들이 제시하는 공약이 실현 가능한 것인지, 함평의 미래를 위한 것인지, 단순히 표를 얻기 위한 선심성 약속인지를 냉정하게 판단해야 한다”며 “선거는 돈으로 표를 얻는 경쟁이 아니라 정책과 비전으로 군민의 선택을 받는 과정이어야 한다”고 말했다. 지역 정치권에서도 “민생회복지원금 지급 자체보다 중요한 것은 재원의 안정성과 실현 가능성”이라며 “불용예산과 구조조정만으로 충분한 재원을 확보할 수 있는지, 확보 과정에서 다른 사업에 미치는 영향은 없는지 군민들이 납득할 수 있는 수준의 설명이 필요하다”고 지적하고 있다. /raser506@sedaily.com 최근 투표일이 다가오자 이남오 후보 측은 민생회복지원금 재원을 불용예산 활용과 예산 구조조정을 통해 마련할 수 있다는 입장을 밝히고 있지만 일각에서는 불용예산을 주요 재원으로 삼는 방식이 안정성과 지속성 측면에서 한계를 가질 수 있다는 지적이 나온다. 불용예산은 사업 취소나 집행 지연, 입찰 차액 등 다양한 이유로 발생하는 예산으로 매년 규모와 발생 원인이 달라 예측이 쉽지 않다. 특히 상당수 불용예산은 특정 사업의 집행잔액이거나 목적이 정해진 예산인 만큼 현금성 지원사업 재원으로 활용할 수 있는 규모가 실제로 얼마나 되는지에 대한 구체적인 설명이 필요하다는 목소리가 나오고 있다. 예산 구조조정 역시 재원 마련 방안으로 거론되고 있지만 어떤 사업의 예산을 줄이고 어느 분야에서 재원을 확보할 것인지에 대한 세부 계획이 제시되지 않을 경우 지역 현안사업이나 주민복지 사업 축소로 이어질 수 있다는 우려도 제기된다. 이와 관련해 함평군 번영회는 1일 성명을 내고 “지방선거는 단순히 얼마를 주겠다는 경쟁이 되어서는 안 된다”며 “군민의 세금과 지방재정을 기반으로 하는 정책은 재원 조달 방안과 지속 가능성이 함께 제시돼야 한다”고 주장했다. 번영회는 또 “함평군의 지방세수는 민생 현안사업과 사회기반시설(SOC) 확충에 우선 투입돼야 한다”며 “선심성 현금 살포 공약에 지방재정을 사용하는 것은 바람직하지 않다”고 비판했다. 특히 번영회는 일부 후보의 공약을 예로 들며 “군민 1인당 100만 원 민생지원금과 기본소득 지급 공약을 합산하면 462억여 원 규모에 달한다”며 “2025년 함평군 지방세수입과 세외수입 규모를 감안할 때 막대한 재정부담이 우려된다”고 주장했다. 오민수 함평군 번영회장은 “함평군이 직면한 가장 큰 과제는 인구감소와 청년 유출, 일자리 부족, 지역 경제 침체”라며 “일시적인 현금 지원보다 국가정책사업과 투자유치를 통해 지속 가능한 성장동력을 확보하는 것이 우선돼야 한다”고 강조했다. 오 회장은 이어 “군민들은 후보들이 제시하는 공약이 실현 가능한...",mock
민생지원금 / 소비쿠폰 / 추경,민생지원금 / 소비쿠폰 / 추경 관련 세부 쟁점,민생지원금 / 소비쿠폰 / 추경;dt.co.kr;정책,https://www.dt.co.kr/article/12065401?ref=naver,"[박종구 칼럼] 국가채무 1300조 시대, 재정 개혁 더 미룰 수 없다",dt.co.kr,갈등_구도,중립적,정부,"'[박종구 칼럼] 국가채무 1300조 시대, 재정 개혁 더 미룰 수 없다' 기사에서 dt.co.kr가 어떤 주체와 강조점을 전면에 두는지 기준으로 생성한 mock 태깅 결과입니다.",이란 전쟁으로 인한 중동 사태가 세계 각국의 재정 건전성 을 해칠 것이라는 IMF 경고가 나오고 있다. 한국의 연금지출 증가 속도가 G20 선진국가 중 가장 빠르다는 우려 도 표명했다. 정부는 재정 을 성장과 고용을 위한...,mock
민생지원금 / 소비쿠폰 / 추경,천안시장 후보의 민생추경 제안,민생추경;지역화폐;소상공인 지원;경제 활성화;재정 건전성,https://cc.newdaily.co.kr/site/data/html/2026/05/14/2026051400148.html,장기수 민주당 천안시장 후보 ‘500억+α 민생추경’ 공식 발표,cc.newdaily.co.kr,민생경제_회복,중립적,장기수 천안시장 후보,이 기사는 천안시장 후보가 지역 경제 활성화와 소상공인 지원을 위한 민생추경을 제안하며 재정 건전성 우려에 대해 설명하는 내용을 다루고 있다.,"후보 등록 후 첫 행보로 ‘민생’ 정조준… 지역화폐 100억 등 ‘원포인트 추경’ 약속 - 제9회 전국동시지방선거 더불어민주당 장기수 천안시장 후보가 후보 등록 후 첫 공식 행보로 ‘민생 경제 회복’을 내걸고 대규모 추가경정예산 편성 계획을 발표하며 선거전의 포문을 열었다.장 후보는 14일 오전 천안시청 브리핑실에서 기자회견을 열고, 시장 당선 시 취임 즉시 최소 500억 원 이상 규모의 ‘민생 회복 원포인트 패스트 추경’을 단행하겠다고 밝혔다.장 후보는 현재의 경제 상황을 대기업 호황과 골목 경제 침체가 극명하게 대비되는 ‘온기 없는 경기’로 진단했다. 그는 “최근 주가가 8000선에 육박하며 반도체 등 대기업은 호황을 누리고 있지만, 지역 소상공인과 자영업자들은 고물가와 소비 위축으로 벼랑 끝에 서 있다”며 “지금 필요한 것은 시민이 체감할 수 있는 신속한 민생 대응”이라고 강조했다.발표된 민생추경안의 핵심은 지역 소비 활성화와 소상공인 지원이다. 전체 500억 원 규모 중 천안사랑카드(지역화폐) 발행 지원에 100억 원을 우선 배정하고 나머지 예산은 소상공인 경영 지원 및 생활밀착형 민원 해결에 투입한다는 구상이다.특히 장 후보는 시의원 시절부터 다져온 재정 전문가로서의 역량을 강조하며 재정 건전성 우려에 선을 그었다.그는 “안정적인 재정 범위 안에서 규모를 산정했으며, 지방재정의 흐름을 꾸준히 분석해 온 만큼 중장기 재정 전략과 국·도비 확보 방안도 이미 준비되어 있다”며 “재정은 시민의 삶을 지키는 가장 현실적인 정책 수단인 만큼 위기일수록 적극적으로 움직여야 한다”고 덧붙였다.",ok
민생지원금 / 소비쿠폰 / 추경,민생지원금 / 소비쿠폰 / 추경 관련 세부 쟁점,민생지원금 / 소비쿠폰 / 추경;gukjenews.com;정책,https://www.gukjenews.com/news/articleView.html?idxno=3581650,"장기수 ""취임 즉시 500억 민생 추경"". 지역화폐·소상공인 지원 강화",gukjenews.com,갈등_구도,중립적,정부,"'장기수 ""취임 즉시 500억 민생 추경"". 지역화폐·소상공인 지원 강화' 기사에서 gukjenews.com가 어떤 주체와 강조점을 전면에 두는지 기준으로 생성한 mock 태깅 결과입니다.","(천안=국제뉴스) 이원철 기자 = 14일 장기수 더불어민주당 천안시장 후보가 후보 등록 후 첫 공식 일정으로 민생경제 회복을 위한 대규모 추가경정예산 편성 구상을 내놨다. 장 후보는 이날 충남 천안시청 브리핑실에서 기자회견을 열고 ""침체된 골목경제를 살리기 위해 취임 즉시 500억 원 이상 규모의 민생 추경을 추진하겠다""고 밝혔다. 장 후보는 최근 대기업 중심의 경기 회복 흐름과 달리 지역 상권과 자영업 현장은 여전히 어려움을 겪고 있다고 진단했다. 그는 ""반도체 등 일부 산업은 호황을 누리고 있지만 소상공인과 자영업자들은 고물가와 소비 위축 속에서 체감 경기가 매우 어렵다""며 ""시민들이 실제 변화를 느낄 수 있는 신속한 민생 대응이 필요하다""고 강조했다. 특히 장 후보는 '원포인트 패스트 추경' 방식을 통해 예산 집행 속도를 높이겠다고 설명했다. 추경 재원 가운데 일부는 지역화폐인 천안사랑카드 발행 확대에 투입해 소비를 촉진하고, 나머지는 소상공인 지원과 생활민원 해결 사업 등에 활용하겠다는 계획이다. 그는 ""시민들과 현장에서 직접 소통하며 확인한 긴급 현안과 생활 불편 사항을 우선 반영하겠다""며 ""지역 상권 매출 증가와 시민 체감형 행정을 동시에 추진하겠다""고 말했다. 재정 건전성 우려와 관련해서는 ""민생 추경과 국·도비 대응 사업 등을 충분히 감당할 수 있는 범위 안에서 규모를 결정할 것""이라며 ""철저한 재정 분석을 토대로 꼭 필요한 사업에 우선 투자하겠다""고 밝혔다. 이어 ""천안시장 후보라면 시 재정 구조와 중장기 재정 전략에 대한 이해가 필수""라며 ""시의원 시절부터 지방재정 흐름을 분석해 왔고 국·도비 확보 방안도 준비하고 있다""고 덧붙였다. 장 후보는 ""후보 등록 직후 첫 메시지로 민생 회복을 선택한 것은 시민 삶의 어려움이 그만큼 절박하다고 판단했기 때문""이라며 ""실행으로 증명하는 민생 중심 시정을 펼치겠다""고 말했다.",mock
민생지원금 / 소비쿠폰 / 추경,민생지원금 / 소비쿠폰 / 추경 관련 세부 쟁점,민생지원금 / 소비쿠폰 / 추경;ifs.or.kr;정책,http://www.ifs.or.kr/bbs/board.php?bo_table=News&wr_id=55793,입맛대로 골라 쓴 IMF 자료 - 경제부총리의 발언과 한국 재정의 실상- > News Insight | (사)국가미래연구원,ifs.or.kr,갈등_구도,중립적,정부,'입맛대로 골라 쓴 IMF 자료 - 경제부총리의 발언과 한국 재정의 실상- > News Insight | (사)국가미래연구원' 기사에서 ifs.or.kr가 어떤 주체와 강조점을 전면에 두는지 기준으로 생성한 mock 태깅 결과입니다.,"입맛대로 골라 쓴 IMF 자료 - 경제부총리의 발언과 한국 재정의 실상- 본문듣기 작성시간 관련링크 본문 2. 구윤철 부총리의 발언 — 무엇을 말했는가 구윤철 경제부총리는 2026년 5월 15일 자신의 SNS에 다음과 같이 밝혔다.(파이낸셜뉴스, 2026.05.15.) ""IMF는 처음부터 대한민국의 정부부채가 지속가능하다고 일관되게 평가해 왔다. 연례협의 보고서(2025년 11월), 재정모니터(2026년 4월), IMF 총재와의 면담(2026년 4월 17일)에서도 같은 입장을 표명해 왔다. 정부부채와 재정정책 기조에 관한 근거 없는 위기론은 이제 끝내야 한다."" 구 부총리는 IMF의 세 가지 문서를 직접 이름을 거론하며 인용했다. 그렇다면 그가 직접 언급한 세 문서에 실제로 어떤 내용이 담겨 있는지, 그리고 그가 그 내용을 균형있게 국민에게 전달했는지, 그리고 IMF의 여러 보고서들을 바탕으로 한국 재정의 현실이 “근거없는 위기론”과 부합하는지 살펴보려 한다. 3. 구 부총리가 인용한 문서들의 실제 내용 [문서 1] 연례협의 보고서(2025년 11월) 출처: IMF Country Report No. 2025/308, 2025.11.24. [문서 2] 재정모니터(2026년 4월) 출처: IMF Fiscal Monitor, 2026년 4월호 (2026.04.15.) D2/GDP 비율의 궤적 — IMF Fiscal Monitor 2026년 4월호 (전망 기간: 2026~2031년) * 아래 수치 전체가 구 부총리 발언에서 인용되지 않은 내용임 참고: 동기간 스페인과 일본은 각각 10~14%포인트 하락 전망 [문서 3] IMF 이사회 공식 권고(2025년 11월 21일) 출처: IMF Executive Board Concludes 2025 Article IV Consultation, 2025.11.21. 이상의 세 문서 모두에 걸쳐 IMF는 일관된 메시지를 담고 있다. 단기적으로는 지속 가능하다고 평가하면서도, 장기적으로는 부채 상승 궤적을 경고하고 구조 개혁을 공식 권고했다. 구 부총리의 SNS 발언은 이 중 단기 긍정 평가만을 전달했다. 그렇다면 그가 세 가지 문서의 세부 내용을 잘 모르고 있었는가? 첫째,그는 IMF 연례협의회(Article 4 Consultation) 직접 당사자이다. IMF 이사회는 최종 권고 사항을 재경부에 공식 전달한다. 둘째,구 부총리는 IMF총재와 직접 면담했다. 면담 당사자가 IMF의 공식 권고 내용을 몰랐다는 것은 상식 밖의 일이다. 셋째,구 부총리는 IMF에서 “재정건전성을 유지하면서도 취약부문을 지원해야 한다는 IMF의 권고에 공감하며”라고 명시적으로 밝혔다. 넷째,구 부총리 자신이 SNS에서 세 가지 문서 이름을 직접 열거했다. 해당 문서를 숙지하지 않고 열거하는 것은 있을 수 없다. 그런데도 그는 IMF 문서들의 장기 경고와 3대 공식 권고를 언급하지 않은 채, ""지속 가능하다""는 단기 평가만을 국민에게 전달하며 ""근거 없는 위기론은 이제 끝내야 한다""고 선언한 것이다.이는 재정당국의 수장으로서 의도적으로 정보를 선별적으로 수용(Cherry Picking)했음을 의미한다. 이제 한국 재정건전성의 현주소를 살펴보면서 구 부총리의 SNS에서 주장한 “근거없는 위기론”의 실체를 검토해보겠다. 4. 한국 재정 확장의 주목적은 구조 개혁인가? — 예산 분석과 국제 비교 [이재명 정부 재정 확장의 실제 구성] 정부는 재정 확장의 목적이 구조 개혁 뒷받침이라고 설명하지만, 실제 편성된 두 추경의 항목별 구성을 살펴보면 지출의 주력은 민생지원과 단기 소비진작에 집중되어 있다. 2025년 2차 추경 (31조 7,914억 원, 2025년 7월 4일 국회 통과) 출처: 기획재정부 공식 발표(2025.06.19.), 국회 행안위 확정 / 오차 범위: ±2%p 2026년 1차 추경 (26조 2,000억 원, 2026년 3월 31일 국무회의 의결) 출처: 기획재정부 공식 발표(2026.03.31.) / 오차 범위: ±2%p [IMF의 2026년 본예산 평가 — ""broadly aligned""라는 평가에 부가된 조건에 주목해야.] IMF 연례협의 스태프 리포트(Country Report No. 2025/308)는 ""2026년 본예산에 명시된 지출 우선순위(spending priorities)는 스태프 전망 및 권고와 대체로 부합(broadly aligned)한다""고 밝혔다. 또한 미션 단장 아난드는 ""당국의 단기(near-term) 재정 기조와 2026년 본예산의 지출 우선순위는 적절하다""고 평가했다. 구 부총리는 이 평가를 염두에 둔 듯 듯하다. 그러나 이 평가에 포한된 세 가지 중요한 조건이 있다. IMF는 해당 평가 직후 ""3% 성장 목표를 달성하려면 생산성 제고, 고령화 대응, 자본 배분 개선을 위한 구조 개혁이 별도로 진전되어야 한다""는 단서를 달았다. 현재의 재정 확장 자체가 구조개혁이라는 뜻이 아니라, 구조 개혁은 별도의 과제라는 점을 명시한 것이다. 5. IMF 평가와 전망이 반영하지 못한 변수들 구 부총리가 근거로 제시하는 IMF의 평가와 전망에도 구조적 한계가 있다. IMF 평가와 전망은 2028~9년에 예상되는 두가지 변수를 포함하지 않고 있다. 아래에 정리된 반도체 특수 호황의 종료와 총선, 대선이라는 정치 이벤트가 재정에 미칠 영향을...",mock
의료개혁 / 의대 증원,의료개혁 / 의대 증원 관련 세부 쟁점,의료개혁 / 의대 증원;medigatenews.com;정책,https://www.medigatenews.com/news/82461424,"MEDI:GATE NEWS 의료개혁, 의대증원보다 거버넌스 개혁이 먼저…“보정심·건정심 정상화 없이는 갈등 반복”",medigatenews.com,갈등_구도,중립적,정부,"'MEDI:GATE NEWS 의료개혁, 의대증원보다 거버넌스 개혁이 먼저…“보정심·건정심 정상화 없이는 갈등 반복”' 기사에서 medigatenews.com가 어떤 주체와 강조점을 전면에 두는지 기준으로 생성한 mock 태깅 결과입니다.","의료개혁, 의대증원보다 거버넌스 개혁이 먼저…“보정심·건정심 정상화 없이는 갈등 반복” 정책 나열보다 의사결정 구조 개편 필요성 제기…보정심은 의료체계 장기비전, 건정심은 건강보험 정책 정당성 회복 역할해야 [메디게이트뉴스 조운 기자] 의대 정원 확대, 필수의료 강화, 의료전달체계 개편 등 정부의 의료개혁 과제가 반복적으로 추진되고 있지만, 정작 이를 논의하고 조정할 보건의료 거버넌스는 제대로 작동하지 못하고 있다는 지적이 제기됐다. 특히 보건의료정책심의위원회와 건강보험정책심의위원회가 형식적 심의기구 또는 단기적 수가 결정기구에 머무는 한, 의료개혁은 정책 발표 때마다 의료계 반발과 사회적 갈등을 반복할 수밖에 없다는 분석이다. 최근 보건행정학회지에 게재된 정웅기 존스홉킨스대 정치학과 연구자의 ‘한국 의료체계 거버넌스의 동학: 정부 역량과 정당성의 관점’ 논문은 오늘날 한국 의료현안의 원인을 단순한 의사 수 부족이나 수가 문제가 아니라, 역사적으로 누적된 의료체계 거버넌스의 취약성에서 찾았다. 논문은 한국 의료체계가 건강보험이라는 강력한 가격 규제 장치를 갖고 있음에도 전달체계, 지불제도, 의료 질 관리, 의료인력 생산 등 핵심 영역에서는 정부의 체계적 관여가 제한적이었다고 봤다. 그 결과 국가와 의료계의 관계가 안정적으로 정립되지 못했고, 정책 추진 과정에서 갈등을 조정할 제도적 메커니즘도 충분히 발전하지 못했다는 것이다. 이 같은 구조에서는 정부가 새로운 의료정책을 내놓더라도 공급자인 의사들이 이를 정당한 결정으로 받아들이기 어렵다. 정책의 내용이 아무리 필요하더라도 결정 과정에 대한 신뢰가 없다면 의료계의 순응과 협조를 얻기 어렵고, 결국 정책 실행력도 떨어질 수밖에 없다. 논문은 “의료 현안을 의미 있는 수준으로 진전시키려면 새로운 거버넌스의 운용을 가능하게 만드는 핵심 제도배열의 개편이 각종 정책개혁에 선행돼야 한다”고 지적했다. 구체적 과제로는 보정심 정상화와 건정심 내실화를 제시했다. 먼저 보정심은 보건의료기본법상 보건의료에 관한 주요 시책을 심의하고, 5년마다 수립되는 보건의료발전계획을 다루는 핵심 기구다. 그러나 그간 보정심은 의료체계의 장기 비전과 사회적 합의를 도출하는 장으로 충분히 기능하지 못했다. 논문에 따르면 보정심은 2003년 첫 회의 이후 코로나19 전후인 2018년과 2021년 열린 것이 사실상 활동의 전부로 평가됐다. 의대증원 국면을 전후해 일부 변화가 있었지만, 이 역시 한계가 컸다는 평가다. 2023년 8월 25인 위원회가 구성되고, 같은 해 11월 의사인력 전문위원회와 필수의료확충 전문위원회가 운영됐지만, 논문은 전문위원회가 “실무를 위한 본격적인 연구를 수행하기보다는 회의에서 현안에 관한 위원들의 의견을 공유하는 정도의 활동에 그쳤다”고 지적했다. 이마저도 장기적으로 정례화되지 못하고 2023년 12월 마지막 회의 이후 중단됐다. 정 연구자는 현재와 같은 위원회 구조만으로는 보정심이 소기의 성과를 거두기 어렵다고 봤다. 보건복지부 장관이 당연직 위원장을 맡고, 정부 관료와 수요자, 공급자, 민간 전문가가 참여하는 기존 위원회 형태로는 의료체계의 장기 비전을 설계하는 데 한계가 있다는 것이다. 논문은 “보정심은 보건의료에 관한 국가의 전반적인 계획을 수립하는 제도배열”이라며 “사회적으로 합의할 수 있는, 따라서 예측 가능성을 담보하는 동시에 지속 가능한 비전을 제시해야 한다”고 강조했다. 따라서 보정심이 단순한 정부 정책 보고·추인 기구에 머문다면 의료개혁의 정당성을 확보하기 어렵다. 의료인력, 지역의료, 필수의료, 공공의료, 전달체계, 지불제도 등 보건의료 전반을 아우르는 장기 비전을 만들고, 시민·공급자·전문가가 예측 가능한 방식으로 논의할 수 있는 실질적 거버넌스로 재편돼야 한다는 지적이다. 건정심 역시 개편 필요성이 크다. 건강보험은 한국 의료정책의 핵심 기전이지만, 건정심의 실제 기능은 상당 부분 수가 결정에 집중돼 있다. 그러나 법적으로 건정심은 요양급여 기준, 요양급여비용, 보험료율 등 건강보험 주요 사항을 폭넓게 심의·의결할 수 있는 기구다. 문제는 회의 방식이다. 현재 건정심은 보건복지부 차관을 위원장으로 가입자 대표 8명, 의약계 대표 8명, 공익 대표 8명 등 총 25명으로 구성돼 있다. 회의는 각 위원이 자신의 이해관계나 직역을 대표하는 방식으로 운영된다. 논문은 이 구조가 “의료정책 전문가와 가입자 대표가 같은 자리에 혼재해 있다는 것을 의미한다”며 “수가에 관한 기술적 논의를 저해하는 결과를 낳고 있으며, 공급자가 문제를 제기하는 핵심 이슈 중 하나”라고 지적했다. 이에 따라 건정심은 단순히 최종 표결을 하는 구조를 넘어, 전문성을 갖춘 별도 위원회나 소위원회가 수가와 지불제도 개편의 초안을 충분히 검토하고, 본회의가 이를 민주적으로 심의하는 방식으로 개편될 필요가 있다는 제안이 나왔다. 즉 의회의 본회의와 상임위원회처럼 전문성과 대표성을 분리·결합하는 구조가 필요하다는 것이다. 논문은 “건정심도 의료정책의 전문성을 갖춘 박사급 연구자들이 각 집단의 입장을 대표해 수가 협상의 초안을 함께 작업할 수 있는 위원회를 설치할 필요가 있다”고 제안했다. 이후 본회의에 해당하는 건정심 전체 회의에서 이를 논의·의결하는 방식으로 전문성과 대표성을 함께 확보해야 한다는 취지다. 이는 최근 수가협상 결렬, 필수의료...",failed
의료개혁 / 의대 증원,의료개혁 / 의대 증원 관련 세부 쟁점,의료개혁 / 의대 증원;news1.kr;정책,https://www.news1.kr/bio/general/6180664,[李정부 1년] 의사 늘리고 1조 투입 '지역·필수·공공' 의료 복원 시동,news1.kr,갈등_구도,중립적,정부,'[李정부 1년] 의사 늘리고 1조 투입 '지역·필수·공공' 의료 복원 시동' 기사에서 news1.kr가 어떤 주체와 강조점을 전면에 두는지 기준으로 생성한 mock 태깅 결과입니다.,"의대 증원·지역병원 육성…상급병원 구조 재편·건보 개혁도 속도전달·수가체계 개편…""현장 체감 아직, 의료 공백 해소 시간 필요""이재명 대통령이 지난해 9월 서울 중구 국립중앙의료원에서 열린 응급의료현장 간담회에 참석하고 있다. 사진 왼쪽부터 서길준 국립중앙의료원장, 이 대통령, 정은경 보건복지부 장관. (대통령실 제공. 재판매 및 DB 금지) 2025.9.29 ⓒ 뉴스1 이재명 기자이재명 대통령이 26일 청와대에서 열린 제23회 국무회의 겸 제10차 비상경제점검회의에서 정은경 보건복지부 장관에게 질문하고 있다. 2026.5.26 ⓒ 뉴스1 허경 기자관련 키워드이재명정부1년보건복지부지역의사제필수의료지필공천선휴 기자 난치성 고혈압 잡는다…신개발의료기기 허가정부, 연명의료 중단 시점 '임종기→말기' 확대 본격 논의",failed
의료개혁 / 의대 증원,의료개혁 / 의대 증원 관련 세부 쟁점,의료개혁 / 의대 증원;segye.com;정책,https://www.segye.com/newsView/20260512515809?OutUrl=naver,[단독] 의대 교수 확충 ‘아랫돌 빼 윗돌 괴기’식 땜질 처방 [심층기획-흔들리는 의료체계],segye.com,갈등_구도,중립적,정부,'[단독] 의대 교수 확충 ‘아랫돌 빼 윗돌 괴기’식 땜질 처방 [심층기획-흔들리는 의료체계]' 기사에서 segye.com가 어떤 주체와 강조점을 전면에 두는지 기준으로 생성한 mock 태깅 결과입니다.,"기금교수, 전임 전환해 착시 현상 지방 사립대 유출 심화 ‘고사’ 위기 “정부 숫자놀음 벗어나 보완책을” 정부가 의대 정원 증원에 발맞춰 공언한 ‘교수 확충’ 방침이 교육 현장에선 ‘신규 수급 없는 인력 유출’이라는 부작용을 낳고 있는 것으로 확인됐다. 국립대 전임교수 증원은 실제 인력 순증이 아닌 기금교수의 신분 전환에 따른 ‘착시 현상’에 그치고 있는 것이다. 그 사이 지방 사립대의 교수진은 줄고 학생은 증가하며 고사 위기에 직면했다는 암울한 분석마저 나온다. 교육부의 장밋빛 청사진이 현장에서는 오히려 교육시스템 붕괴를 가속화하고 있다는 지적도 있다. 교육부가 12일 국회 교육위원회 소속 국민의힘 김용태 의원실에 제출한 자료에 따르면 서울대를 제외한 전국 국립대 의대 9곳의 의과대학 교수 총원은 2024년 1987명에서 올해 2113명으로 3년간 126명 증가했다. 증가율은 6.34%로, 같은 기간 급격히 진행된 의대 정원 확대 속도에 비하면 사실상 제자리걸음이라는 평가도 있다. 의대 정원은 2024년 대비 2025년 한 해에만 무려 49.35% 폭증했다. 조정기를 거치는 2027년에도 2024년 대비 16.02% 늘어난 규모를 유지하게 된다. 문제는 이 수치마저 ‘착시 현상’이라는 점이다. 국립대 의대 교수는 대학 본부 소속의 ‘전임교수’와 병원 기금으로 급여를 충당하는 ‘기금교수’로 구성된다. 전임교수가 늘어난 만큼 기금교수는 급감했다. 결국 교수 총원은 사실상 변동이 없어 연구·교육 인프라가 줄어든 셈이다. 실제 국립대 9곳의 전임교수는 최근 3년 새 1298명에서 1630명으로 25.6%(332명) 늘었으나, 같은 기간 기금교수는 689명에서 483명으로 29.9%(206명) 감소했다. 부산대의 경우 2024년 337명에서 2026년 334명으로 교수 총원이 오히려 줄었다. 앞서 교육부는 전임교수 확충을 통해 의사들의 신분을 안정적으로 보장하고, 기금교수로의 신규 인력 유입을 촉진하겠다는 방안을 내놨다. 그러나 현실에선 인력난·재정난 등 한계가 맞물리며 실질적인 인원 순증 없는 ‘아랫돌 빼 윗돌 괴는’식 인력 재배치만 반복되고 있다는 지적이다. 조윤정 전국의대교수협의회장은 “일반적으로 국립대 의대 및 교육, 수련병원은 전임·기금·임상교수가 모두 학생 교육 및 전공의 수련에 참여하고, 연구 및 진료도 함께 하는 구조”라며 “교육부 발표상 전임교수 숫자는 증가했으나, 대부분 기금·임상교수들이 전임으로 바뀌었을 뿐”이라고 했다. 이어 “이들의 빈자리가 모두 충원되지 않은 상태이기에 교육에 참여할 전체 교수 숫자는 오히려 줄어든 상황”이라고 지적했다. 지방 사립대 상황은 더욱 심각하다. 가르칠 학생은 늘었지만 교수진은 줄어드는 역전 현상이 심화했다. 사립대 30곳 중 16곳의 교수 인력이 감소했는데, 이 중 75%(12곳)가 지방 의대다. 특히 인제대의 경우 2022년 664명이던 교수진은 매년 줄어 2026년 528명까지 떨어졌다. 5년 만에 전체 교수의 약 20.4%(136명)가 학교를 떠난 셈이다. 반면 인제대 모집 정원은 기존 93명에서 향후 2031년까지 112명으로 확대된다. 2027학년도부터 지역의사제까지 도입되면 ‘교육시스템 붕괴’가 현실화할 것이라는 우려가 깊다. 김용태 의원은 “기금교수를 전임교수로 전환해 숫자만 맞추는 것은 의료개혁의 본질을 흐리는 땜질식 대응”이라며 “정부는 의대 증원 속도에 맞는 교수 순증과 실질적인 인프라 확충 계획을 조속히 내놓아야 한다”고 지적했다. 이어 “지금과 같은 부실 교육 구조가 고착하면 지역 의료 인력의 질 저하는 불 보듯 뻔하다”며 “정부는 숫자놀음에서 벗어나 기초의학 교수 확보와 교육 현장의 실질적 보완책을 마련하는 데 사활을 걸어야 한다”고 촉구했다. Copyright ⓒ 세계일보. 무단 전재 및 재배포 금지",mock
의료개혁 / 의대 증원,의료개혁 / 의대 증원 관련 세부 쟁점,의료개혁 / 의대 증원;medipana.com;정책,https://www.medipana.com/news/articleView.html?idxno=408578,"일차의료 빠진 의대증원…대개협 ""구조 개혁 없인 공염불"" - 메디파나뉴스",medipana.com,갈등_구도,중립적,정부,"'일차의료 빠진 의대증원…대개협 ""구조 개혁 없인 공염불"" - 메디파나뉴스' 기사에서 medipana.com가 어떤 주체와 강조점을 전면에 두는지 기준으로 생성한 mock 태깅 결과입니다.","[메디파나뉴스 = 박으뜸 기자] 의과대학 정원 확대를 둘러싼 논쟁이 단순한 찬반을 넘어 정책 설계 전반의 문제로 확장되고 있다. 정책이 이미 상당 부분 진행된 상황에서 의료계는 이제 증원 자체보다 정책을 어떻게 통제하고 의료체계 붕괴를 막을 것인지에 논의를 집중하는 모습이다. 대한개원의협의회는 의대 정원 확대 정책이 속도, 근거, 방향이라는 세 측면 모두에서 모순을 안고 있다고 지적하며, 장기적 의료체계에 영향을 미치는 정책임에도 충분한 검증과 합의 없이 추진되고 있다고 비판했다. 22일 대한개원의협의회 제37차 춘계연수교육 학술세미나 기자간담회에서 박근태 회장은 ""정책의 속도는 통제돼야 하며, 현행과 같은 일괄적·자동적 증원 방식은 즉각 재검토돼야 한다""고 말했다. 의대 정원과 관련해 의료 인력 추계 방식이 연일 쟁점으로 제기되고 있다. 현재 단일 모델 중심의 추계 구조에서는 의료 이용량, 진료 생산성, 기술 발전 등 다양한 변수가 충분히 반영되지 못한다는 문제의식이다. 이에 따라 보다 현실적이고 유연한 추계 체계로의 전환이 요구됐다. 박 회장은 ""정부는 5년 추계를 말하고 있지만 5년은 너무 길다. 3년 전후로 준비할 수 있도록 해야 한다""고 밝혔다. 또한 의료 인력 정책의 실효성을 높이기 위해서는 임상의사의 참여가 필수적이라는 점도 강조됐다. 현장의 의료 수요를 반영하지 못한 채 통계 중심으로만 정책이 설계될 경우 현실과 괴리된 결과가 반복될 수밖에 없다는 판단이다. 박 회장은 ""일본 등 해외 사례에서도 임상의사가 추계위원회에 참여하고 있지만 우리나라 추계위원회에는 임상의사가 없다""며 ""데이터의 타당성을 판단하는 데 있어 임상의사의 역할이 중요하다""고 말했다. 대개협은 의과대학 정원 증원은 고정된 정책이 아니라 성과에 따라 조정되는 조건부 정책이어야 한다고 촉구했다. 필수의료 인력 확충, 지역 정착률, 수련 환경 개선 등 지표를 지속적으로 평가해 즉각 조정할 수 있어야 한다는 것이다. 특히 대개협은 정책 실패를 방지하기 위한 장치로 의료계가 참여하는 상시 검증 체계를 구축해야 한다고 꼽았다. 추계 결과를 지속적으로 점검하고 보완하는 구조가 필요하다는 설명이다. 의료계는 일차의료와 지역의료를 살리지 않는 채 의사 수 확대만으로는 현재 의료 문제를 해결할 수 없다는 점을 일관되게 얘기하고 있다. 의료 문제의 본질은 인력 부족이 아니라 왜곡된 의료 전달체계와 보상 구조에 있다는 인식이다. 무작정 의사를 늘리는 것이 아니라, 지역 개원 유인을 높이는 구체적 정책이 필요하다는 제안도 나왔다. 세제 혜택 확대, 개원 시 재정·금융 지원, 지역·필수의료 수가 가산, 생활 인프라 지원 등이 그 예다. 대한영상의학과의사회 최선형 회장은 의대 정원 확대와 함께 추진되는 지역의사제의 실효성에 근본적인 의문을 제기했다. 현재 의료 인력 문제를 '숫자 부족'으로 접근하는 것 자체가 잘못된 진단이라고 꼬집었다. 최 회장은 ""흉부외과 의사가 약 2000명인데 절반은 실제 해당 분야에서 일하지 않는다""며 ""이 핵심을 벗어난 의대 정원 확대는 본질을 벗어났다""고 말했다. 그는 ""국민이 원하는 것은 어디에서 사고가 나든 빠르게 처치와 치료를 받을 수 있는 환경이지, 지역에 개원한 의사를 늘리는 게 아니다""라고 덧붙였다. 최 회장은 인력 유입을 유도하려면 환경과 인프라가 먼저 갖춰져야 한다는 점을 짚었다. 기업조차 인재 확보를 위해 수도권에 거점을 두는 현실을 언급하며, 지역의사제는 이러한 인간의 선택 구조를 고려하지 않은 정책이라고 풀이했다. 최 회장은 ""기업도 인재를 확보하려고 강남에 본사를 두는 것처럼 사람은 조건이 되지 않으면 지방으로 가지 않는다""며 ""지역의사제를 앞세운 증원 정책은 효과를 기대하기 어렵다""고 말했다. 대한일반과의사회 좌훈정 회장 역시 지역 의료 정책 방향이 현장과 맞지 않는다고 공감했다. 지역 개원의 수익성 악화와 인구 감소로 인해 의원 유지 자체가 어려운 구조임에도 불구하고, 이에 대한 보완 없이 병원 중심 인력 확대에 정책이 집중돼 있다는 비판이다. 좌 회장은 ""지역에서 개원해도 수가가 더 주어지지 않고 인구 감소로 수익성이 계속 악화되는 구조""라며 ""연 단위로 의원 하나만 없어져도 해당 지역은 바로 무의촌이 된다""고 말했다. 이어 ""지역 의료를 살리겠다고 하면서 정작 읍면 단위 1차 의료는 외면하고 병원 인력만 늘리겠다는 것은 정책이 앞뒤가 맞지 않는다""고 부연했다. 결국 대개협은 필수의료 붕괴의 원인을 인력 문제가 아닌 구조적 문제로 규정했다. 낮은 보상과 과도한 법적 리스크가 누적된 결과이며, 이를 해결하지 않는 한 의사 수 확대만으로는 문제를 해결할 수 없다는 시각이다. 대개협은 의과대학 정원 확대의 핵심은 얼마나 늘릴 것인가가 아니라 어떻게 관리하고 어디에 배치할 것인가라고 정리하며, 단순한 수치 확대에서 벗어나 의료체계의 지속가능성을 확보하는 구조 개혁으로 정책 방향을 전환해야 한다고 밝혔다. 박 회장은 ""1차 의료와 지역의료를 살리는 정책 없이는 어떠한 의대 증원 정책도 성공할 수 없다""며 ""국민 건강과 의료의 미래를 위해 책임 있는 정책 전환이 필요하다""고 강조했다.",mock
의료개혁 / 의대 증원,의료개혁 / 의대 증원 관련 세부 쟁점,의료개혁 / 의대 증원;kids.donga.com;정책,https://kids.donga.com/news/articleView.html?idxno=168174,내년 의대 490명 늘어… 증원은 의료개혁의 시작일 뿐 - 어린이동아,kids.donga.com,갈등_구도,중립적,정부,'내년 의대 490명 늘어… 증원은 의료개혁의 시작일 뿐 - 어린이동아' 기사에서 kids.donga.com가 어떤 주체와 강조점을 전면에 두는지 기준으로 생성한 mock 태깅 결과입니다.,"동아일보 사설을 어린이의 눈높이에 맞춰 쓴 ‘눈높이 사설’이 금요일에 실립니다. 사설 속 배경지식을 익히고 핵심 내용을 문단별로 정리하다보면 논리력과 독해력이 키워집니다. [1] 내년 의과대학(의대) 정원이 490명 늘어난 3548명으로 최종 결정됐어요. ‘보건의료정책심의위원회(보정심)’는 10일 5년간(2027∼2031년) 의대 정원을 3342명 늘리기로 했죠. 내년부터 조금씩 증원 규모를 늘려 공공의대, 지역의대가 세워지는 2030년부터는 기존 정원보다 연간 813명을 더 뽑을 예정이에요. 증원 인원은 모두 지역에서 10년간 의무적으로 일하는 *지역의사제로 뽑고, 서울을 제외한 지역 국립대와 정원 50명 이내 ‘미니 의대’에 나눠 배치해요. 이로써 2024년 2월 윤석열 정부가 ‘의대 2000명 증원’을 발표하면서 이어졌던 의정(醫政) 갈등이 마무리에 들어갔어요. [2] 지난해 8월 인구 1000명당 의사(종합병원 이상 의료기관) 수는 서울 1.28명인 반면 경북, 충남, 전남 등은 그 절반에도 미치지 못했어요. 의대 정원을 늘리자는 건 원래 필수·지역 의료 공백을 메우기 위한 것이었어요. 하지만 의정 갈등이 오래 이어지면서 필수 진료를 맡던 의사들이 병원을 떠났고 이에 따라 지역에서 일하던 의사들도 수도권으로 옮겼어요. 그 결과, 지역 간 의료 격차가 더욱 심해졌죠. 지난 정부의 실패를 교훈 삼아 이번 정부는 의료계가 과반수로 참여한 ‘의사인력수급추계위원회’를 꾸려 의대 정원을 이야기했고, 보정심은 이를 바탕으로 의대 교육 여건을 헤아려 증원 규모를 결정한 것이에요. [3] 의료계는 내년 의대 490명 증원 결정에 곧바로 유감을 표시했어요. 2024, 2025학번 ‘더블링’ 수업을 받는 의대 교육 여건과 인공지능(AI) 의사 등 변수를 헤아려 증원 규모가 줄어들어야 한다고 말해요. 의대 교육 부실화를 막는 것도 중요하죠. 하지만, 지금 필수 의료 의사는 ㉠맥이 끊길 지경이고, 지역 의사는 아무리 연봉을 올려도 구하기 힘든 상황이에요. 더욱이 이번 방안은 지역 의사만 늘리는 부분 증원이에요. 무작정 증원을 미뤄야 한다는 의료계 주장은 반대를 위한 반대로 들릴 뿐이죠. [4] 의대 증원은 의료 개혁의 끝이 아니라 시작이에요. 지역 병원은 일할 사람도 부족하고 시설도 좋지 않아 일이 많고 의료 사고 부담도 커요. 이런 현실을 바꾸지 않으면 지역의사제가 자리잡기 어렵죠. 지역 의사들이 교육과 경험을 충분히 쌓고 해당 지역에 안정적으로 머물 수 있도록 지원해야 해요. 의대 교육 지원도 착실히 이뤄져야 하죠. 2024년에도 의대 교육 지원 방안이 발표됐지만 증원 정책의 방향성이 분명하지 않아 투자가 늦어진 곳이 많았어요. 의대생 수백 명이 한꺼번에 수업을 듣고, 해부 실습이 구경만 하는 ‘관광 실습’처럼 되는 곳도 있다고 해요. 큰 사회적 갈등과 부담을 겪은 끝에 결정된 의대 증원인 만큼, 지역·필수 의료가 다시 살아나는 계기가 되도록 남은 과제를 하나씩 해결해 나가야 해요. 동아일보 2월 11일자 사설 정리",mock
의료개혁 / 의대 증원,복지부의 의대 증원 정책 성과 강조,의대 증원;정부 성과;복지부;의료개혁;정책 평가,https://news.google.com/rss/articles/CBMiW0FVX3lxTFBmY2pUTTZTeXp2LTZMbTZTWUxrV0YxS3JQOUxoVldjcTU5OGFkMGIyaDhPd3hyemFLWE10RExzVmhtY0c5U3NsMTNINWhibks0WHdaUVJLclNzQ0XSAWBBVV95cUxQQ0JFbjg1WFM1cWFySU8xYm1MX3BTcE84cmRfdmdzclZWbW1UaEJoeEJvWkxGOWhmTUE5b0RjbVc5cVdRVXN6R1ZzYVJEbDFMZmc1NjBBeHFUWHk0TUNINW4?oc=5&hl=en-US&gl=US&ceid=US:en,"李정부 1년…복지부 ""안전망 구축·과학적 의대 증원 등 성과"" - 연합뉴스",연합뉴스,정책_정당성,긍정적,복지부,"The article reports the Ministry of Health and Welfare's self-assessment, highlighting its achievements in medical reform and the scientific increase of medical school quotas.","李정부 1년…복지부 ""안전망 구축·과학적 의대 증원 등 성과"" 연합뉴스",partial
의료개혁 / 의대 증원,의대 증원 반대 및 교육 여건 우려,의대 증원;의료계 반발;교육 여건;의협,https://news.google.com/rss/articles/CBMickFVX3lxTE9NcW9FRXBjVExVc2k2VFVvWWNCSGpaQjN3TnVqZEZoQ2NIU2tKLVc0ejNnT0pOM3BWUDFGdkxJTkhfTGRnM1lHNloxZGZ5cGNNc2N2OWw3a014R3lEek5yVlNCZW1lcHpwZm5VVEJPYlQ0dw?oc=5&hl=en-US&gl=US&ceid=US:en,"의협 ""교육 여건 어렵다…의대정원 증원 절대 반대"" - 의협신문",의협신문,의료계_반발,부정적,의협,이 기사는 의협의 입장을 대변하며 의대 정원 증원에 대한 강한 반대와 교육 여건 악화 우려를 표명하고 있다.,"의협 ""교육 여건 어렵다…의대정원 증원 절대 반대"" 의협신문",partial
의료개혁 / 의대 증원,의대 증원 관련 주체별 입장 차이,의대 증원;정치권;의료계;시민단체;입장 차이,https://news.google.com/rss/articles/CBMiakFVX3lxTE9uYjVJNXdXLUR0NDJlUXJSRnRXOXN6NUh3RTk5cGpEMnA1S05LMTM4MHkxb1F4SGlSTXBzY0NGLVp1N0FnLWRidWlIQnRJandsNnZhaHEwOGZZZVFINVVlQkhBLXNZLWxsRVE?oc=5&hl=en-US&gl=US&ceid=US:en,의대 정원 증원에 정치권·의료계·시민단체 입장 제각각 - 병원신문,병원신문,갈등_구도,중립적,"정치권, 의료계, 시민단체","기사는 의대 정원 증원에 대한 정치권, 의료계, 시민단체의 각기 다른 입장을 다루며 갈등 구도를 제시하고 있다.",의대 정원 증원에 정치권·의료계·시민단체 입장 제각각 병원신문,partial
의료개혁 / 의대 증원,의대 증원 반대 및 의학교육 붕괴 우려,의대 증원;의협;의료계 반발;의학교육;정책 비판,https://news.google.com/rss/articles/CBMijwFBVV95cUxPOU9mSjRWMExZa2tGOHhpajcyZUJqLURnQ1Y0V1dvWUptdGFEVl9QRFM0N0V5UWdHaVExbDc2NzV4WWJHdXV4TnZhZVZDYl90YTlLb1NBVU5uTi01QVRfZlVSbVRPOTZQUWdyaEJuWlVaX3E3ZUlQZTNoNEptWVpwdUh1RmU4ZXlmWUtpM190SQ?oc=5&hl=en-US&gl=US&ceid=US:en,"의협 ""의대 증원, 숫자에 매몰된 결정…의학교육 붕괴 초래"" - 조선일보",조선일보,의료계_반발,부정적,대한의사협회,이 기사는 대한의사협회가 정부의 의대 증원 결정에 대해 의학교육 붕괴를 초래할 것이라며 강하게 반발하는 입장을 전달하고 있다.,"의협 ""의대 증원, 숫자에 매몰된 결정…의학교육 붕괴 초래"" 조선일보",partial
의료개혁 / 의대 증원,정부의 의대 증원 및 지역의사제 추진,의대 증원;지역의사제;정부 정책;의료 개혁,https://news.google.com/rss/articles/CBMiU0FVX3lxTFB1Smowd0Y2WERZeWZtVXZ2ZXpYbDNENTF4Ti1Ca2RSR0owaFFvSVpRbUhfOTA5cGNScHBuWXEzYldWblFBYjMxVm5sRHNlX1I0Mm5z?oc=5&hl=en-US&gl=US&ceid=US:en,"‘5년 동안 매년 668명 의대 증원’ 발표한 정부, 지역의사제로 정원 늘린다? 🧑‍⚕️ - 뉴닉",뉴닉,지역의료_확충,중립적,정부,이 기사는 정부가 발표한 의대 증원 계획과 지역의사제 추진 내용을 사실 전달 위주로 보도하고 있어 중립적인 프레임으로 분류했습니다.,"‘5년 동안 매년 668명 의대 증원’ 발표한 정부, 지역의사제로 정원 늘린다? 🧑‍⚕️ 뉴닉",partial
의료개혁 / 의대 증원,의료개혁 / 의대 증원 관련 세부 쟁점,의료개혁 / 의대 증원;newsis.com;정책,https://www.newsis.com/view/NISX20260602_0003653989,"의대 정원, 과학적 증원…인력 양성 확충[지역·필수·공공의료 강화①]",newsis.com,갈등_구도,중립적,정부,"'의대 정원, 과학적 증원…인력 양성 확충[지역·필수·공공의료 강화①]' 기사에서 newsis.com가 어떤 주체와 강조점을 전면에 두는지 기준으로 생성한 mock 태깅 결과입니다.","의대 정원, 과학적 증원…인력 양성 확충[지역·필수·공공의료 강화①] 의료대란 해소…갈등 없이 증원 이뤄내 지역의사·국립의전원 등 인력 양성 속도 [서울=뉴시스] 구무서 기자 = 이재명 정부 출범 이후 의료대란 해소와 의정갈등 봉합, 과학적 추계를 바탕으로 한 의대 증원이 보건의료 분야에서 두드러진 성과로 꼽힌다. 정부는 이를 바탕으로 지역·필수·공공의료 강화를 위해 인력 양성을 확충해 나갈 계획이다. 4일 보건복지부가 이재명 정부 출범 1주년을 맞아 발표한 주요 정책 성과를 보면 과학적 수급 추계와 민주적 논의를 통한 의대 증원이 포함돼있다. 의대 증원 문제는 코로나19 유행 기간이었던 2020년으로 거슬러 올라간다. 당시 문재인 정부에서는 코로나19 대유행을 겪으며 의료진 부족 사태를 겪었고, 의대 증원을 추진했으나 의료계 반발로 한 발 물러섰다. 그리고 이 문제를 코로나19 유행 안정화 이후 재논의하기로 했다. 코로나19 유행이 안정화되고 윤석열 정부가 들어서면서 의대 증원은 다시 논의에 불이 붙었다. 2023년에 1년 가까이 정부와 의료계가 논의를 거듭했으나 합의점을 찾지 못했고 정부는 향후 5년간 1만명의 의사가 부족하다며 연간 2000명의 의사를 추가 확보하기 위한 의대 증원 정책을 발표했다. 이에 전공의와 의대생들은 교육과 수련 질 저하 우려 등을 이유로 수련 현장과 강의실을 떠났고 전공의 의존도가 높았던 우리나라 의료 특성상 의료공백이 발생했다. 가장 큰 피해를 받은 건 환자들이다. 국회 보건복지위원회 소속 김윤 더불어민주당 의원실에 따르면 2024년 2~7월 의료공백 기간 발생한 의료기관 내 초과사망자는 3136명명에 달했다. 이재명 정부 출범 이후 의료인 출신인 정은경 복지부 장관을 필두로 의료계와 소통에 나서 신뢰를 회복한 이후 전공의 등이 복귀하면서 의료대란은 일단락됐다. 한국보건사회연구원이 보건복지부에 제출한 '2025년 의료서비스경험조사'에 따르면 지난해 7월 14일~9월 19일 1만4922명을 대상으로 조사한 결과 입원 대기 기간은 14.3일이었다. 입원 대기 기간은 코로나19 영향으로 입원이 줄었던 2021년 6.3일에서 2022년 14.7일, 2023년 13.6일이었다가 '의대 정원 2000명 증원'으로 의정갈등이 최고조에 달했던 2024년에는 17.5일로 증가했는데 2025년엔 14.3일로 감소한 것이다. 환자가 당일 혹은 원하는 날짜에 예약해서 입원한 경우도 2025년 92.9%로 전년(90.2%) 대비 2.7%포인트(p) 증가했다. 반면 전년 대비 외래 진료를 받기 위해 대기한 시간은 16.7분에서 18.9분으로 늘었다. 이는 의정갈등 해소로 전반적인 의료 이용량이 증가한 영향으로 풀이된다. 여기에 정부는 과거 실패를 교훈 삼아 참여와 소통, 과학적 근거를 바탕으로 한 의대 증원을 추진하기 위해 의료인력 수급추계위원회를 구성했다. 그 결과 지난 2월에 오는 2027년부터 2031년까지 5년간 의과대학 입학정원을 총 3342명 증원하기로 최종 결정했다. 이는 연평균 668명 규모의 증원이다. 지난 2024년 의대 정원 증원 발표를 계기로 촉발돼 2년여간 지속되며 의료 공백을 야기했던 극심한 의정 갈등을 딛고 이번에는 큰 사회적 진통이나 갈등 없이 대타협을 이뤄냈다는 점에서 정책적 의의가 매우 크다는 평가다. 이번에 증원되는 인력은 의료 취약지의 인력난 해소를 위해 서울을 제외한 전국 32개 의과대학을 중심으로 집중 배정된다. 정부는 지역 내 의료인력 정착을 유도하기 위해 지역의사선발전형 등을 적극 활용하여 신입생을 선발할 방침이다. 아울러 정부는 일시적인 정원 증원에 그치지 않고, 안정적이고 지속 가능한 지필공 의사인력 양성 체계를 확립하기 위한 제도적 기틀도 함께 마련했다. 우선 지역의사법 제정을 통해 오는 2031년까지 총 2942명의 학생을 지역의사로 선발한다. 이들은 장학금 등의 지원을 받는 대신, 면허 취득 후 일정 기간 지역 의료기관에서 의무 복무하며 지역 의료의 든든한 버팀목 역할을 맡게 된다. 여기에 공공의료 분야의 핵심 인재를 국가가 직접 양성하기 위한 국립의학전문대학원법 제정도 속도를 내고 있다. 정부는 이를 바탕으로 오는 2030년 국립의학전문대학원을 정식 도입해 공공의료의 질적 향상과 인프라 강화를 견인할 정예 인력을 체계적으로 육성할 계획이다. 복지부 관계자는 ""지난 의대정원 증원 결정은 독립적인 수급추계위원회의 과학적 수급 추계 모델과 미래 의료수요 분석, 그리고 다양한 이해관계자가 참여하는 민주적 거버넌스 논의 체계를 거쳐 도출된 결과""라며 ""단순한 정원 확대를 넘어 지역·필수의료 분야의 인력 불균형을 해소하는 것이 핵심으로 지역의사제와 공공의대 설립 등 필수의료 강화를 위해 마련된 입법·제도적 기반을 토대로, 지역과 필수의료 현장에서 국민의 생명을 지킬 수 있는 맞춤형 인력 양성·충원 체계를 속도감 있게 구축해 나가겠다""고 말했다. ◎공감언론 뉴시스 [email protected] Copyright © NEWSIS.COM, 무단 전재 및 재배포 금지",mock
의료개혁 / 의대 증원,전공의_블랙리스트_유포_처벌,전공의;면허취소;의정갈등;법적처벌;블랙리스트,https://www.hankyung.com/article/2026060350121,'의료 블랙리스트 유포' 전공의 면허 취소,hankyung.com,법적_책임_강조,중립적,사법부,이 기사는 의료계 집단행동 중 블랙리스트를 유포한 전공의에 대한 대법원의 최종 판결과 그로 인한 면허 취소 과정을 객관적으로 보도하며 법적 책임의 중요성을 강조한다.,"'의료 블랙리스트 유포' 전공의 면허 취소 대법원, 징역 2년·집유 4년 확정 3년 지나면 재교부 받을수 있어 3년 지나면 재교부 받을수 있어 2024년 의정 갈등 당시 ‘의료계 블랙리스트’를 온라인에 유포한 사직 전공의가 징역형의 집행유예를 확정받아 의사 면허를 잃게 됐다. 3일 법조계에 따르면 대법원 3부(주심 이숙연 대법관)는 스토킹처벌법 위반과 정보통신망법상 명예훼손 혐의로 기소된 사직 전공의 류모씨(33)에게 징역 2년에 집행유예 4년을 선고한 원심을 지난달 20일 확정했다. 류씨는 2024년 8~9월 정부의 의대 정원 증원에 반발한 의료계 집단행동에 동참하지 않은 의사와 의대생 등 2974명의 명단을 ‘페이스트빈’ ‘아카이브’ 등 해외 사이트에 21차례 게시한 혐의로 구속 기소됐다. 작년 6월 1심은 “의사와 의대생의 결정권을 침해하고 나아가 환자의 생명을 위협해 의료계 윤리를 해쳤다”며 류씨에게 징역 3년형을 선고했다. 류씨는 명단을 올린 행위가 스토킹 범죄에 해당하지 않는다고 주장했지만, 1심 재판부는 “정보통신망으로 제3자에게 개인정보를 배포해 피해자에게 공포심을 일으킨 스토킹 행위”라고 판단했다. 작년 10월 2심은 징역 2년에 집행유예 4년으로 감형했다. 항소심 재판부는 “타인을 압박하기 위해 사회적으로 문제가 되는 좌표 찍기를 한 것으로 엄한 처벌이 불가피하다”면서도 “초범으로 잘못을 인정하고 있고, 피해자들로부터 용서받기 위해 상당한 노력을 했다”고 밝혔다. 대법원도 원심 판단에 잘못이 없다고 보고 상고를 기각했다. 이번 판결로 류씨는 당분간 의사로 활동할 수 없게 됐다. 의료법은 금고 이상 형의 집행유예를 선고받으면 그 유예기간이 끝난 뒤 2년이 지날 때까지 의료인 면허를 취소하도록 규정한다. 다만 면허가 취소된 날부터 3년이 지나면 재교부받을 수 있다. 류씨 측은 상고심에서 자신에게 적용된 스토킹처벌법 조항이 명확성 원칙에 어긋난다며 위헌법률심판 제청을 신청했으나 기각됐다. 이인혁 기자 twopeople@hankyung.com 3일 법조계에 따르면 대법원 3부(주심 이숙연 대법관)는 스토킹처벌법 위반과 정보통신망법상 명예훼손 혐의로 기소된 사직 전공의 류모씨(33)에게 징역 2년에 집행유예 4년을 선고한 원심을 지난달 20일 확정했다. 류씨는 2024년 8~9월 정부의 의대 정원 증원에 반발한 의료계 집단행동에 동참하지 않은 의사와 의대생 등 2974명의 명단을 ‘페이스트빈’ ‘아카이브’ 등 해외 사이트에 21차례 게시한 혐의로 구속 기소됐다. 작년 6월 1심은 “의사와 의대생의 결정권을 침해하고 나아가 환자의 생명을 위협해 의료계 윤리를 해쳤다”며 류씨에게 징역 3년형을 선고했다. 류씨는 명단을 올린 행위가 스토킹 범죄에 해당하지 않는다고 주장했지만, 1심 재판부는 “정보통신망으로 제3자에게 개인정보를 배포해 피해자에게 공포심을 일으킨 스토킹 행위”라고 판단했다. 작년 10월 2심은 징역 2년에 집행유예 4년으로 감형했다. 항소심 재판부는 “타인을 압박하기 위해 사회적으로 문제가 되는 좌표 찍기를 한 것으로 엄한 처벌이 불가피하다”면서도 “초범으로 잘못을 인정하고 있고, 피해자들로부터 용서받기 위해 상당한 노력을 했다”고 밝혔다. 대법원도 원심 판단에 잘못이 없다고 보고 상고를 기각했다. 이번 판결로 류씨는 당분간 의사로 활동할 수 없게 됐다. 의료법은 금고 이상 형의 집행유예를 선고받으면 그 유예기간이 끝난 뒤 2년이 지날 때까지 의료인 면허를 취소하도록 규정한다. 다만 면허가 취소된 날부터 3년이 지나면 재교부받을 수 있다. 류씨 측은 상고심에서 자신에게 적용된 스토킹처벌법 조항이 명확성 원칙에 어긋난다며 위헌법률심판 제청을 신청했으나 기각됐다. 이인혁 기자 twopeople@hankyung.com",ok
의료개혁 / 의대 증원,복지부 의료개혁 성과 발표,의대 증원;의료개혁;복지부 성과;지역의료 확충;정책 정당성,https://www.dailypharm.com/user/news/338797?REFERER=NP,"[데일리팜]""의대 증원·제약 수출 100억불""…복지부, 1주년 성과 어필",dailypharm.com,정책_정당성,긍정적,보건복지부,이 기사는 보건복지부가 새 정부 출범 1주년 보건의료 분야 성과를 발표하며 의대 증원과 지역·필수·공공의료 기반 구축을 긍정적으로 강조하는 내용을 담고 있다.,"""의대 증원·제약 수출 100억불""…복지부, 1주년 성과 어필 - 이정환 기자 - 2026-05-23 06:00:42 - 가 - 가 - 가 - 가 - 가 - 가 - 정은경 장관, 이재명 대통령에 보고 …정책 홍보 전망 - 지역·필수·공공의료 강화 '6대 필수 입법' 완수도 어필 - 소득보장체계 강화·지역사회 통합돌봄, 복지 성과로 - PR - 잘 나가는 약국은 매달 보는 신제품 정보 ‘팜노트’ - 팜스타클럽 [데일리팜=이정환 기자] 보건복지부가 새정부 출범 1주년 보건의료 분야 성과로 의대정원 증원을 포함한 '지역·필수·공공의료 기반 구축'과 제약·바이오 수출액 100억달러 최초 돌파를 통한 '바이오헬스 수출강국 도약'을 내세웠다. 복지 분야에서는 전국민 소득보장체계 강화, 지역사회 통합돌봄 전 시군구 시행 등 전 사회적 기본생활 보장을 성과로 꼽았다. 최근 복지부 정은경 장관은 이같은 내용의 출범 1주년 성과를 이재명 대통령에게 보고한것으로 확인됐다. 복지부는 '더 가까운 의료', '더 성장하는 K-바이오헬스', '더 따뜻한 복지'로 1주년 성과를 압축했다. 구체적으로 의료의 경우 지역·필수·공공의료 기반을 구축하는 성적을 냈다는 게 복지부 자평이다. 복지부는 과학적 수급추계와 민주적 논의를 거쳐 의대정원을 연평균 668명 늘리는 성과를 냈다고 제시했다. 직전 윤석열 정부가 의대정원 2000명 증원 정책으로 의료계 반발과 필수의료 공백 사태를 촉발했던 문제를 이재명 정부 출범 이후 성공적으로 해결했다는 게 복지부 입장으로 풀이된다. 복지부는 2026년 3058명인 의대정원을 내년 3548명, 2028년과 2029년 각각 3671명, 2030년과 2031년 각각 3871명으로 늘린다. 지역의사 선발 전형과 국립의전원+지역의대를 합친 정원이다. 아울러 복지부는 지역·필수·공공의료 강화를 위한 6대 필수 입법도 완수했다고 강조했다. 지역의사법을 제정하고 국립의학전문대학원법 제정을 통한 공공의료 인재 양성 환경을 구축한데 이어 의료분쟁조정법 개정으로 중과실 없는 고위험 의료행위 의사에 대한 형사기소를 제한했다고 어필했다. 필수의료 의사에 대한 민형사 부담을 완화했다는 얘기다. 또 환자기본법 제정으로 환자 기본권리를 보장하고, 지역필수의료법 제정으로 지역필수의료 특별회계를 신설하는 동시에 국립대병원 설치법 개정으로 진료·교육·연구의 지역거점병원화에 성공했다고 내세웠다. 바이오헬스 분야는 역대 최고 제약·바이오 수출액인 104억달러를 기록한 점을 성과로 제출했다. K-바이오 백신·펀드 5800억원 달성, 보건의료 연구개발(R&D) 1조원 투자도 성과에 포함했다. 외국인 환자 200만명을 최초로 달성하고, 외국인환자 비대면진료 제도화, K-뷰티 수출액 114억 달러 역대 최고 실적을 낸 점도 강조했다. 복지 분야는 전국민 소득보장체계 강화, 지역사회 통합돌봄 전 시군구 시행, 국민연금기금 역대 최고 수익률 달성, 그냥드림 전국 신속 확대가 복지부가 추린 성과다. - 익명 댓글 - 실명 댓글 - 댓글 0 - 최신순 - 찬성순 - 반대순 오늘의 TOP 10 - 112.7조 정부 지원금 쏟아진다…K-바이오 R&D 재원 숨통 - 2실무 깊숙이 침투한 AI…업무 단축 뒤에 숨은 고용 불안 - 3P-CAB 첫 약가유연제 펙수클루...경쟁제품도 신청 만지작 - 42796억 오리지널 인수와 제네릭 매각…보령의 항암제 승부수 - 5""감기환자 약국 가고, 진료는 비대면""…ENT, 경영난 심화 - 6겔포스·카네스텐 등 스테디셀러 일반약의 변신과 도전 - 7원료의약품 제조 삼화바이오팜, GMP 적합판정 취소 - 8[기자의 눈] 한미약품, 집안 싸움보다 진한 '본업 경쟁력' - 9틀린 주민번호로 처방 발행…비대면 진료 허점 노출 - 10정부 압박에도 CSO 수수료율 확대 경쟁…시장 사수 몸부림",ok
의료개혁 / 의대 증원,의료개혁 / 의대 증원 관련 세부 쟁점,의료개혁 / 의대 증원;ziksir.com;정책,https://www.ziksir.com/news/articleView.html?idxno=131967,국립의전원법’ 본회의 통과…의료계 반발에 ‘제2 의대사태’ 불씨,ziksir.com,갈등_구도,중립적,정부,'국립의전원법’ 본회의 통과…의료계 반발에 ‘제2 의대사태’ 불씨' 기사에서 ziksir.com가 어떤 주체와 강조점을 전면에 두는지 기준으로 생성한 mock 태깅 결과입니다.,"[직썰 / 성유창 기자] 공공의료 인력 양성을 위한 국립의학전문대학원 설립 법안이 국회 본회의를 통과하면서 의료계 반발이 커지고 있다. 의대 증원과 지역의사제를 둘러싼 갈등이 남아 있는 상황에서 국립의전원까지 별도 의사 양성트랙이 법제화됐기 때문이다. 정부는 2030년 개교를 목표로 매년 100명 안팎을 선발하고, 졸업 후 15년간 공공보건의료기관 의무복무를 부과한다. 지역·필수의료 인력 확충이 명분이지만, 의료계는 의사 공급 확대 정책의 중복을 지적한다. ◇의대 증원 갈등 이어 별도 양성트랙 법제화 국립의전원법은 국가가 국립의학전문대학원을 설립해 공공의료 분야 의사를 양성하도록 한 법안이다. 졸업생은 의사면허 취득 뒤 보건복지부 장관이 지정하는 공공보건의료기관 등에서 15년간 복무해야 한다. 정부는 하위법령 마련과 설립준비위원회 구성, 교육과정 개발 연구에 착수한다. 학비 지원 범위와 선발 방식, 의무복무 기관 배치 등 세부 기준은 시행령과 후속 절차에서 정해진다. 정부 계획대로 지역의사제와 국립의전원이 함께 도입되면 2030년 의사 양성 규모는 3871명으로 늘어난다. 2024학년도 의대 정원 3058명보다 800명 이상 많은 수준이다. ◇지역의사제와 목적 중복…의료계 반발 확산 의료계는 국립의전원이 지역의사제와 목적이 겹친다고 지적한다. 지역·필수의료 인력을 늘리기 위해 지역의사제를 도입하는 상황에서 국립의전원까지 운영하면 공공의료 인력 양성 체계가 중복될 수 있어서다. 지역의사제도 장학 지원과 의무복무를 전제로 한다. 다만 복무 기간은 10년이다. 국립의전원은 이보다 긴 15년 의무복무를 부과한다. 의료계가 국립의전원을 더 강한 별도 의사 양성 체계로 보는 배경이다. 의대 증원 논란 이후 이어진 의사 공급 확대 갈등도 다시 커질 수 있다. 의료계는 정원 확대만으로 필수·지역의료 공백을 해소하기 어렵고, 병원 간 인력 경쟁과 교육 질 저하를 부를 수 있다고 주장해 왔다. 국립의전원법 통과로 논의는 선발과 배치, 복무 관리로 번지고 있다. 선발 기준, 의무복무 기관 배치, 이탈자 제재 수위, 지역의료 현장과의 연계 방식이 거론된다. ◇15년 의무복무 쟁점…면허정지·취소까지 가능 15년 의무복무와 면허 제재도 쟁점이다. 법안은 졸업생이 15년간 공공보건의료기관 등에서 복무하도록 하고, 이행하지 않을 경우 시정명령과 면허정지, 면허취소까지 가능하도록 했다. 의료계는 장기간 복무를 전제로 한 제재가 직업 선택의 자유와 거주·이전의 자유를 제한할 수 있다고 주장한다. 국가 지원을 받은 의사에게 복무 의무를 부과하더라도 15년이라는 기간과 면허 제재 수위는 과도하다는 입장이다. 의료계 일각에서는 헌법소원 가능성도 거론된다. 다만 위헌 여부를 따지기엔 아직 실제 처분 사례가 부족하다. 의무복무 이탈자에 대한 제재가 현실화되면 시정명령과 면허정지·취소의 적정성을 둘러싼 법적 공방이 이어질 수 있다. ◇수련 인프라도 과제…공공병원 역량 검증 필요 교육·수련 인프라도 과제다. 새 의학교육 체계를 운영하려면 지도전문의, 수련프로그램, 교육 조직과 예산, 술기 실습 장비, 임상교육 시설이 갖춰져야 한다. 정부는 의학교육평가인증 기준에 맞춘 교육과정과 교원 확보, 국립대병원·국립암센터 연계 실습과정을 마련하겠다는 계획이다. 감염·정신·중독·법의학 등 공공의료 특화 분야 교육도 추진한다. 의료계는 계획보다 실제 수련 여건을 지적한다. 국립·지방의료원이 지역 필수의료를 담당하면서 교육병원과 수련병원 기능까지 맡을 수 있느냐가 관건이다. 기존 대학병원도 전공의 수련과 진료 부담을 함께 안고 있는 상황에서 공공병원 중심의 교육체계를 단기간에 구축하기 어렵다는 주장도 나온다. 보건복지부 역시 국립의전원 설립과 운영에는 교육기관 건축, 교육과정, 운영체계 구축이 함께 필요하다며 사전 준비 필요성을 밝힌 바 있다. 의료계는 법안 통과 이후에도 반대 입장을 유지할 방침이다. 의료계 한 관계자는 “대학병원도 여러 여건상 교육병원 역할을 하기 힘든 상황에서 국립·지방의료원이 제 역할을 할 수 있을지 의문”이라며 “국립의전원 법안이 통과됐다고 해도 의료계는 지속적으로 반대 의사를 낼 예정”이라고 말했다.",mock
의료개혁 / 의대 증원,의료개혁 / 의대 증원 관련 세부 쟁점,의료개혁 / 의대 증원;docdocdoc.co.kr;정책,http://www.docdocdoc.co.kr/news/articleView.html?idxno=3039165,[칼럼] 감사원도 경고한 의대 실습의 '처참한 미래',docdocdoc.co.kr,갈등_구도,중립적,정부,'[칼럼] 감사원도 경고한 의대 실습의 '처참한 미래'' 기사에서 docdocdoc.co.kr가 어떤 주체와 강조점을 전면에 두는지 기준으로 생성한 mock 태깅 결과입니다.,"공정의료시민연구소 김현숙 책임연구원 의사를 길러내는 핵심과정은 임상실습의 수용 능력이다. 환자, 지도·평가 인력, 교육병원이라는 ‘현장 자원’이 따라오지 않으면, 수련교육에 균열이 생기고 결국 환자 안전과 의료의 질로 되돌아온다. 감사원은 지난 4월 27일 국회 교육위원회에서 제기된 의대 증원 사안에 대한 감사 결과 “전문”을 공개했다. 지난 2025년 11월 증원 추진 과정에 대한 선공개에 이은 후속 조치로, 이번 결과에는 의학교육의 질 저하 가능성에 대한 구체적인 내용이 포함됐다. 그간 의료계의 주관적 우려로 치부됐던 '임상실습 대란 가능성'이 감사원의 보고서를 통해 실체적 위기임이 증명된 것이다. 임상실습은 예비 의사가 필수적인 임상기술과 현장 경험을 습득하는 과정으로, 의료인력의 질적 수준을 결정짓는 의학교육의 핵심이다. 학생은 전문의의 감독하에 실제 진료 현장에서 환자와 대면하며, 이론으로 학습한 의학 지식을 진료 전 과정에 적용하는 법을 익힌다. 이 과정에서 환자의 증상을 관찰하고 진단 및 계획 수립에 참여함으로써, 의사로서 갖추어야 할 기본 역량을 체득하게 된다. 통상 의대 3·4학년에 걸쳐 진행되는 임상실습은 단계별 심화 과정을 거친다. 3학년에는 주요 임상 진료과를 3~4주 단위로 순환하며 기초 임상 역량을 다지고, 4학년에는 선택 실습을 통해 심화 경험을 쌓는다. 학생들은 내과, 외과, 산부인과 등 필수 전문과목을 포함해 최소 52주(주당 36시간 이상)의 과정을 이수해야 한다. 다양한 환자군과 이를 체계적으로 지도할 교수 인력이 뒷받침되지 않는다면, 임상실습은 교육이 아닌 단순 ‘방관’이나 ‘견학’으로 전락할 위험이 크다. 돈으로 환자를 살 수는 없다. 임상실습 여건의 구조적 한계 임상실습의 질은 학생이 현장에서 얼마나 다양한 환자를 마주하고, 어떤 환경에서 누구에게 지도를 받느냐에 달려 있다. 구체적으로는 다음과 같은 기본 여건이 전제돼야 한다. ▲임상 사례의 다양성: 교육 목적에 부합하는 질환별 환자군의 충분한 확보 ▲물적 인프라: 500병상 이상 규모의 임상실습 시설 운용 ▲지도 체계: 책임교수 및 전공의·전임의로 구성된 밀착 관리·감독 시스템 등이 그것이다. 정부가 예산을 투입해 시설을 보완한다 하더라도, ‘환자 수 확보’라는 본질적 문제는 대학의 통제 범위를 벗어나 있다. 이는 지역 인구 감소와 수도권 환자 쏠림 등 거시적인 의료 전달 체계의 문제와 직결돼 있기 때문이다. 교육 현장의 수용 능력을 무시한 급격한 증원이 임상실습의 질적 붕괴로 이어질 수밖에 없는 이유다. 교육부는 ‘무리 없는 증원’?, 현장에선 ‘수용 불가능한 교육 대란’ 충북의대와 강원의대의 정원은 기존 49명에서 2027년 88명, 2028년 이후 98명으로 100% 확대된다. 교육부는 2028년 100% 증원에 큰 무리가 없다고 공언한 바 있지만, 현장의 목소리는 비명에 가깝다(윤석열 정부의 의대정원 증원으로 2025년에는 충북의대는 49명에서 125명, 강원의대는 49명에서 91명으로 증원됐으며, 이후 2026년에는 49명을 각각 모집했다). 감사원 감사보고서에 따르면 “임상 실습여건 확보와 관련해, 충북의대 등 일부 대학은 임상 실습에 필요한 교육병원을 적기에 마련하지 못할 우려가 있었고, 임상의학 전임교원 등 임상 실습 학생을 지도·교육할 인력 확보에 어려움을 겪고 있어 관련 대책 마련이 필요”한 것으로 확인됐다. 또 실질적인 실습 기회 박탈도 가시화되고 있다. 현재 632병상 규모인 강원대병원의 경우, 증원 이후 임상실습에 들어갈 3·4학년 학생이 200명에 달하면 학생 1인당 환자 접촉 기회가 절반 수준으로 급감할 수 있다. 즉, 미래의 의사들이 환자곁이 아닌 복도에서 등 너머로 구경만 하게 될 처지에 놓이게 된 것이다. 강원의대는 “고육지책으로 지역보건지소 및 강원특별자치도 5개 의료원(강릉, 영월, 원주, 삼척, 속초)을 포함한 지역사회 1·2차 의료기관으로의 파견 교육을 확대할 계획이나, 파견 교육에 동반할 책임교수 등의 확보도 어려운 실정”임이 감사원 감사보고서를 통해 드러났다. 보건소, 의료원 실습으로 양질의 의사를 길러낼 수 있나? 보건소는 예방접종, 만성질환 관리, 기초 공공보건 업무를 수행하는 기관이지만 교육기관은 아니다. 학생들이 보건소 실습을 갈 때 교육을 지원할 인력이 없고, 교육 프로그램에 대한 계획을 보건소와 대학이 함께 해야 하지만 이에 대한 구체적인 내용이 없다. 익명을 요구한 지방의대생은 “지도 인력도 부족한 보건소에서 전문적인 임상 피드백을 제대로 받을 수 있을지 의문” 이라며 학내 분위기를 전했다. 의료원도 진료기관으로, 교육기관이 아니다. 의대 교수들은 학생들을 교육하기 위해 매년 일정 시간 이상 교수법 관련 교육을 이수한다. 이에 대해 지방의대 A교수는 “의료원 소속 의사에게 이러한 교육자 역할을 수행하고 필요한 교육을 이수하도록 강제할 수 있는가?” 라고 지적했다. 이어 의대 임상실습은 임상 환자 진료와 교수의 피드백을 통해 임상적 판단력을 축적하는 과정인데, 이러한 피드백과 교육을 의료원의 의사들에게 현실적으로 요구할 수 있을지 의문이라는 의견을 덧붙였다. 환자는 서울로, 학생은 빈 병원으로, 수련은 수도권으로 강원의대와 충북의대만의 문제가 아니다. 대다수 지방 의대가 실습에 필요한 ‘환자 다양성’을 안정적으로 확보하기...",mock
의료개혁 / 의대 증원,의료개혁 / 의대 증원 관련 세부 쟁점,의료개혁 / 의대 증원;doctorsnews.co.kr;정책,http://www.doctorsnews.co.kr/news/articleView.html?idxno=163928,"의대협 제24대 회장단 취임 ""의대 증원, 폰지사기""",doctorsnews.co.kr,갈등_구도,중립적,정부,"'의대협 제24대 회장단 취임 ""의대 증원, 폰지사기""' 기사에서 doctorsnews.co.kr가 어떤 주체와 강조점을 전면에 두는지 기준으로 생성한 mock 태깅 결과입니다.","손연우 회장 ""의대 증원 강행은 미래세대 착취…의료 민영화 초래"" 전국 의대교육 실태 전수조사 실시…지역의료 해결 대안 제시 예고 대한민국 2만 의대생을 대표하는 전국의과대학·의학전문대학원 학생협회 제24대 집행부가 공식 출범했다. 손연우 회장과 김동균 부회장은 3월 30일 취임 일성으로 히포크라테스 선서의 정신을 되새기며, 잘못된 의료 제도로 인한 국민적 피해를 방관하지 않겠다는 의지를 분명히 했다. ""2024년 휴학, 미래세대 건강 지키기 위한 선택"" 회장단은 우선 지난 2024년부터 이어진 의대생들의 집단 휴학 사태에 대해 ""눈앞의 환자를 버린 것이 아니라, 미래세대 전체의 건강을 지키기 위한 가장 고통스럽고도 불가피한 선택이었다""고 정의했다. 이어 전문가로서 제대로 된 의학교육을 받을 의무와 의료 지속가능성을 수호해야 할 책무가 현 정부의 정책으로 인해 가로막혀 있다고 지적했다. 특히 정부가 강행 중인 2000명 의대 증원에 대해 ""교육할 수 없는 수준의 규모""라고 비판하며, 이는 정치권이 표를 의식해 진실을 외면한 결과라고 날을 세웠다. ""건보 재정 고갈…의료 민영화 위기 경고"" 손연우 회장과 김동균 부회장은 취임사에서 건강보험 재정 위기를 경고했다. 회장단은 ""의료 공급이 수요를 창출하는 특성상 급격한 증원은 과잉 진료와 의료 이용 폭증을 불러올 것""이라며 ""이는 붕괴 직전의 폰지사기와 같은 건보 재정에 사형선고를 내리는 격""이라고 지적했다. 건보 재정 고갈 시 닥쳐올 미래로 '의료 민영화'를 지목했다. 감기 진료비 15만원, 자연분만 비용 수천만원에 이르는 의료 민영화 시대가 도래하면 경제적 여유가 있는 소수만이 양질의 진료를 받고 대다수 국민은 치료를 포기하는 참혹한 현실이 펼쳐질 것이라는 우려도 내놨다. 지역의사제 '일회용 의사' 양산…교육 붕괴 실태 고발 정부가 추진하는 지역의사제에 대해서도 ""실제 지역 복무 기간은 2∼3년에 불과한 껍데기 정책""이라고 일축했다. 지방의료원이 싼값에 부리기 위한 '최대 5년짜리 일회용 의사'를 양산하는 국민 기만책이라는 것이다. 특히, 정원 증원으로 인한 교육 현장의 파행을 정조준했다. 24·25학번이 중첩되는 '더블링' 현상과 2027년 군 휴학생의 복학으로 교육 붕괴가 심화될 것으로 전망했다. 회장단은 ""(의학교육평가원)인증 탈락 위기에 처한 학교가 속출하고 있다""면서 ""이런 환경에서 양성된 의사에게 국민의 생명을 맡길 수 없다""고 강조했다. 데이터와 논리로 무장한 '3대 핵심 전략' 발표 의대협은 비판에 그치지 않고 데이터에 기반한 능동적인 해결사로 나서겠다는 계획을 밝혔다. 이를 위해 세 가지 핵심 실행 방안을 제시했다. 첫째, 의대 교육 현장 실태의 객관적 수치화다. 카데바(해부용 시신) 부족, 임상 실습 형식화 등 교육 붕괴 실태를 전수 조사하여 과학적 지표를 확보할 계획이다. 이를 근거로 교육부와 소통하고 '교육 가능 정원'에 대한 명확한 기준을 제시하여 정원 재조정을 요구하기로 했다. 둘째, 지역의료 회생을 위한 실효적 인센티브 설계다. 단순 인원 확대가 아닌 의료사고 안전망 구축, 수가 정상화, 정주 여건 개선 등 젊은 의사들이 자발적으로 지역에 남을 수 있는 정책 모델을 제시하겠다고 밝혔다. 또한 증원이 불가피할 경우 해당 인력이 수도권 비경증 시장으로 유입되지 않도록 공공의료에 장기 고정 배치되는 '계약형 모델'을 선제적으로 제안할 방침이다. 셋째, 전국 40개 의과대학 연대 및 대국민 소통 강화다. 집행부 내 전담 조직을 구축해 유기적인 소통 구조를 확립하고, 정부 정책의 문제점을 조항 단위로 분석해 카드뉴스, 영상 등 다양한 콘텐츠로 국민에게 알릴 계획이다. 의대협 ""정치적 무관심 뒤에 숨지 않겠다"" 손연우 회장은 2만 의대생 동료들을 향해 ""정치적 무관심이라는 이름 뒤에 숨지 말고, 내일을 밝힐 책임을 다하자""고 독려했다. 의대협이 무너진 대한민국 의료를 바로 세우는 '확실한 빛'이 되겠다는 다짐과 함께 취임사를 마무리 했다. 대한의과대학·의학전문대학원학생협회 제24대 회장단 취임사(전문) 2만 의대생 회원 여러분, 안녕하십니까? 매일 건네던'안녕하십니까'라는 인사의 의미를 다시금 곱씹게 만드는, 작금의 의료계가 처한 어려운 현실 속에서 여러분께 인사드립니다. 저희는 오늘, 이길을 함께 걷는 동료들, 저희에게 의술을 가르쳐 주신 수많은 은사님들, 그리고저희가 생애를 바쳐 봉사할 국민 여러분 앞에서 히포크라테스선서의 숭고한 의미를 다시 한번 가슴에 새깁니다. ""비록 위협을 당할지라도 나의 지식을 인도에 어긋나게 쓰지 않겠노라.""(I will not use my medical knowledge to violate human rights and civil liberties, even under threat.) 우리의 이 엄숙한 맹세는, 눈앞의 개별환자의 생명을 구하는 것을 넘어, 잘못된 제도로 인해 결국무고한 국민이 구조적 피해를 보는 상황을 방관하지 않겠다는 다짐이기도 합니다. 지난 2024년, 전공의 선배들의 사직과 우리 의대생들의 휴학에 대해 누군가는 ""의사가 없었기 때문에 환자가 피해를 본 것이 아니냐?""라고 말합니다. 그러나 우리가 병원과 학교를 멈춘 것은 눈앞의 환자를 버리기 위함이 아니라, 다가오는 시간속 대한민국의 미래세대 전체의 건강을 지키기위한, 가장 고통스러우면서도 불가피한...",mock
의료개혁 / 의대 증원,의료개혁 / 의대 증원 관련 세부 쟁점,의료개혁 / 의대 증원;news.ebs.co.kr;정책,http://news.ebs.co.kr/ebsnews/allView/60720957/N,EBS뉴스 -,news.ebs.co.kr,갈등_구도,중립적,정부,'EBS뉴스 -' 기사에서 news.ebs.co.kr가 어떤 주체와 강조점을 전면에 두는지 기준으로 생성한 mock 태깅 결과입니다.,"[EBS 뉴스] 2년 전 갑작스러운 대규모 의대 정원 이후 강의실을 떠났던 학생들이 학교로 돌아온 지 이제 1년 가까이 됐습니다. 학생들의 우려를 넘어설 수 있도록 교육 환경을 개선하겠다는 것이 정부의 약속이었지만, 현실은 여전히 녹록지 않은데요. 먼저, 영상 보고 오겠습니다. [VCR] 2025년 7월 의대생 '복귀' 후 24·25학번 동시 수업 두 학기째 정부 ""의대 교육 여건 개선"" 인적·물적·제도적 지원 약속 그러나 여전히 열악한 의대 교육 이론 수업 '화면'으로 실습은 '관찰'만 휴학생 1천 명 내년 복귀 7천 명 동시 수업 가능하려면? ----- 서현아 앵커 의대 교육의 질이 무너지는 건, 단순히 대학만의 문제가 아닙니다. 결국 그 피해는 우리 국민 모두의 건강권으로 돌아올 수밖에 없기 때문인데요. 현재 상황과 과제에 대해 대한의과대학·의학전문대학원 학생협회 손연우 회장과 자세히 짚어봅니다. 네, 지난 2학기에 학생들이 복귀하면서 지금 24학번, 25학번이 지금 한꺼번에 수업을 듣고 있습니다. 학교에 따라서는 지금 4배까지 인원이 불어난 곳도 있는데 지금 수업을 듣고 있는 상황 어떻습니까? 손연우 회장 / 대한의과대학·의학전문대학원 학생협회 현재 의과대학의 교육 현장은 물리적 한계에 부딪힌 심각한 과밀 상태입니다. 원래 모든 의과대학의 교육 체계는 단일 학번을 기준으로 섬세하게 설계되어 있습니다. 하지만 24학번과 25학번이 동시에 교육을 받게 되면서, 학교별로 학생 수가 최소 1.5배에서 최대 4배 이상 급증했습니다. 대한의과대학·의학전문대학원학생협회(의대협)가 전국 40개 의대를 대상으로 수합한 보고서에 따르면, 대다수의 학교가 이 두 학번을 분리하지 못하고 동일한 공간에서 합반 형태로 수업을 강행하고 있습니다. 가장 먼저 눈에 띄는 것은 기초 교육 시설의 절대적인 부족입니다. 한국의학교육평가원의 의학교육 평가인증 기준에 따르면, 의대는 교육과정에 적합한 교육기본시설과 적절한 시청각 기기, 쾌적한 환경을 필수적으로 확보해야 합니다. 하지만 현실은 규정을 한참 벗어나 있습니다. 기존 의과대학 건물로는 학생 수용이 불가능해 공과대학 대강의실을 빌려 변칙적으로 수업을 하거나, 시험 칠 공간조차 없어 책상이 없는 대형 강당을 전전하며 불편하게 시험을 치르고 있습니다. 대형 강의실 뒤편의 학생들은 교수님의 판서조차 보이지 않고, 좁은 공간에 달린 모니터를 올려다보느라 학생들의 목 통증 호소가 잇따르는 등 기본적인 학습권조차 침해받고 있습니다. 더욱 우려스러운 점은 교육 방식의 질적 하락입니다. 의학교육은 단순히 듣는 것을 넘어 교수와 학생의 밀접한 상호작용이 필수입니다. 공식 평가 기준에서도 소규모 교수법이나 능동적인 학습 참여를 명시하고 있습니다. 그러나 현재는 수강 인원이 과도하게 늘어나 조별 발표 시간이 턱없이 부족해져 정상적인 수업 이수와 평가에 차질이 빚어지고 있으며, 교수님과의 실시간 질의응답이나 밀착 지도는 사실상 불가능해진 상태입니다. 서현아 앵커 네, 지금 늘어난 인원에 비해서 공간이나 인력이 너무나 부족하다 보니까 여러 가지 어려움이 있는 것 같습니다. 특히 의학 교육의 경우에 실습이 생명이지 않습니까? 실습은 더 어려울 것 같은데 어떤가요? 손연우 회장 / 대한의과대학·의학전문대학원 학생협회 현재 해부학 실습을 비롯한 기초의학 실습 현장은 학생들의 정상적인 실습 기회가 전혀 보장되지 못하는 비정상적인 상태입니다. 해부학 실습은 공간과 기자재는 물론이고 무엇보다 한정된 카데바의 제약을 절대적으로 받는 과목입니다. 카데바는 단순히 예산을 더 투입한다고 해서 당장 실험실의 현미경처럼 추가 구매할 수 있는 것이 아니기 때문에, 24·25학번 통합으로 인한 수용 한계가 가장 직접적이고 치명적으로 표출되고 있습니다. 여러 학교에서 해부학 실습을 진행하는 시기가 26-1학기, 26-2학기, 27-1 학기와 같이 다른데, 현재 26-1학기에 24, 25학번이 함께 해부를 진행하는 학교는 4개 학교입니다. 4개 학교만 진행되고 있는 현재도 벌써 실제 현장에서는 참담한 상황이 벌어지고 있습니다. '카데바 1구당 20명'의 학생이 몰려드는 극심한 과밀 현상이 나타난 바 있습니다. 직접 메스를 들고 인체 구조를 해보아야 삼차원적인 인체 구조에 대한 해부학적 지식을 습득할 수 있습니다. 눈으로만 지켜보는 현재의 참관 위주 실습은 공식 인증 기준이 요구하는 '능동적 실습'에 한참 미달하는 것이며, 결과적으로 장차 환자의 생명을 다룰 예비 의사들의 핵심 기초 역량을 심각하게 훼손하고 있습니다. 앞으로 해부 실습을 진행하는 학교가 많아진다면 이와 같은 유사 사례가 속출할 것으로 보입니다. 서현아 앵커 네, 실습이라기보다는 참관 수업에 가깝다라고 지금 얘기를 해 주셨는데요. 더 걱정스러운 건 앞으로의 교육입니다. 학년이 올라갈수록 실습의 중요성이 커지는데 이제 곧 임상실습도 나가야 하지 않겠습니까? 학생들 사이에서 제대로 될 수 있을까 걱정이 많이 나올 것 같은데요. 손연우 회장 / 대한의과대학·의학전문대학원 학생협회 네, 매우 심각하게 우려하고 있는 부분입니다. 본과 3, 4학년 시기에 교육병원 현장에서 이루어지는 '임상실습(이른바 PK실습)'은 환자의 생명을 다루는 예비 의사로서 실제 임상 능력을 체화하는 가장 핵심적인 단계입니다. 하지만 현 상황대로라면 이 단계에서...",mock
의료개혁 / 의대 증원,의료개혁 / 의대 증원 관련 세부 쟁점,의료개혁 / 의대 증원;newsis.com;정책,https://www.newsis.com/view/NISX20260604_0003656303,방글라데시 홍역 사망자 600명 넘었다…'백신 공백'이 키운 참사,newsis.com,갈등_구도,중립적,정부,'방글라데시 홍역 사망자 600명 넘었다…'백신 공백'이 키운 참사' 기사에서 newsis.com가 어떤 주체와 강조점을 전면에 두는지 기준으로 생성한 mock 태깅 결과입니다.,"방글라데시 홍역 사망자 600명 넘었다…'백신 공백'이 키운 참사 3월 발병 후 의심 환자 8만명 육박…미접종 아동 피해 확산 시위·팬데믹 여파로 2020년 이후 정기 예방접종 중단 유니세프 ""아동 영양부족이 치명률 키웠다"" 4일 튀르키예 국영 뉴스통신 아나둘루 등에 따르면, 방글라데시 보건당국은 전날 하루 동안 7명의 사망자가 추가되면서 지난 3월 중순 첫 발병 이후 총사망자가 601명으로 집계됐다고 밝혔다. 이 중 실험실 검사로 확진된 사망자는 90명이며, 나머지 511명은 홍역 의심 증상을 보이다 숨진 것으로 파악됐다. 현재까지 보고된 누적 의심 환자는 8만3700여명에 달한다. 이 가운데 확진 판정을 받은 환자는 9200여명이지만, 현지 보건소의 진단 키트 부족으로 인해 실제 감염자와 사망자는 공식 통계치를 크게 웃돌 것으로 추정된다. 유엔아동기금(UNICEF·유니세프)은 이번 사태의 근본 원인으로 '예방접종 공백'을 꼽았다. 방글라데시에서는 지난 2020년 코로나19 팬데믹 정국과 최근 정치적 격변기를 거치면서 정기적인 대규모 백신 접종이 사실상 중단된 상태였다. 치명적인 보건 인프라 마비가 결국 대규모 영유아 인명 피해로 이어졌다는 지적이 나왔다. 특히 생후 9개월 미만 영아와 접종을 받지 못했거나 일부만 접종한 어린이들이 감염과 중증 위험에 크게 노출된 상태다. 방글라데시 정부는 세계보건기구, 유니세프 등과 함께 긴급 홍역·풍진 백신 접종을 확대하고 있지만, 빈민가와 농촌 지역, 단기 거주 아동 등 사각지대에 있는 어린이들을 모두 찾아 접종하는 데 어려움을 겪고 있다. 홍역은 기침과 재채기 등을 통해 공기로 전파되는 전염성이 매우 강한 질환이다. 감염 후 고열, 콧물, 충혈, 기침 등의 증상이 나타나고 이후 발진이 이어진다. 영양 상태가 좋지 않거나 백신을 맞지 않은 어린이의 경우 폐렴, 뇌염 등 합병증으로 이어져 사망할 수 있다. 보건 전문가들은 확산세를 막기 위해서는 단순한 대규모 접종을 넘어 지역별 미접종 아동을 찾아내는 세밀한 접종 계획이 필요하다고 지적했다. 환자 조기 격리, 산소 치료, 영양 지원 등 의료 대응도 병행돼야 한다는 목소리가 나왔다. ◎공감언론 뉴시스 [email protected] Copyright © NEWSIS.COM, 무단 전재 및 재배포 금지",mock
의료개혁 / 의대 증원,의료개혁 / 의대 증원 관련 세부 쟁점,의료개혁 / 의대 증원;mk.co.kr;정책,https://www.mk.co.kr/article/12058693,“신규환자 7일까지만 처방” 비대면진료 규제에 만성질환자 ‘발동동’ - 매일경제,mk.co.kr,갈등_구도,중립적,정부,'“신규환자 7일까지만 처방” 비대면진료 규제에 만성질환자 ‘발동동’ - 매일경제' 기사에서 mk.co.kr가 어떤 주체와 강조점을 전면에 두는지 기준으로 생성한 mock 태깅 결과입니다.,"의사 62%, 처방일수 7일 제한 반대 “만성질환자 치료 연속성 끊길 것” 우려 정부가 비대면진료 신규 환자의 처방일수를 7일로 제한하고 의료기관별 비대면진료 비율을 30%로 묶는 규제안을 추진하면서 의료 현장의 반발이 거세지고 있다. 비대면진료에 참여 중인 의사 10명 중 8명은 정책 결정 과정에서 현장 의견이 철저히 배제됐다고 답했으며, 규제가 강행될 경우 의사 3명 중 1명은 제도 참여를 중단하겠다는 뜻을 밝혔다. 의료계에서는 만성질환자의 진료 연속성이 끊어지고 야간 소아진료 공백 등 심각한 의료 접근성 저하가 나타날 수 있다고 우려한다. 원격의료산업협의회는 지난 12일부터 14일까지 사흘간 닥터나우·나만의닥터·솔닥·굿닥 등 회원사 플랫폼에 참여 중인 의사 1300명을 대상으로 정부의 비대면진료 하위법령 방향에 대한 인식조사를 실시했다고 27일 밝혔다. 이번 조사는 △신규 환자 처방일수 7일 이내 제한 △처방 가능 의약품 범위의 행정적 제한 △의료기관당 비대면진료 비율 30% 상한 등 3대 핵심 규제안에 대한 현장 입장을 파악하기 위해 진행됐다. 의사들은 정부가 검토 중인 일률적 규제안에 대해 우려를 표명했다. 핵심 쟁점인 신규 환자 처방일수 7일 이내 제한에 대해서는 응답자의 62.1%(169명)가 반대 의견을 제시했다. 처방 가능 의약품을 행정적으로 제한하는 방안 역시 52.9%(144명)가 반대했다. 의사들이 반대하는 가장 큰 이유는 환자의 피해가 불 보듯 뻔하기 때문이다. 신규 환자 7일 처방 제한 도입 시 우려되는 사항(복수 응답)으로 ‘장기 복용이 필요한 만성질환자의 치료 연속성 제한’을 꼽은 응답이 70.6%(192명)에 달했다. 원산협에 따르면 비대면진료를 3회 이상 이용한 환자의 73.9%가 동일 성분 의약품을 반복 처방받는 만성·반복 관리 목적의 환자였다. 처음 만난 의사라는 이유로 처방을 7일로 제한하면 고혈압·당뇨 등을 앓는 환자들이 매주 진료를 반복하거나 치료를 중단해야 하는 불편을 겪게 된다. 이어 응답자의 39.3%(107명)는 ‘직장인·양육자 등 대면진료가 어려운 환자의 의료접근성 제한’을 우려했다. 신규 이용자의 98%가 초진인 점을 고려할 때 대면 접근이 어려워 비대면을 택한 환자들의 문턱을 정부가 오히려 높이고 있다는 지적이다. 선재원 원산협 공동회장은 “신규 환자 처방일수를 7일로 일률 제한할 경우 만성·경증 질환자의 치료 연속성이 떨어지고 반복적인 재진이 불가피해져 환자의 의료비와 시간 부담 등 사회적 비용이 커질 수 있다”며 “비대면진료의 안전성과 효과성에 대한 객관적 데이터를 기반으로 보다 현실적인 논의가 이뤄져야 한다”고 말했다. 원산협 “보다 현실적 논의 이뤄지길 정부 안대로 하위법령이 확정될 경우 비대면진료 생태계의 위축이 불가피하다는 우려가 나온다. 응답 의사의 36%(98명)는 법 시행 전부터 비대면진료 지속 여부를 심각하게 고민하고 있다고 답했다. 의료계에서는 코로나19 엔데믹 이후 비대면진료가 한시적 허용 체계에서 시범사업으로 전환되던 당시, 의사 참여가 급감하면서 현장 혼란이 발생했던 상황이 반복될 수 있다는 전망도 제기된다. 향후 월 진료 건수 전망에서도 감소 예상이 우세했다. 응답자의 53.7%(146명)는 진료 건수가 20% 이상 줄어들 것으로 내다봤고 13.6%(37명)는 “사실상 참여가 어려워질 것”이라고 답했다. 자유응답에서는 규제 기준의 현실성을 지적하는 의견이 이어졌다. 한 소아청소년과 개원의는 “주간 외래만 운영해도 비대면진료 비율이 30%를 넘는 경우가 많다”며 “하위법령이 시행되면 기존 야간 비대면진료를 유지하기 어려워지고 이로 인해 야간 소아환자의 진료 접근성이 낮아질 수 있다”고 말했다. 약국 현장에서는 단기 처방 증가로 재고 관리 부담이 커지면서 조제 거부 사례가 발생하거나 의료취약지 환자의 의약품 접근성이 낮아질 수 있다는 지적이 나온다. 이번 조사에서 가장 두드러진 대목은 소통 부재다. 응답 의사의 78.3%(213명)가 ‘비대면진료에 실제 참여 중인 의료인의 목소리가 반영되지 않았다’고 답한 반면, 반영되고 있다는 응답은 7.0%(19명)에 불과했다. 정부 규제안의 취지와 근거에 대해서도 절반 이상인 59.6%가 ‘모른다’고 답했다. 비대면진료의 안정적 도입을 위한 과제(복수 응답)로는 ‘의사의 처방권 등 전문 재량을 존중하는 법제화(63.6%)’가 1순위로 꼽혔다. 이어 △비대면진료 비율 제한 완화(45.6%) △의사·환자를 위한 안전장치 마련(40.1%) △처방 가능 일수 현행 유지 및 완화(39.0%) 순이었다. 원산협은 이번 조사 결과를 바탕으로 국회, 정부 등과 소통하며 의료 현장의 의견을 전달할 계획이다. 이슬 원산협 공동회장은 “의사의 임상 판단권과 환자 안전 보장은 획일적인 규제가 아닌 실제 운영 결과와 근거에 기반한 관리 체계를 통해 확보해야 한다”며 “국내에서도 지난 6년간 관련 경험과 검증 데이터가 축적됐고 일본 등 주요국 역시 비대면진료를 의료체계 안에 정착시킨 만큼 정부도 현장 상황을 반영한 제도 설계에 나설 필요가 있다”고 말했다.",mock
의료개혁 / 의대 증원,의대 면접 방식 및 평가 기준 변화,의대 면접;AI 의료윤리;의료 공공성;의사 역량;인재 선발,https://www.veritas-a.com/news/articleView.html?idxno=611869,[단독] 2027의대 MMI 어떻게 나올까 ‘AI시대 의사 역할’.. ‘AI 의료윤리/공공성 문항 출제’,veritas-a.com,제도개선,중립적,대학/교육계,"이 기사는 의대 MMI 면접의 변화된 출제 경향과 평가 기준을 분석하며, AI 의료윤리 및 공공성 등 미래 의사에게 요구되는 역량을 선발하기 위한 제도 개선의 노력을 다루고 있다.","10개 의대 2026기출 분석 “의학지식보다 판단력”.. 공동체 갈등/윤리 딜레마 평가 [베리타스알파=신현지 기자] 올해 의대 면접의 주축인 MMI는 어떻게 출제될까. 2026학년 기준 MMI면접은 서울대 고려대 가톨릭대 울산대 강원대 건양대 계명대 대구가톨릭대 인제대 한림대까지 10개교가 실시했다. 자세한 사항은 5월말 요강 공개 이후 알 수 있지만, 올해도 10개교는 MMI면접을 진행할 가능성이 크다. 최근 각 대학이 공개한 ‘2026 선행학습 영향평가 보고서’(이하 2026선행보고서)를 분석한 결과, 의대 MMI에서는 AI 의료윤리와 의료 공공성, 근거기반의학(Evidence-Based Medicine), 공동체 갈등 상황 등을 중심으로 한 문항이 두드러졌다. 단순 인성 질문을 넘어 실제 의료현장과 사회적 논쟁 상황을 제시하고, 수험생이 과학적 사고와 윤리적 판단, 공감 능력을 어떻게 연결하는지를 평가하려는 흐름이 강해진 모습이다. 다수 출제된 주제를 살펴보면, AI 진료 에이전트 오진 문제, 항생제 내성, 예방접종 거부, 새벽배송 건강권 논란, 실험동물 윤리, 타이레놀과 자폐 연관성 논쟁 등 현실 사회 이슈를 기반으로 한 문항이 대거 등장했다. 대학들은 단순 찬반 의견보다 공공성과 개인 권리 사이에서 균형 있는 판단을 내릴 수 있는지, 불확실한 정보를 비판적으로 해석할 수 있는지, 환자와 공동체를 고려한 의사소통 역량을 갖췄는지를 중점적으로 확인하려 한 것으로 보인다. MMI(Multiple Mini Interview, 다중미니면접)는 복수의 면접실을 순환하며 다양한 상황 제시형 문항에 답하는 의대 특화 면접 방식이다. 단일 면접실에서 진행하는 일반 제시문 면접과 달리, 짧은 시간 동안 여러 평가자가 지원자를 다각도로 관찰하는 구조다. 의학지식 암기보다 인성, 공감 능력, 윤리의식, 의사소통 능력, 문제 해결력 등을 종합적으로 평가하는 데 초점이 맞춰져 있다. 생명을 다루는 직업 특성상 단순 성적만으로는 확인하기 어려운 의사로서의 자질을 검증하기 위한 장치로 자리 잡으면서, 최근에는 정시 수능전형까지 확대되는 추세다. 특히 제시문만 공개한 여타 대학과 달리, 강원대 건양대 고려대 한림대의 4개교는 문항카드와 출제의도, 채점기준, 예시답안까지 공개하며 수요자 친화 행보를 보였다는 평가다. <공통 키워드.. ‘AI’ ‘공공성’.. “정답보다 사고 과정 본다”> 올해 의대 MMI 문항에서 가장 두드러진 주제는 AI와 의료윤리, 공공성, 근거기반의학(Evidence-Based Medicine) 등이다. 특히 현실형 문항 확대가 눈에 띈다. 단순 인성 질문이나 교과 지식 확인을 넘어, 실제 의료현장과 사회적 갈등 상황 속에서 지원자가 어떤 판단을 내리는지 확인하려는 방향이 뚜렷해졌다는 분석이다. 대학들은 공통적으로 “정답” 자체보다 지원자가 문제를 해석하고 근거를 구성하는 과정, 타인과 사회를 고려하는 태도를 중점적으로 평가했다고 설명했다. 특히 AI 관련 문항이 다수 등장한 점이 눈길을 끈다. 대구가톨릭대는 AI 진료 에이전트의 오진 가능성과 AI 돌봄 시스템의 위험 신고 사례를 제시하며, AI 시대에도 의사에게 필요한 윤리성과 책임 의식을 질문했다. 계명대 역시 AI 챗봇과 인간 의사의 차이를 묻는 문항을 통해 신뢰 형성과 공감 능력의 중요성을 평가했다. 가톨릭대는 AI와 독서의 차이를 비교하게 하며, 의사에게 필요한 공감 능력과 비판적 사고를 인문학적 관점에서 접근했다. AI 기술 자체의 이해보다, 기술 발전 속 인간 의사의 역할을 어떻게 바라보는지를 확인하려는 취지로 풀이된다. 의료 공공성과 공동체 의식을 묻는 문항도 반복적으로 출제됐다. 한림대는 지역 의료 불균형과 지역 의무근무 제도를 제시했고, 건양대는 예방접종 거부와 공공의 건강 충돌 문제를 다뤘다. 계명대는 새벽배송 노동자의 건강권과 소비자 편익 충돌 문제를 제시했으며, 건국대(글로컬)는 응급환자 이송 과정에서 발생하는 의료 공백 상황을 통해 의사의 책임과 판단을 물었다. 단순히 개인 의견을 묻기보다, 공공성과 개인 권리 사이에서 균형 있는 결론을 도출할 수 있는지를 평가하려는 공통 흐름이 확인된다. 자료 해석과 과학적 사고력을 강조한 문항 역시 증가했다. 강원대는 생활습관과 스트레스의 상관관계를 분석하게 했고, 건양대와 동국대(WISE)는 민감도와 특이도, 혈당 항상성, 당뇨 진단 자료 등을 활용한 분석형 문항을 출제했다. 계명대는 폐암 기사 자료를 바탕으로 교란변수와 연구 설계 방법을 설명하도록 했다. 단순 교과 개념 암기가 아니라 자료를 해석하고 근거를 논리적으로 설명할 수 있는지를 평가하려는 의도가 반영된 것으로 보인다. 교육계에서는 최근 의대 MMI가 ‘의학 지식 시험’보다는 ‘예비 의료인의 사고 과정 평가’로 이동하고 있다고 분석한다. 실제 의료현장에서 마주할 수 있는 윤리적 딜레마와 사회 문제를 어떻게 이해하고, 환자와 공동체를 고려해 소통하고 판단하는지가 핵심 평가 요소로 자리 잡고 있다는 설명이다. <서울대.. 제시문 기반 면접 ‘인지편향부터 장례문화까지’> 서울대 의학계열의 경우 수시뿐 아니라 정시에서도 면접/구술고사를 실시한다. 수시에서는 복수의 면접실에서 진행하는 다중미니면접(Multiple Mini Interview, MMI) 형태이지만 정시에서는 한 고사실에서 운영하는...",ok
의료개혁 / 의대 증원,의료 기사법 개정안에 대한 의료계의 환자 안전 우려,의료 기사법 개정;환자 안전;의료계 반발;책임 공백,https://biz.sbs.co.kr/article_hub/20000311366?division=NAVER,"의료 계 ""' 환자 안전 위협' 의료 기사법 개정, 강행하면 전방위 대응""",biz.sbs.co.kr,의료계_반발,부정적,의료계,"이 기사는 의료 기사법 개정안에 대한 의료계의 강력한 반대 입장을 다루며, 환자 안전 위협과 책임 공백으로 인한 국민 피해를 경고하는 내용을 강조한다.","상정된 의료 기사법 개정안(남인순·최보윤 의원 대표발의)에 대해 ""책임 공백 으로 인해 환자 안전에 미칠... 돼 피해 는 국민에게 돌아갈 것""이라고 주장했습니다. 의료 계는 처방을 내린 의사·치과의사와 다른 의료 기관에...",partial
의료개혁 / 의대 증원,의료개혁 / 의대 증원 관련 세부 쟁점,의료개혁 / 의대 증원;it.chosun.com;정책,https://it.chosun.com/news/articleView.html?idxno=2023092162404,의료기사법 심사 앞두고 의사·치과의사 반발 확산… “환자 안전 위협”,it.chosun.com,갈등_구도,중립적,정부,'의료기사법 심사 앞두고 의사·치과의사 반발 확산… “환자 안전 위협”' 기사에서 it.chosun.com가 어떤 주체와 강조점을 전면에 두는지 기준으로 생성한 mock 태깅 결과입니다.,"의료기사 업무 수행 기준을 완화하는 의료기사법 개정안이 국회 심사대에 오르면서 의료계 반발이 거세지고 있다. 의료기관 밖에서 이뤄지는 방문재활·이동형 검사 등 지역사회 기반 의료서비스 확대 필요성이 입법 명분으로 제시됐지만, 의사와 치과의사 단체는 환자 안전과 의료 책임 체계를 흔드는 졸속 입법이라며 즉각 철회를 요구하고 나섰다. 대한의사협회와 대한치과의사협회는 19일 서울 여의도 국회의사당 앞에서 ‘의료기사법 개정 결사 저지 전국 의사·치과의사 대표자 궐기대회’를 열고 국회 보건복지위원회 법안심사1소위원회에 상정 예정인 의료기사법 개정안 철회를 촉구했다. 두 단체는 결의문을 통해 “국회가 전문가단체의 경고를 무시한 채 의료체계의 근간을 흔드는 졸속 입법을 강행하려 한다”며 “국민 건강을 위협하는 위험천만한 법안”이라고 주장했다. 논란의 핵심은 의료기사 업무 수행 기준을 현행 ‘의사 또는 치과의사의 지도 아래’에서 ‘지도 또는 처방·의뢰에 따라’로 바꾸는 부분이다. 물리치료사, 작업치료사, 임상병리사 등 의료기사는 현재 의사 또는 치과의사의 지도 아래 검사·재활치료 등 진료 보조 업무를 수행한다. 개정안이 통과되면 의료기사 업무가 의사·치과의사의 직접 지도뿐 아니라 처방이나 의뢰만으로도 가능해지는 길이 열릴 수 있다. 법안을 발의한 쪽은 통합돌봄 확대에 맞춘 제도 개선이라는 입장이다. 고령자와 장애인 등 의료취약계층이 병원에 직접 가지 않더라도 지역사회와 생활공간에서 재활·검사 서비스를 받을 수 있도록 하려면 ‘병원 밖 의료’ 제공 기반을 마련해야 한다는 것이다. 특히 방문재활과 이동형 검사 수요가 커지는 상황에서 기존의 의료기관 중심 규정만으로는 서비스 접근성을 높이기 어렵다는 논리가 깔려 있다. 그러나 의료계는 해당 개정안이 단순한 편의성 확대가 아니라 면허체계와 책임 구조를 흔드는 문제라고 보고 있다. 대한의사협회와 대한치과의사협회는 결의문을 통해 “현행 의사 및 치과의사의 ‘지도’를 ‘처방·의뢰’로 바꾸는 것은 면허체계의 원칙을 망각한 위험한 시도”라며 “직접적인 지도·감독이 배제되면 의료기사의 임의적 업무 수행으로 환자 상태 변화에 따른 적절한 대처와 의료행위가 불가능해진다”고 말했다. 의료계가 가장 우려하는 지점은 방문재활 등 의료기관 밖 현장에서 환자 상태가 급변할 경우다. 김택우 대한의사협회 회장은 “의료는 단순히 처방 한 장으로 끝나는 것이 아니라 환자 상태를 계속 확인하고 위험성을 재평가하며 문제 발생 시 즉각 대응할 수 있어야 한다”며 “처방 중심으로 방문재활 체계가 바뀌면 실제 현장에서는 환자 안전 공백이 커질 가능성이 높다”고 말했다. 그는 또 “물리치료사 방문재활은 정부 로드맵상 2028~2029년 안정기에 도입될 예정인데 현재 단계에서 법 개정을 서두를 이유가 없다”고 주장했다. 책임 소재 문제도 의료계가 강하게 제기하는 쟁점이다. 결의문은 의사와 치과의사의 관여가 어려운 원외 환경에서 의료기사가 단독으로 업무를 수행하다 사고가 발생하면 책임 소재가 불분명해질 수 있다고 지적했다. 이는 행정적 부담과 법적 분쟁, 비용 낭비로 이어져 결국 국가 보건의료체계의 혼란을 키울 수 있다는 주장이다. 김교웅 대한의사협회 대의원회 의장도 같은 취지로 “사고 발생 시 의사는 ‘환자 상태 변화를 몰랐다’고 하고 의료기사는 ‘처방대로 했다’고 하게 될 것”이라며 “결국 가장 큰 피해는 환자와 가족에게 돌아갈 수밖에 없다”고 말했다. 이정우 대한치과의사협회 회장 직무대행은 “의료기사 업무가 의사·치과의사의 ‘지도’가 아닌 ‘처방·의뢰’만으로 가능해진다면 예측 불가능한 독단적 조치가 이뤄질 수 있다”며 “부실 진료가 양산되고 피해는 국민에게 돌아갈 것”이라고 했다. 의료계 내부에서는 이번 개정안이 향후 의료기사 직역의 독자 업무 확대나 독자 개원 논의로 이어질 수 있다는 경계감도 크다. 두 단체는 “이번 개정안은 의사 및 치과의사의 감독 책임을 약화시켜 추후 의료기사가 의료행위를 독자적으로 수행하고, 나아가 독자적 개원이 가능하도록 업무 범위를 확장하려는 근거를 마련하는 꼼수”라고 비판했다. 국회 복지위 법안심사1소위가 이날 오후 개정안을 심사할 예정이지만 통과 여부는 불투명하다. 복지위 관계자는 “의료기사법 개정안에 관한 일부 의원들의 반발이 있어 이날 통과 여부는 알 수 없다”고 전했다. 의료계는 국회가 심사를 강행할 경우 전면 대응에 나서겠다는 입장이다. 대한의사협회 관계자는 “면허체계의 근간을 흔들고 국민 건강권을 위협하는 이번 입법은 결코 수용할 수 없다”며 “국회가 현장의 우려를 무시하고 일방적인 법안 처리를 강행한다면 보건의료 질서를 수호하기 위해 가능한 모든 수단을 동원할 것”이라고 말했다. 김동명 기자 simalo@chosunbiz.com",mock
의료개혁 / 의대 증원,복지부의 의대 증원 및 보건복지 정책 성과 발표,의대 증원;보건복지부;정책 성과;지역필수의료;국가책임,https://www.yna.co.kr/view/AKR20260529167600530?input=1195m,"李정부 1년…복지부 ""안전망 구축·과학적 의대 증원 등 성과"" | 연합뉴스",yna.co.kr,정책_정당성,긍정적,보건복지부,"이 기사는 보건복지부가 이재명 정부 1년간의 보건복지 분야 주요 성과를 발표하며 의대 증원 정책의 과학적, 민주적 추진을 강조하는 내용을 담고 있다.","(서울=연합뉴스) 성서호 기자 = 보건복지부는 이재명 정부 출범 1주년을 맞아 그간 보건복지 분야 성과의 하나로 과학적·민주적 의대 정원 증원 등 지역·필수·공공의료 기반 구축을 꼽았다. 복지부는 31일 이런 내용을 포함해 총 4개 분야의 '이재명 정부 1주년 보건복지 주요 성과'를 발표했다. 복지부가 첫 번째로 꼽은 성과는 전 국민 기본생활 안전망 구축이다. 안전망 구축의 세부 성과로는 생계급여 최대 금액(4인가구 최대 월 207만8천원) 지급, 26년만의 의료급여 부양비 폐지, 국민연금 기금 역대 최고 수익률 달성(작년 기준 18.82%), 생계 위기를 겪는 이들을 위한 먹거리·생필품 무상 지원 사업 '그냥드림' 전국 확대 등을 꼽았다. 기본생활 안전망 구축에 이은 두 번째 성과는 지역·필수·공공의료 기반 구축이다. 이 부문에서 복지부는 과학적 수급 추계, 민주적 논의를 바탕으로 의대 정원을 늘린 점을 강조했다. 복지부는 총 7차례의 보건의료정책심의위원회 논의를 거쳐 의대 정원을 향후 5년간 총 3천342명 늘리기로 했다. 복지부는 또 의료 분야에서 지역·필수·공공의료 강화를 위한 6대 필수 입법 완수, 응급환자 이송체계 혁신 시범사업 등 응급의료체계 개선, 국민 의료비 부담 완화를 성과라고 평가했다. 이 밖에 복지부는 통합돌봄 체계 구축, 아동수당 확대 등 돌봄에 대한 국가 책임 강화, 바이오헬스 수출액 역대 최고치 달성도 성과로 꼽았다. 정은경 복지부 장관은 ""지난 1년은 사회적 약자를 위한 안전망을 넓히고, 보건의료의 공공성을 강화하며 국가 성장 동력 기반을 확충하는 시간이었다""며 ""앞으로도 복지부는 모든 국민이 안심하고 내일을 꿈꿀 수 있는 따뜻하고 건강한 대한민국을 만들기 위해 노력하겠다""고 말했다. soho@yna.co.kr 제보는 카카오톡 okjebo<저작권자(c) 연합뉴스,무단 전재-재배포, AI 학습 및 활용 금지>2026/05/31 12:00 송고2026년05월31일 12시00분 송고 (세종=연합뉴스) 김도훈 기자 = 이재명 대통령과 강훈식 비서실장이 16일 정부세종컨벤션센터에서 열린 보건복지부(질병관리청)·식품의약품안전처 업무보고에 입장하고 있다. 가운데는 정은경 복지부 장관. 2025.12.16 [대통령실통신사진기자단] superdoo82@yna.co.kr",ok
의료개혁 / 의대 증원,의료개혁 / 의대 증원 관련 세부 쟁점,의료개혁 / 의대 증원;edaily.co.kr;정책,https://www.edaily.co.kr/news/newspath.asp?newsid=01521926645454496,의대 정원 확대·통합돌봄 전국 시행…제약·바이오 수출도 최대,edaily.co.kr,갈등_구도,중립적,정부,'의대 정원 확대·통합돌봄 전국 시행…제약·바이오 수출도 최대' 기사에서 edaily.co.kr가 어떤 주체와 강조점을 전면에 두는지 기준으로 생성한 mock 태깅 결과입니다.,"31일 복지부가 발표한 ‘4대 핵심분야 주요성과’에 따르면 복지 분야에서는 저소득층 지원을 강화했다. 정부는 80여개 복지사업 기준으로 활용되는 기준중위소득을 역대 최대 수준인 6.51%(4인가구 기준)로 인상하고 생계급여를 월 최대 207만 8000원까지 늘렸다. 의료급여 부양의무자 부양비도 제도 시행 26년 만에 폐지했다. 노후소득 보장 분야에서는 국민연금기금이 지난해 18.82%의 역대 최고 수익률을 달성했다. 다변화한 포트폴리오 운영과 국내 주식시장의 폭발적인 성장에 힘입어 지난해 연금 지급액의 약 5배인 231조원 이상의 수익을 거줬다. 청년층 노후소득 보장 기반도 확대했다. 출산과 군복무 시 국민연금 가입 기간을 추가 인정해주는 크레딧제도의 경우 군복무 크레딧은 기존 6개월에서 12개월로 확대됐고, 출산 크레딧도 첫째 자녀부터 12개월을 추가 인정하도록 개편했다. 고령층의 경제활동을 위축시킨다는 지적을 받아온 국민연금 감액제도도 개선했다. 기존에는 근로·사업소득이 전체 가입자 평균소득(A값)을 초과하면 연금이 감액됐다. 그러나 앞으로는 A값에 200만원을 더한 수준인 월 519만원(2026년 기준) 미만인 경우 감액 대상에서 제외된다. 복지부는 약 10만명이 혜택을 볼 것으로 보고 있다. 의료 분야에서는 의대 정원 확대와 지역의사제 도입이 핵심 성과로 꼽혔다. 정부는 2027~2031년 5년간 의대 입학정원을 연평균 668명씩, 총 3342명 확대하기로 했다. 아울러 ‘지역의사법’과 ‘국립의학전문대학원법’ 등 지역·필수·공공의료 강화를 위한 6대 입법을 완료했다고 밝혔다. 응급의료 체계도 개선했다. 중증응급환자가 골든타임 내 적정 의료기관으로 이송될 수 있도록 광주·전북·전남 지역에서 ‘응급환자 이송체계 혁신 시범사업’을 펼쳤다. 복지부는 시범사업 결과를 바탕으로 지역별 의료 여건에 맞는 응급환자 이송체계를 정비할 계획이다. 소아진료 기반도 확충했다. 경증 소아환자를 대상으로 야간과 휴일에 진료하는 달빛어린이병원은 33개소가 추가돼 4월 현재 148개소로 늘었고, 소아전문응급의료센터도 12개소에서 14개소로 확대했다. 돌봄 분야에서는 지난 3월 지역사회 통합돌봄이 전국 시행됐다. 통합돌봄은 일상생활 기능과 건강상태 등 58개 항목에 대한 종합적인 분석을 바탕으로, 의료·가사지원·주거환경 개선 등 일상생활에 필요한 서비스를 개인 맞춤형으로 연계해 제공된다. 하루 평균 717명이 서비스를 신청하고 있으며, 지난 22일 기준 신청자는 총 2만 7956명이다. 1인당 평균 3.3건의 돌봄서비스를 연계받고 있다. 장기요양 재택의료센터도 전국 229개 시·군·구에 422개소가 설치됐다. 바이오헬스 분야에서는 수출 실적이 두드러졌다. 지난해 바이오헬스 수출액은 279억달러로 역대 최대를 기록했다. 제약·바이오 수출은 처음으로 100억달러를 돌파했고 K뷰티 수출도 114억달러로 사상 최대치를 경신했다. 외국인 환자 유치 실적 역시 처음으로 200만명을 넘어섰다. 정은경 복지부 장관은 “지난 1년은 사회적 약자를 위한 안전망은 촘촘히 넓히고 보건의료의 공공성을 강화하며 국가 성장 동력 기반을 확충하는 시간이었다”고 말했다. 이어 “모든 국민이 안심하고 내일을 꿈꿀 수 있는 따뜻하고 건강한 대한민국을 만들기 위해 끊임없이 노력하겠다”고 밝혔다.",failed
의료개혁 / 의대 증원,의료개혁 / 의대 증원 관련 세부 쟁점,의료개혁 / 의대 증원;kado.net;정책,https://www.kado.net/news/articleView.html?idxno=2053113,복지부 “이재명 정부 1년 과학적·민주적 의대 증원 성과” - 강원도민일보,kado.net,갈등_구도,중립적,정부,'복지부 “이재명 정부 1년 과학적·민주적 의대 증원 성과” - 강원도민일보' 기사에서 kado.net가 어떤 주체와 강조점을 전면에 두는지 기준으로 생성한 mock 태깅 결과입니다.,"5년간 의대 정원 3342명 확대 추진 총 7차례 보건의료정책심의위 논의 2030년 의대 정원 3871명으로 확대 돌봄 강화·바이오헬스 산업 등 성과 보건복지부가 이재명 정부 출범 1주년 보건복지 분야 주요 성과로 향후 5년간 의대 정원 3342명 증원을 포함한 의료인력 확충 계획을 전면에 내세웠다. 복지부는 31일 발표한 ‘이재명 정부 1주년 보건복지 주요 성과’에서 지역·필수·공공의료 기반 구축을 핵심 성과 중 하나로 꼽았다. 특히 과학적 수급 추계와 민주적 논의를 바탕으로 의대 정원을 확대하기로 한 점을 강조했다. 복지부에 따르면 정부는 총 7차례의 보건의료정책심의위원회 논의를 거쳐 2027년부터 2031년까지 의대 정원을 총 3342명 늘리기로 했다. 연도별 증원 규모는 2027년 490명, 2028년 613명, 2029년 613명, 2030년 813명, 2031년 813명이다. 현재 3058명인 의대 정원은 2030년부터 3871명으로 확대된다. 정부는 의대 정원 확대와 함께 지역·필수·공공의료 강화를 위한 6대 필수 입법을 완수하고 응급환자 이송체계 혁신 시범사업 등을 추진해 응급의료체계 개선과 의료 접근성 강화에도 성과를 냈다고 평가했다. 복지부는 이번 증원이 단순한 정원 확대를 넘어 지역 의료인력 부족 문제를 해소하고 필수의료 기반을 강화하기 위한 중장기 계획이라고 설명했다. 복지부는 이 밖에도 생계급여 최대 금액 지급, 26년 만의 의료급여 부양의무자 기준 폐지, 국민연금 기금 역대 최고 수익률 달성, 통합돌봄 체계 구축, 아동수당 확대, 바이오헬스 수출액 역대 최고치 달성 등을 주요 성과로 제시했다. 정은경 보건복지부 장관은 “지난 1년은 사회적 약자를 위한 안전망을 넓히고, 보건의료의 공공성을 강화하며 국가 성장 동력 기반을 확충하는 시간이었다”며 “앞으로도 복지부는 모든 국민이 안심하고 내일을 꿈꿀 수 있는 따뜻하고 건강한 대한민국을 만들기 위해 노력하겠다”고 말했다.",failed
의료개혁 / 의대 증원,정부 의료개혁 성과 및 정책 방향,의대 증원;지역의료;필수의료;응급의료;정책_성과,https://www.dailymedi.com/news/news_view.php?wr_id=936932,복지부 “과학적 의대 증원·응급의료체계 마련”,dailymedi.com,정책_정당성,긍정적,복지부,이 기사는 정부가 의대 증원 및 지역·필수·응급의료 강화 등 보건복지 분야의 주요 정책 성과를 발표하며 정책의 정당성과 긍정적 효과를 강조하고 있다.,"의사 채용 채용 복지부 “과학적 의대 증원·응급의료체계 마련” 이재명 정부 1년 주요 성과 공유…“K-바이오헬스 최대 수출 기록” 2026.05.31 14:02 댓글쓰기 이재명 정부 출범 이후 ▲지역·필수·공공의료 기반 구축을 비롯한 ▲전국민 기본생활 안전망 구축 ▲돌봄에 대한 국가책임 강화 ▲잠재성장률 반등을 위한 바이오헬스 산업 육성 등 4대 핵심분야를 차질 없이 이행하고 있다는 성과 평가가 제시됐다. 특히 과학적 수급추계 및 민주적 논의 기반 의대정원 증원, 지역·필수·공공의료 강화를 위한 6대 필수 입법 완수, 국민의 생명을 살리는 응급의료체계 개선 등은 최대 성과로 꼽혔다. 보건복지부는 31일 이 같은 내용의 이재명 정부 출범 1주년을 맞아 보건복지 분야 주요 성과를 발표했다. 정은경 장관은 “지난 1년은 ‘기본이 튼튼한 복지강국, 국민 모두가 행복한 대한민국’ 실현을 위해, 사회적 약자를 위한 안전망은 더 촘촘히 넓히고, 보건의료 공공성을 강화하며, 국가 성장 동력 기반을 확충하는 시간이었다”고 설명했다. 그는 “앞으로도 모든 국민이 안심하고 내일을 꿈꿀 수 있는 따뜻하고 건강한 대한민국을 만들기 위해 끊임없이 노력하겠다”고 강조했다. 의대 입학정원 확대 ‘지역·필수·공공의료’ 기반 구축 과학적 수급추계 및 민주적 논의에 기반하여 의대정원을 증원했다. 2027~2031년 5년간 의대 입학정원 연평균 668명 증원(5년간 총 3342명)을 결정했다. 의대정원 결정은 의사인력 수급추계위원회 수급추계 결과에 기반했다. 총 7차례 보건의료정책심의위원회 논의 등 민주적 의사결정 과정을 통해 이뤄졌다. 지역·필수·공공의료 강화를 위해 증원인력은 기존 의과대학 중 서울을 제외한 32개 의과대학의 지역의사선발전형으로 선발하고, 국립의학전문대학원·신설지역의대 신설에 활용키로 했다. 아울러 지역·필수·공공의료 강화를 위한 6대 필수 입법을 완수했다. 안정적인 지역·필수·공공의료 의사인력 양성기반을 마련했다는 평가다. 지역의사 양성을 위한 ‘지역의사법’을 제정, 2027년부터 2031년까지 총 2942명을 지역의사선발전형으로 선발할 계획이다. 공공의료 인재 양성을 위한 국립의학전문대학원법을 제정했으며, 2030년 국립의학전문대학원을 도입할 예정이다. 지역·공공의사인력이 본격적으로 배출되기 시작하는 2033년까지의 공백은 계약형 지역필수의사제(4개 시도 87명)와 시니어의사(136명)를 통해 보완해나가고 있다. 의료진과 환자 모두를 위한 의료사고 안전망을 구축했다. 의료기관개설자 등에게 사망·의식불명 등 중대 의료사고에 대한 설명의무를 법제화하고, 책임보험 가입을 의무화 했다. 불가항력 의료사고에 대한 국가책임도 강화했다. 고위험 필수의료행위에 대한 형사부담을 완화할 수 있도록, 중과실이 없고 손해배상을 완료한 경우 기소를 제한하는 법적근거를 마련했다. 연간 1조원 이상 지역·필수의료에 투자하는 지역필수의료 특별회계를 신설하고, 국립대병원을 진료·교육·연구의 지역거점병원으로 육성하는 기반도 마련했다. 국민 생명을 살리는 응급의료체계를 개선했다. 중증응급환자가 골든타임 내 적정 응급의료기관으로 신속하게 이송될 수 있도록, ‘응급환자 이송체계 혁신 시범사업’을 실시했다. 소아진료 기반도 확충했다. 경증 소아환자를 대상으로 야간과 휴일에 진료를 제공하는 달빛어린이병원은 33개소, 소아 응급환자에게 365일 24시간 전문적인 응급진료를 제공하는 소아전문응급의료센터는 2개소를 추가 확충했다. 달빛어린이병원이 운영되고 있지 않은 소아의료 취약지역을 대상으로 야간·휴일 운영비 지원도 새로 실시했다. 국민 의료비 부담을 완화했다. 희귀질환 산정특례 대상질환을 70개 신규 추가하고, 희귀·중증난치질환 산정특례 재등록 기준도 완화했다. 환자치료 접근성 향상 및 건강보험 지속가능성 제고를 위한 국민건강보험 약가제도 개선방안도 마련했다. 과잉 우려가 큰 비급여 항목을 건강보험 체계 내에서 관리하는 관리급여 제도를 도입했다. 사회적 편익을 높이기 위해 적정한 의료 이용 관리가 필요한 도수치료는 7월, 이후 방사선온열치료·경피적 경막외강 신경성형술 관리급여 시행은 단계적으로 추진할 계획이다. 잠재성장률 반등 위한 ‘바이오헬스 산업 육성’ K-바이오헬스 수출액 역대 최고치를 달성했다. 작년 관세 등 불확실한 여건 속에서도 바이오헬스(제약·바이오, 의료기기, 화장품) 수출액은 279억달러로 전년 대비 10.3% 증가한 역대 최대 실적을 기록했다. K-바이오 백신·펀드 5800억원 조성과 적극적인 보건의료 주요 R&D 투자 등을 통해 2025년 제약·바이오 수출액은 최초로 100억달러를 돌파했다. 또 피부 빅데이터 구축, 수출국 정보 제공 및 한류 영향 등으로 지난해 K-뷰티 수출액은 역대 최고인 114억 달러를 기록했다. 의료통역사·코디네이터 등 전문인력 양성 등을 기반으로 지난 2009년 외국인환자 통계 집계 이후 처음으로 2025년 외국인환자 유치 실적이 200만명을 돌파했다. 현장 목소리에 기반한 바이오헬스 규제를 합리화했다. 국제적 수준의 강화된 임상평가를 거친 혁신적 의료기기는 의료기기 허가 후 기존 기술 여부 확인만으로 시장 즉시 진입을 허용, 시장진입 기간을 최대 490일에서 최소 80일로 대폭 단축했다. 첨단재생의료에 대한 환자 접근성 제고와 연구 활성화를 위해 난치질환 가이드라인을...",ok
의료개혁 / 의대 증원,의료개혁 / 의대 증원 관련 세부 쟁점,의료개혁 / 의대 증원;wikitree.co.kr;정책,https://www.wikitree.co.kr/articles/1139449,전공의들이 '윤석열 전 대통령 법정 최고형 선고' 진정서를 특검에 제출한 이유,wikitree.co.kr,갈등_구도,중립적,정부,'전공의들이 '윤석열 전 대통령 법정 최고형 선고' 진정서를 특검에 제출한 이유' 기사에서 wikitree.co.kr가 어떤 주체와 강조점을 전면에 두는지 기준으로 생성한 mock 태깅 결과입니다.,"전공의들이 '윤석열 전 대통령 법정 최고형 선고' 진정서를 특검에 제출한 이유 작성일 전국전공의노동조합 2일 성명 발표 전국전공의노동조합 소속 전공의들이 윤석열 전 대통령에게 법정 최고형을 선고해야 한다는 내용의 진정서를 제출했다. 전국전공의노동조합은 2일 윤 전 대통령과 김용현 전 국방부 장관, 박안수 전 계엄사령관을 특수강요미수 혐의에 따라 처벌해 달라는 진정을 '윤석열·김건희에 의한 내란·외환 및 국정농단 행위의 진상규명을 위한 특별검사'에 제출했다고 밝혔다. 이번 진정서 제출에 동참한 전공의는 모두 279명이다. 노조는 이와 관련해 발표한 성명에서 ""중대한 국가 폭력의 대상이 됐던 전공의들은 그 주동자와 부역자들에게 최대한의 엄벌을 가해 어떠한 권력도 국민의 인권과 존엄 위에 군림할 수 없다는 원칙을 분명히 세우길 바란다""고 강조했다. 이는 2024년 12월 3일 비상계엄 사태 당시 계엄사령부가 발표한 포고령에 기인한다. 당시 포고령에는 ""전공의를 비롯해 파업 중이거나 의료현장을 이탈한 모든 의료인은 48시간 내 본업에 복귀해 충실히 근무하고 위반 시 계엄법에 의해 처단한다""는 내용이 담겼다. 노조는 ""제 마음에 들지 않는 모든 사람을 체제 전복 세력으로 규정한 포고령에서 우리는 명확한 처단 대상이었다""며 ""국회 앞으로 달려간 시민들이 없었더라면, 국회를 연 의원들이 없었더라면, 그 끔찍한 계획은 현실이 됐을 것""이라고 말했다. 이들은 또한 ""친위 쿠데타로 민주주의를 40년 이상 후퇴시킨 윤석열 전 대통령은 역사의 심판을 받아야 한다""며 ""윤석열 전 대통령과 그 일당에게 민주주의 사회가 가할 수 있는 최대한의 엄벌을 탄원한다""고 덧붙였다. 전공의들과 윤석열 정부의 갈등은 2024년 의과대학 입학 정원 확대 정책에서 시작됐다. 의대 정원 증원에 강력히 반발한 전공의들은 2024년 2월부터 사직서를 내고 현장을 이탈했다. 정부는 면허 정지 처분 등 강경 대응으로 맞섰고 의료 공백 사태가 장기화했다. 이러한 갈등 국면 가운데 2024년 12월 3일 윤석열 당시 대통령은 비상계엄을 전격 선포했다. 1980년 이후 처음 발령된 계엄 정국에서 포고령 제1호가 발표됐고, 여기에 전공의 복귀를 강제하는 조항이 이례적으로 포함됐다. 해당 포고령은 48시간 이내 복귀하지 않으면 계엄법으로 처단하겠다고 명시해 의료계 전반에 큰 충격을 줬다. 비상계엄은 선포 직후 국회로 모인 시민들과 의원들의 신속한 조치로 단시간에 해제됐다. 국회 본회의에서 계엄 해제 요구 결의안이 가결되면서 윤 대통령은 계엄을 철회했다. 이후 윤 대통령은 헌정 질서 파괴 혐의로 탄핵소추안이 통과돼 결국 파면되는 헌정사상 초유의 사태를 맞았다. 현재 활동 중인 특별검사팀은 윤 전 대통령의 내란 및 국정농단 의혹 전반을 수사하고 있다. 노조가 특검에 진정서를 낸 것은 당시 군 수뇌부의 압박을 불법적인 강요 미수 범죄로 처벌해 달라는 구체적인 사법적 요구다. 특수강요미수는 다중의 위력을 보이거나 무기를 휴대해 사람의 권리행사를 방해하려다 미수에 그친 범죄를 뜻한다.",mock
의료개혁 / 의대 증원,전공의 공백에 따른 외과 병동 운영 변화 및 제도 개선 필요성,전공의 공백;진료지원 간호사;입원전담전문의;다직종 협업;의료체계 개선,http://www.docdocdoc.co.kr/news/articleView.html?idxno=3039596,"전공의 떠난 외과병동, PA가 메웠다…“현실 반영 제도화 필요”",docdocdoc.co.kr,제도개선,혼합,의료진,"전공의 공백 이후 외과 병동의 다직종 협업 체계 변화를 조명하며, 진료지원 간호사의 역할 확대와 함께 법적 보호 및 체계적인 교육 등 제도 개선의 필요성을 강조하고 있다.","외과학회 춘계학술대회 세션서 외과 병동 변화 집중 조명 “버티는 현장 넘어 지속가능한 다직종 협업 체계 필요” 전공의 집단사직 후 외과 임상현장이 전공의 중심병동체계에서 진료지원 간호사와 입원전담전문의 등 다직종 협업 구조로 바뀐 상황에서 현실을 반영한 제도 개선이 필요하다는 진단이 나왔다. 대한외과학회는 지난달 29일 경주화백컨벤션센터에서 진행한 2026 대한외과학회 춘계학술대회 첫날 ‘전공의 공백 전·후 외과 임상현장의 변화와 전문간호사의 역할 재정의’ 세션을 진행했다. 해당 세션에서는 의정 갈등 후 외과병동 변화와 지속 가능한 진료체계 구축 방안이 집중 논의됐다. 건양의대 외과 성낙송 교수는 ‘전공의 중심 임상 구조 속 전담간호사의 위치’를 주제로 한 발표에서 미국과 일본 사례를 소개하며 국내 제도 변화 방향을 제안했다. 성 교수는 “미국의 진료지원 간호사(PA)는 의사 감독 하에 과 간 이동이 비교적 자유로운 개념이고 전문간호사(NP)는 독립 진료소 개설이 가능한 자격체계”라며 “일본은 고령화에 따른 재택의료 대응을 위해 21개 범주 38개 특정 의료행위를 프로토콜화해 인정간호사제도를 운영하고 있다”고 말했다. 이어 “국내는 의정사태라는 특수 상황 속에서 지난해 3월 진료지원간호사 시범사업이 시작되며 직제가 급격히 정착됐다”며 해외와 우리나라는 상황이 다르다고 설명했다. 건양대병원 외과 사례도 소개했다. 성 교수는 “전공의는 7명에서 3명으로 감소했지만 전담간호사는 16명으로 확충됐다”며 “야간 당직이나 토요일 오전 퇴원 환자 드레싱처럼 기존 전공의 역할 상당 부분을 전담간호사가 담당하고 있다”고 말했다. 다만 “현재 법제화 과도기로 경력 3년 미만 인력의 교육 이수 문제 등 정리되지 않은 부분이 많다”며 “무엇보다 교수진 피로도가 극도로 높아진 상황이기 때문에 향후 외과학회 차원의 평가 시스템 현실화와 인공지능(AI) 기반 프로토콜 치료(CP·CDS) 구축이 필요하다”고 덧붙였다. 계명대 동산병원 윤지희 전문간호사는 ‘공백을 메운 전담간호사:역할 확장과 현실’을 주제로 한 발표에서 전공의 공백 후 외과 현장이 급격히 재편됐다고 했다. 윤 간호사는 “전공의 집단사직 후 외과병동은 교수와 전담간호사 중심의 이원적 소통체계로 바뀌었다”며 “동의서 작성, 타과 협진, 응급수술 어시스트 등 과거 인턴과 전공의가 맡던 연결 기능이 사실상 전담간호사에게 넘어왔다”고 말했다. 이어 “회진자료 준비와 환자 정보 정리, 교수에게 직접 보고하는 다이렉트 노티 시스템, 수술 전후 배액관·상처 모니터링까지 업무 범위가 전방위적으로 확대됐다”고 덧붙였다. 실제 응급수술 사례도 공유했다. 윤 간호사는 “17개월 장중첩증 환자 응급수술 당시 퇴근 시간이었지만 교수와 함께 수술방에 들어가 직접 어시스트를 맡았다”며 “현장에서는 역할 범위를 고민할 여유도 없이 환자를 위해 움직일 수밖에 없는 상황이 반복됐다”고 말했다. 하지만 역할 확대 이면의 부담도 크다고 했다. 그는 “진료 연속성은 유지됐지만 간호사들은 역할 경계의 모호성과 책임·권한의 비대칭 속에서 극심한 불안감을 겪고 있다”며 “처방 대행 등 법적 보호가 불명확한 상황에서의 업무 수행은 ‘역할 확장’이라기보다 ‘버팀’에 가깝다”고 지적했다. 연세의대 강남세브란스병원 이해준 입원전담전문의는 일부 전공의 복귀 후에도 병동 구조는 과거로 돌아가지 않았다고 진단했다. 그는 “현재 복귀율이 약 36.8% 수준이지만 병동은 과거 수직적 구조로 회귀하지 않았다”며 “현재는 전공의·입원전담전문의·임상전담간호사가 상호작용하는 혼합형 팀 구조로 재설계되고 있다”고 말했다. 이어 “전공의는 과거처럼 병동 전체를 담당하기보다 수술·당직·회진 중심 역할로 재배치됐고 입원전담전문의는 환자 관리와 처방, 병동 운영 등 연속성을 유지하는 핵심 축이 됐다”며 “임상전담간호사는 가장 많은 환자 접점을 담당하며 실무와 조정 역할을 맡고 있다”고 설명했다. 다만 다직종 협업 구조 속 새로운 문제도 발생하고 있다고 했다. 그는 “소통 경로가 다각화되면서 오더 전달 누락이나 잘못된 정보 인지 등 ‘의사소통 분절’ 현상이 나타나고 있다”며 “명확한 역할 정의와 최종 책임 소재 규명이 없다면 현재 팀 기반 진료는 지속되기 어렵다”고 지적했다. 고려의대 안산병원 대장항문외과 지웅배 교수는 ‘공존을 위한 재설계:지속가능한 외과 임상 모델 제안’을 주제로 한 발표에서 병원 내 ‘외과전공의·입원전담전문의·병동수술 간호사 및 PA를 대상으로 진행한 인식 설문조사’ 결과를 바탕으로 제도 개선 방향을 제시했다. 지 교수는 “일반 간호사는 정체성 혼란을, 병동 PA는 법적 부담과 경제적 보상 부재를, 수술 PA는 체계적 교육 없이 독학에 의존하는 위험성을 가장 큰 문제로 꼽은 반면, 전공의들은 업무 감소로 삶의 질이 개선된 부분을 수련의 질 향상으로 오인하는 경향도 있었다”고 했다. 이같은 설문결과를 바탕으로 지 교수는 지속 가능한 외과 진료체계 구축을 위해 ▲법적 보호 안전망 구축 ▲체계적 전문교육 ▲입원전담전문의 활성화 ▲수평적 협업문화 정착 등을 제안했다. 그는 “병원 내 진료지원 운영위원회를 활성화하고 의사·간호사 공동 서명 시스템 등을 통해 책임 구조를 명확히 해야 한다”며 “미국·일본처럼 이론·임상 이수시간을 제도화한 전문교육 체계도 필요하다”고 말했다. 이어 “서울대병원의...",ok
의료개혁 / 의대 증원,의료개혁 / 의대 증원 관련 세부 쟁점,의료개혁 / 의대 증원;whosaeng.com;정책,http://www.whosaeng.com/sub_read.html?uid=170959&section=sc3,≪후생신보≫ “전담간호사·전공의·교수 역할 재설계 필요…팀 기반 협업체계로 가야”,whosaeng.com,갈등_구도,중립적,정부,'≪후생신보≫ “전담간호사·전공의·교수 역할 재설계 필요…팀 기반 협업체계로 가야”' 기사에서 whosaeng.com가 어떤 주체와 강조점을 전면에 두는지 기준으로 생성한 mock 태깅 결과입니다.,"【후생신보】 전공의 수련환경 변화와 의정 갈등 이후 의료현장의 구조 재편이 가속화되는 가운데, 고려대학교안산병원 대장항문외과 지웅배 교수가 지속 가능한 외과 임상 모델 구축 필요성을 강조했다. 특히 전공의 근무시간 단축과 인력 공백 속에서 전담간호사(PA) 역할 확대와 다직종 협업 체계가 현실화되고 있지만, 교육·평가·법적 기준은 여전히 미비한 상태라고 지적했다. 지웅배 교수는 지난 29일 경주화백컨벤션센터에서 열린 외과학회 학술행사에서 “전공의 복귀 여부와 관계없이 병동 운영 구조 자체는 이미 달라지고 있다”며 “이제는 공존을 위한 재설계와 지속 가능한 외과 임상 모델을 고민해야 할 시점”이라고 밝혔다. 그는 현재 의료현장의 가장 큰 변화로 전공의 수련환경 개편을 꼽았다. 2016년 전공의특별법 시행 이후 주당 근무시간 제한과 연속근무 제한이 도입됐고, 최근 의정 사태 이후에는 주 최대 근무시간이 80시간에서 72시간으로, 연속근무도 24시간으로 축소되는 방향의 개정안이 발표됐다는 설명이다. 지 교수는 “근무환경 개선과 교육 중심 수련체계 구축이라는 취지는 분명하지만, 실무적으로는 전공의 당직 가능 횟수가 크게 줄어든 것이 가장 큰 변화”라며 “현재는 주당 1~2회 수준만 당직이 가능하다”고 말했다. 실제 고려대안산병원 대장항문외과는 의정 사태 이전 전공의 7명 체제에서 현재 3명 체제로 운영되고 있다. 반면 전담간호사는 수술실 전담 5명, 교수별 파트 전담 10명, 장루·상처관리 전담 1명 등 총 16명 규모로 확대됐다. 조직 운영 방식도 달라졌다. 기존에는 일부 전담간호사가 간호부 외 별도 소속으로 운영됐지만, 현재는 근태·연차·업무조율 등을 위해 단일 직제로 통합 관리되고 있다. 전공의 업무 구조 역시 크게 바뀌었다. 과거에는 연차별로 병동·수술실 중심 역할이 나뉘었다면, 현재는 전공의 1명이 1개 세부 분과를 지속적으로 담당하는 방식으로 전환됐다. 이에 따라 환자 수는 줄었지만 수술, 수술 후 관리, 장루 관리 등을 연속적으로 경험하면서 질환별 통합 이해도는 오히려 높아졌다는 평가다. 지 교수는 “전공의 입장에서는 특정 질환을 처음부터 끝까지 연속성 있게 경험할 수 있다는 장점이 있다”며 “다만 절대적인 근무시간 감소로 인해 응급수술이나 중환자 치료 경험은 부족해질 수밖에 없는 상황”이라고 설명했다. 병동에서는 전담간호사의 역할 확대가 두드러지고 있다. 외래에서는 수술 준비와 동의서 작성 보조를 맡고, 병동에서는 기록 작성과 일부 프로토콜 기반 처방 업무까지 수행하고 있다. 야간에는 전담간호사 2명이 당직 형태로 응급수술 보조까지 담당하고 있으며, 토요일 오전 드레싱과 퇴원환자 관리에도 참여하고 있다. 다만 역할 경계는 여전히 불명확한 상태다. 지 교수는 “수술기록 작성이나 절개 등 침습적 행위는 아직 전담간호사에게 위임하지 않고 있다”며 “중복 역할과 업무 경계의 불확실성은 현장에서 계속 고민되는 부분”이라고 말했다. 무엇보다 교수들의 피로도 증가도 심각한 문제로 지적됐다. 전공의 인력 감소와 교육 부담, 전담간호사 업무 조율까지 겹치면서 교수진의 업무 강도가 크게 높아졌다는 것이다. 지 교수는 “사실 가장 힘든 것은 교수들일 수 있다”며 “전담간호사 제도 정착과 전공의 교육체계 개편도 중요하지만, 교수들에 대한 처우 개선과 지원 역시 반드시 병행돼야 한다”고 강조했다. 전담간호사 교육체계 부재도 주요 과제로 언급됐다. 그는 “새로운 전담간호사를 양성하려면 최소 3년 이상의 체계적 교육이 필요하지만 현재 이를 담당할 공식 시스템은 없는 상태”라며 “누가 교육하고 어떤 평가를 할 것인지에 대한 사회적 논의가 시급하다”고 말했다. 이어 “정부가 할 것인지, 의료계 협의체가 맡을 것인지, 별도 인증제도를 둘 것인지 모두 쉽지 않은 문제”라며 “현장에서는 실질적으로 숙련된 인력을 필요로 하지만 이를 뒷받침할 제도는 아직 부족하다”고 덧붙였다. 수가체계 개선 필요성도 제기했다. 지 교수는 “특정 분과에서 숙련된 전담간호사 인력을 갖춘 팀 기반 진료체계를 운영한다면 해당 수술이나 시술에 대해 추가 보상이 이뤄지는 방식도 고민할 필요가 있다”고 제안했다. 또 “전공의 수련기간이 3년으로 단축된 상황에서 단순 반복 업무는 줄이고 중환자 처치나 고난도 술기 중심으로 교육이 고도화돼야 한다”며 “평가 시스템 역시 현실에 맞게 체계적으로 개편돼야 한다”고 말했다. 아울러 “AI와 프로토콜 기반 진료체계도 적극 활용해 보다 실용적이고 지속 가능한 시스템을 구축해야 할 시점”이라며 “이제는 특정 직역 중심이 아니라 팀 어프로치 기반의 새로운 의료전달체계를 고민해야 한다”고 강조했다. <저작권자 ⓒ 후생신보 무단전재 및 재배포 금지> 관련기사목록 많이 본 기사",mock
의료개혁 / 의대 증원,의료개혁 / 의대 증원 관련 세부 쟁점,의료개혁 / 의대 증원;monthly.chosun.com;정책,http://monthly.chosun.com/client/news/viw.asp?ctcd=C&nNewsNumb=202606100042,현장 의사들이 말하는 지역의사제의 현실 - 월간조선,monthly.chosun.com,갈등_구도,중립적,정부,'현장 의사들이 말하는 지역의사제의 현실 - 월간조선' 기사에서 monthly.chosun.com가 어떤 주체와 강조점을 전면에 두는지 기준으로 생성한 mock 태깅 결과입니다.,"⊙ 시행 앞둔 ‘지역의사제’… 현장 의사들은 “탁상행정 법안” 강력 반대 ⊙ “정부만 모르는 지역의료 붕괴의 핵심 원인은 수가 제도… 의전원 전철 밟을 것”(이동욱 경기도의사회 회장) ⊙ “정부는 ‘저임금으로 일할 의사’를 뽑겠다는 식… 지역의사제는 해외에서도 예외적인 제도”(박형욱 단국의대 교수) ⊙ 젊은 의사들 사이에선 해외 이탈 고민까지… ‘필수의료 탈출은 지능순, 한국 떠나는 것은 용기의 문제’라는 말도 유행 ⊙ “정부 정책이 ‘필수의료 하면 안 되겠구나’라는 시그널 줘”(주수호 전 의협회장) “지역의사제 도입으로 지역의료 현장의 인력 구조가 교란되어 기존 지역의사들의 이탈과 장기적 의료 공백이 역설적으로 일어날 수 있는 상황입니다. 한정된 환자와 일자리를 놓고 의무 복무 의사들과 기존 의사들이 경쟁하게 되면, 지역에 남아 있던 의사들마저 떠나고 10년 복무 후에는 지역의사들도 대거 대도시로 이동하여 결국 지역의료가 붕괴될 수 있습니다.” 정재현 대한병원의사협의회 부회장·바른의료연구소 기획조정실장은 지역의사제와 관련해 이 같은 우려를 내놨다. 정부가 지역의료 공백 해소를 위해 추진 중인 지역의사제가 오히려 장기적으로는 지역의료 붕괴를 가속화할 수 있다는 주장이다. 2025년 12월 2일, 이재명 정부가 국정과제로 추진 중인 지역의사제 법률안이 국회 본회의를 통과했다. 정은경 보건복지부 장관은 “지역·필수·공공의료 분야에서 일할 의사가 필요하다는 것은 명확하다”며 제도 추진 배경을 설명했다. 하지만 실제 지방 의료 현장에서 근무하는 의사들 사이에서는 우려의 목소리가 커지고 있다. 정부가 지역의료 전문가들의 의견을 충분히 수렴하지 않은 채 탁상행정(卓上行政)식 정책을 반복하고 있다는 지적이다. 현장 의사들은 지역의료 붕괴의 원인을 단순한 ‘의사 수 부족’으로 보기 어렵다고 말한다. 지방 의료기관의 열악한 근무 환경과 낮은 수가 구조 등이 해결되지 않는 한 의사를 강제로 배치하더라도 장기적으로 지역에 정착하기 어렵다는 것이다. 현장에서 바라본 지역의사제의 한계와 우려를 직접 들어봤다. 李 정부 국정과제인 지역의사제란? 최상위권 성적을 유지해야 입학할 수 있는 의과대학. 의사는 오랜 기간 많은 학생이 선망해 온 대표적 전문직이었다. 그러나 최근 지역 간 의료 인력 수급 불균형이 심화되면서 지방 환자들의 ‘서울 원정 진료’ 현상이 이어지고, 의료 취약 지역에서는 제때 진료를 받지 못하는 사례까지 발생하고 있다. 이에 2025년 12월 2일 국회는 ‘지역의사의 양성 및 지원 등에 관한 법률안’을 통과시켰다. 이른바 ‘지역의사제’다. 지역의사제는 ‘복무형’과 ‘계약형’으로 나뉜다. 복무형은 지역의사선발전형으로 선발된 의대생이 졸업 후 특정 지역에서 10년간 의무 복무하는 방식이다. 국가나 지방자치단체로부터 입학금과 수업료, 교재비, 기숙사비 등을 지원받지만, 제적·자퇴하거나 졸업 후 3년 이내 의사국가시험에 합격하지 못할 경우 지원받은 비용을 반환해야 한다. 계약형은 기존 전문의 가운데 특정 지역에서 5~10년간 근무하기로 국가·지방자치단체·의료기관과 계약을 맺은 의사를 뜻한다. 지역의사선발전형은 서울을 제외한 9개 권역(대전·충남, 충북, 광주, 전북, 대구·경북, 부산·울산·경남, 강원, 제주, 경기·인천)에 있는 32개 의과대학에 적용된다. 지원자는 해당 의대 소재지 또는 인접 지역에서 중·고등학교를 졸업해야 한다. 또한 전문의 수련 과정에서도 서울 소재 병원을 선택할 수 없다. 해당 전형은 현재 고등학교 3학년 학생들이 응시하는 2027학년도 입시부터 적용될 예정이다. “피해는 국민들이 보게 될 것” 이동욱 경기도의사회 회장은 지역의사제를 적극적으로 반대해 온 인물 중 한 명이다. 그는 “지역의사제는 누가 봐도 실패가 예정된 정책”이라며 “정부는 본질적인 문제를 해결하려 하지 않고 당장 눈에 보이는 성과만 강조하려 하고 있다. 그 피해는 오롯이 국민의 몫이 될 것”이라고 경고했다. 그의 말이다. “정부는 지역의료 붕괴가 왜 일어났는지 원론적인 답을 찾지 못한 채 제도를 만든 것입니다. 그런 논리라면 지역의사제를 하기 전에 지역환자제부터 도입해야죠. 대전이나 대구 등 대학병원이 있는 지역도 큰 병에 걸렸다 싶으면 소위 말하는 ‘빅5’ 병원을 찾지 않습니까? 삼성서울병원이나 서울아산병원 같은 경우 상당수가 지방 환자들입니다. 그런 사람들이 지역의사제를 통해 배출된 의사들에게 진료나 수술을 받을까요?” ― 개인 건강과 관련된 일이니… 기왕이면 좋은 곳에서 진료를 받고 싶겠죠. “대부분이 그런 생각을 갖고 있을 겁니다. 지역에서 근무하는 의사들의 실력이 떨어진다는 게 아닙니다. 지역의사제로 선발된 의사들은 일정 기간 강제 근무를 하게 되어 있습니다. 근로 의욕이 떨어진 상태에서 의무적으로 근무하는 의사에게 누가 진료를 받고 싶겠습니까. 군의관·공보의 제도만 봐도 답을 알 수 있습니다. 강제로 근무를 시키는데 근로 의욕이 샘솟는 사람이 있을까요? 국민들은 의료에서 단순한 양보다 질을 원하고 있습니다. 결국 명의를 찾게 되어 있어요. 그런데 정부는 계속 질보다 양 중심의 정책만 내놓고 있습니다. 지역의료가 왜 붕괴됐는지에 대한 진단과 처방 자체가 잘못된 겁니다.” 이동욱 회장은 지역의사제가 고(故) 노무현 정부 시절인 2005년 도입된 의학전문대학원(의전원) 사례를 반복할...",mock
노란봉투법 / 노동조합법 개정,노란봉투법 / 노동조합법 개정 관련 세부 쟁점,노란봉투법 / 노동조합법 개정;yna.co.kr;정책,https://www.yna.co.kr/view/AKR20260604193800530?input=1195m,"노란봉투법 첫 기각 판단, 재심서 뒤집혀…중흥 사용자성 인정 | 연합뉴스",yna.co.kr,갈등_구도,중립적,정부,"'노란봉투법 첫 기각 판단, 재심서 뒤집혀…중흥 사용자성 인정 | 연합뉴스' 기사에서 yna.co.kr가 어떤 주체와 강조점을 전면에 두는지 기준으로 생성한 mock 태깅 결과입니다.","타워크레인노조, '사용자성 불인정' 지노위 판단에 재심…중노위는 인정 산업안전 의제에 대한 사용자성 인정…임금은 교섭의제 인정 안 해 (서울=연합뉴스) 옥성구 기자 = 중흥토건·중흥건설의 하청 노조에 대한 사용자성이 중앙노동위원회 재심에서 인정됐다. 이번 사건은 노란봉투법이 지난 3월 10일 시행된 후 노동위에서 나온 첫 기각 판단이었는데, 중노위에서 판정이 뒤집혔다. 중노위는 4일 한국노동조합총연맹(한국노총) 소속 한국타워크레인조종사노동조합이 중흥토건·중흥건설을 상대로 낸 교섭요구 사실 공고 시정 신청 재심 사건에 대해 전남지방노동위원회 결정을 취소하고 원청의 공고 의무를 인정했다. 중노위는 노조가 교섭을 요구한 산업안전(작업환경 포함) 의제에 대해 ""하청사인 타워크레인 임대 업체가 단독으로 타워크레인 작업 관련 전반적인 유해·위험요인 제거나 안전설비 설치·해체 등 구조적 개선이 어렵다""고 봤다. 중노위는 이에 따라 ""산업안전 의제에 대해서는 원청사가 실질적·구체적으로 지배·결정할 수 있는 지위에 있는 사용자로 인정된다""며 하청 노조의 교섭요구 사실을 공고해야 한다고 판단했다. 다만, 노조의 임금 관련 교섭요구 의제는 ""제도 개선을 위해 노사가 자율교섭을 할 수는 있으나, 원청사가 실질적·구체적으로 지배·결정할 수 있는 지위에 있음을 전제로 하는 교섭의제로 인정하기 어렵다""고 판정했다. 임금 제도 개선을 위해 양측의 자율협상은 가능하지만, 원청사의 사용자성을 인정하지는 않은 것이다. 이번 판단은 노란봉투법 시행 후 중노위에서 나온 첫 재심 판정이다. 앞서 노조는 두 회사를 상대로 단체 교섭을 요구했으나 회사 측이 응하지 않자 지난 3월 24일 전남지노위에 교섭요구 사실 공고 신청을 냈다. 노조는 타워크레인 조종사들이 원청으로부터 직접 지시·관리를 받는다는 등의 이유로 원청의 사용자성을 인정해달라고 요구했다. 반면 중흥 측은 원청이 조종사들에게 직접 지시·관리하지 않고, 작업 수행 과정에서도 자율성이 크다는 점을 들어 사용자성을 인정하기 어렵다는 입장이다. 전남지노위는 지난 4월 10일 노조의 시정 신청을 기각했다. 두 회사의 하청 노조에 대한 사용자성이 인정되지 않으므로 단체교섭 요구를 공고하지 않아도 된다는 취지다. 노조는 기각 판단에 불복해 재심을 신청했다. 사측이 중노위 결정에 불복할 경우 결정문을 송달받은 날부터 15일 이내에 행정소송을 제기할 수 있다. ok9@yna.co.kr 제보는 카카오톡 okjebo <저작권자(c) 연합뉴스, 무단 전재-재배포, AI 학습 및 활용 금지> 2026/06/04 20:32 송고 2026년06월04일 20시32분 송고",mock
노란봉투법 / 노동조합법 개정,노란봉투법 / 노동조합법 개정 관련 세부 쟁점,노란봉투법 / 노동조합법 개정;sedaily.com;정책,https://www.sedaily.com/article/20052003?ref=naver,"중노위, ‘노란봉투법’ 시행 후 첫 판정…하청노조 교섭권 인정",sedaily.com,갈등_구도,중립적,정부,"'중노위, ‘노란봉투법’ 시행 후 첫 판정…하청노조 교섭권 인정' 기사에서 sedaily.com가 어떤 주체와 강조점을 전면에 두는지 기준으로 생성한 mock 태깅 결과입니다.","중노위, ‘노란봉투법’ 시행 후 첫 판정…하청노조 교섭권 인정 중흥건설·중흥토건, 원청 사용자성 ‘인정’ “원청 실질 지배”…임금, 교섭의제 ‘불인정’ 입력2026-06-04 20:23 수정2026-06-04 20:27 중앙노동위원회가 개정 노동조합법(일명 노란봉투법) 시행 이후 처음으로 ‘원·하청 단체교섭 사건’에서 하청 노동조합의 교섭권을 인정했다. 초심인 지방노동위원회의 판정을 뒤집은 결과다. 중노위는 10일 한국타워크레인조종사노조가 제기한 중흥건설과 중흥토건 대상 ‘교섭요구 사실공고 시정신청’ 재심 사건에서 전남지방노동위의 초심 판정을 취소했다고 밝혔다. 이에 따라 하청 노조는 원청사인 중흥건설과 중흥토건을 상대로 합법적인 교섭을 벌일 수 있게 됐다. 이번 사건에서 중노위는 노조가 제시한 교섭 의제 중 ‘산업안전’에 한해 원청 사용자성을 인정했다. 중노위는 “하청사인 타워크레인 임대업체는 단독으로 타워크레인 작업과 관련된 전반적인 유해·위험요인 제거, 안전설비 설치·해체 등 구조적 개선을 하기 어렵다”며 “원청사가 이 의제에 대해 실질적이고 구체적으로 지배·결정할 수 있는 지위에 있는 사용자에 해당한다”고 밝혔다. 반면, 노조가 함께 요구한 ‘임금 교섭’ 의제에 대해서는 원청 사용자성을 인정하지 않고 자율 교섭 사안으로 선을 그었다. 이날 판정은 개정 노조법 시행 이후 중노위가 원·하청 간 단체교섭 요구에 대해 내놓은 첫 판단이라는 점에서 노동계와 경영계의 관심이 쏠렸다. 이번 판결을 시작으로 원·하청 교섭권을 둘러싼 중노위의 판단이 줄을 이을 전망이다. 중노위는 10일 SK에너지, 한화오션 등 6개 사업장의 원·하청 교섭 재심 사건에 대해 판단한다. 17일에는 3건, 19일에는 1건의 유사 사건 심판이 예정됐다 이 기사를 추천합니다. ⓒ 서울경제신문, 무단 전재-재배포, AI 학습 및 활용 금지",mock
노란봉투법 / 노동조합법 개정,노란봉투법 / 노동조합법 개정 관련 세부 쟁점,노란봉투법 / 노동조합법 개정;news.sbs.co.kr;정책,https://news.sbs.co.kr/news/endPage.do?news_id=N1008595656&plink=ORI&cooper=NAVER,"노란봉투법 첫 기각 판단, 재심서 뒤집혀…중노위, 중흥 사용자성 인정",news.sbs.co.kr,갈등_구도,중립적,정부,"'노란봉투법 첫 기각 판단, 재심서 뒤집혀…중노위, 중흥 사용자성 인정' 기사에서 news.sbs.co.kr가 어떤 주체와 강조점을 전면에 두는지 기준으로 생성한 mock 태깅 결과입니다.","중흥토건·중흥건설의 하청 노조에 대한 사용자성이 중앙노동위원회 재심에서 인정됐습니다. 이번 사건은 노란봉투법이 지난 3월 10일 시행된 후 노동위에서 나온 첫 기각 판단이었는데, 중노위에서 판정이 뒤집혔습니다. 중노위는 오늘(4일) 한국노총 소속 한국타워크레인조종사노동조합이 중흥토건·중흥건설을 상대로 낸 교섭요구 사실 공고 시정 신청 재심 사건에 대해 전남지방노동위원회 결정을 취소하고 원청의 공고 의무를 인정했습니다. 중노위는 노조가 교섭을 요구한 산업안전(작업환경 포함) 의제에 대해 ""하청사인 타워크레인 임대 업체가 단독으로 타워크레인 작업 관련 전반적인 유해·위험요인 제거나 안전설비 설치·해체 등 구조적 개선이 어렵다""고 봤습니다. 중노위는 이에 따라 ""산업안전 의제에 대해서는 원청사가 실질적·구체적으로 지배·결정할 수 있는 지위에 있는 사용자로 인정된다""며 하청 노조의 교섭요구 사실을 공고해야 한다고 판단했습니다. 다만, 노조의 임금 관련 교섭요구 의제는 ""제도 개선을 위해 노사가 자율교섭을 할 수는 있으나, 원청사가 실질적·구체적으로 지배·결정할 수 있는 지위에 있음을 전제로 하는 교섭의제로 인정하기 어렵다""고 판정했습니다. 임금 제도 개선을 위해 양측의 자율협상은 가능하지만, 원청사의 사용자성을 인정하지는 않은 것입니다. 이번 판단은 노란봉투법 시행 후 중노위에서 나온 첫 재심 판정입니다. 앞서 노조는 두 회사를 상대로 단체 교섭을 요구했으나 회사 측이 응하지 않자 지난 3월 24일 전남 지노위에 교섭요구 사실 공고 신청을 냈습니다. 노조는 타워크레인 조종사들이 원청으로부터 직접 지시·관리를 받는다는 등의 이유로 원청의 사용자성을 인정해달라고 요구했습니다. 반면 중흥 측은 원청이 조종사들에게 직접 지시·관리하지 않고, 작업 수행 과정에서도 자율성이 크다는 점을 들어 사용자성을 인정하기 어렵다는 입장입니다. 전남 지노위는 지난 4월 10일 노조의 시정 신청을 기각했습니다. 두 회사의 하청 노조에 대한 사용자성이 인정되지 않으므로 단체교섭 요구를 공고하지 않아도 된다는 취지입니다. 노조는 기각 판단에 불복해 재심을 신청했습니다. 사측이 중노위 결정에 불복할 경우 결정문을 송달받은 날부터 15일 이내에 행정소송을 제기할 수 있습니다.",failed
노란봉투법 / 노동조합법 개정,원청 사용자성 인정 및 하청노조 교섭권 확대,노란봉투법;사용자성;하청노조;교섭권;산업안전,https://www.hankyung.com/article/2026060483781,"노란봉투법 첫 재심 판정 나왔다…중노위, 중흥건설 사용자성 인정",hankyung.com,노동권_보호,중립적,중노위 / 노동조합,"이 기사는 개정 노동조합법(노란봉투법) 시행 이후 원청의 사용자성을 인정한 중노위의 첫 재심 판정을 보도하며, 하청노조의 산업안전 관련 교섭권 확대를 다루고 있다.","노란봉투법 첫 재심 판정 나왔다…중노위, 중흥건설 사용자성 인정 ""하청노조와 산업안전 교섭해야"" 임금은 협상 대상으로 인정 안해 임금은 협상 대상으로 인정 안해 중앙노동위원회가 중흥건설과 중흥토건이 하청 노동조합의 사용자라는 판정을 내렸다. 개정 노동조합법(노란봉투법) 시행 이후 원청의 사용자성을 둘러싼 중노위의 첫 재심 판단이다. 하청 노조의 교섭 요구가 증가하는 건설업계를 중심으로 적지 않은 파급효과가 예상된다. 4일 중노위는 한국노동조합총연맹 소속 한국타워크레인조종사노동조합이 중흥건설과 중흥토건을 상대로 낸 ‘교섭요구 사실 미공고 시정 재심신청’ 사건에서 전남지방노동위원회의 기각 결정(초심)을 취소하고 노조 측 손을 들어줬다. 초심인 지노위 판정을 당사자가 다툴 경우 중노위에서 재심을 받게 된다. 노조는 지난 3월 중흥건설·중흥토건을 비롯한 93개 원청 건설회사에 교섭을 요구했다. 하지만 중흥건설과 중흥토건이 교섭요구 사실을 공고하지 않자 같은달 24일 전남지노위에 ‘미공고 시정’을 신청했다. 전남지노위는 4월 “원청 건설사들이 근로조건을 실질적으로 지배·결정한다고 보기 어렵다”며 신청을 기각했고 노조는 이에 불복해 재심을 청구했다. 노조는 중흥건설, 중흥토건 사건과 신청이 인용된 극동건설 사건을 제외한 나머지 90건은 ‘준비 부족’ 등을 이유로 3월 20일 지노위 단계에서 일괄 취하했다. 중노위는 재심 판정에서 산업안전과 작업환경 관련 사항에 한해 원청의 사용자성을 인정했다. 타워크레인 임대업체 등 하청업체가 단독으로 유해·위험요인을 제거하거나 안전시설을 설치·해체하는 데 한계가 있고, 실제 공사 현장의 안전관리 체계는 원청의 결정에 크게 좌우된다는 점을 근거로 들었다. 이에 따라 원청이 해당 의제를 실질적·구체적으로 지배·결정할 수 있는 지위에 있다고 판단했다. 반면 노조가 함께 요구한 ‘원청의 임금 직불제’와 관련해서는 사용자성을 인정하지 않았다. 임금 지급 방식 개선에 관한 논의는 가능하지만 원청이 임금 사항을 직접 지배·결정한다고 보기는 어렵다는 이유에서다. 노조는 이번 중노위 판정을 계기로 다른 건설사들에 대해서도 교섭요구에 나설 계획이다. 김경수 한국타워크레인조종사노조 위원장은 한국경제신문에 “취하한 사건들도 지노위에 순차적으로 다시 시정 신청을 제기할 예정”이라고 말했다. 곽용희 기자 kyh@hankyung.com 4일 중노위는 한국노동조합총연맹 소속 한국타워크레인조종사노동조합이 중흥건설과 중흥토건을 상대로 낸 ‘교섭요구 사실 미공고 시정 재심신청’ 사건에서 전남지방노동위원회의 기각 결정(초심)을 취소하고 노조 측 손을 들어줬다. 초심인 지노위 판정을 당사자가 다툴 경우 중노위에서 재심을 받게 된다. 노조는 지난 3월 중흥건설·중흥토건을 비롯한 93개 원청 건설회사에 교섭을 요구했다. 하지만 중흥건설과 중흥토건이 교섭요구 사실을 공고하지 않자 같은달 24일 전남지노위에 ‘미공고 시정’을 신청했다. 전남지노위는 4월 “원청 건설사들이 근로조건을 실질적으로 지배·결정한다고 보기 어렵다”며 신청을 기각했고 노조는 이에 불복해 재심을 청구했다. 노조는 중흥건설, 중흥토건 사건과 신청이 인용된 극동건설 사건을 제외한 나머지 90건은 ‘준비 부족’ 등을 이유로 3월 20일 지노위 단계에서 일괄 취하했다. 중노위는 재심 판정에서 산업안전과 작업환경 관련 사항에 한해 원청의 사용자성을 인정했다. 타워크레인 임대업체 등 하청업체가 단독으로 유해·위험요인을 제거하거나 안전시설을 설치·해체하는 데 한계가 있고, 실제 공사 현장의 안전관리 체계는 원청의 결정에 크게 좌우된다는 점을 근거로 들었다. 이에 따라 원청이 해당 의제를 실질적·구체적으로 지배·결정할 수 있는 지위에 있다고 판단했다. 반면 노조가 함께 요구한 ‘원청의 임금 직불제’와 관련해서는 사용자성을 인정하지 않았다. 임금 지급 방식 개선에 관한 논의는 가능하지만 원청이 임금 사항을 직접 지배·결정한다고 보기는 어렵다는 이유에서다. 노조는 이번 중노위 판정을 계기로 다른 건설사들에 대해서도 교섭요구에 나설 계획이다. 김경수 한국타워크레인조종사노조 위원장은 한국경제신문에 “취하한 사건들도 지노위에 순차적으로 다시 시정 신청을 제기할 예정”이라고 말했다. 곽용희 기자 kyh@hankyung.com",ok
노란봉투법 / 노동조합법 개정,노란봉투법 / 노동조합법 개정 관련 세부 쟁점,노란봉투법 / 노동조합법 개정;bntnews.co.kr;정책,https://www.bntnews.co.kr/article/view/bnt202606050007,노란봉투법 첫 판정…노조 측 승리,bntnews.co.kr,갈등_구도,중립적,정부,'노란봉투법 첫 판정…노조 측 승리' 기사에서 bntnews.co.kr가 어떤 주체와 강조점을 전면에 두는지 기준으로 생성한 mock 태깅 결과입니다.,"원청 기업과 하청 노조의 교섭을 허용한 이른바 '노란봉투법' 시행 이후 첫 중앙노동위원회(중노위) 재심 판정이 나왔다. 중노위는 원청의 사용자성을 인정하며 노조 측 손을 들어줬다. 중노위는 4일 한국노동조합총연맹 소속 한국타워크레인조종사노동조합이 중흥토건·중흥건설을 상대로 낸 교섭요구 사실 공고 시정 신청 재심 사건에서 전남지방노동위원회의 초심 결정을 취소하고 원청의 공고 의무를 인정했다. 이에 따라 ""산업안전 의제에 대해서는 원청사가 실질적·구체적으로 지배·결정할 수 있는 사용자로 인정된다""며 하청 노조의 교섭요구 사실을 공고해야 한다고 결론 내렸다. 다만 노조가 함께 요구한 임금 교섭 의제에 대해서는 원청의 사용자성을 인정하기 어렵다고 선을 그었다. 앞서 노조는 두 회사를 상대로 단체 교섭을 요구했으나 회사 측이 응하지 않자 지난 3월 24일 전남지노위에 교섭요구 사실 공고 신청을 냈다. 전남지노위는 4월 10일 ""근로조건 등에 대한 실질적인 지배력을 결정할 수 있는 지위로 인정하기 어렵다""며 노조의 시정 신청을 기각했고, 노조는 이에 불복해 중노위에 재심을 신청했다. 중흥 측은 원청이 조종사들에게 직접 지시·관리를 하지 않고 작업 수행 과정에서 자율성이 크다는 점을 들어 사용자성 인정에 반발해왔다. 한편 노란봉투법(개정 노동조합법)이 이달 10일로 시행 3개월을 맞지만 현장에서의 원·하청 교섭은 여전히 지지부진한 상황이다. 고용노동부에 따르면 시행일인 3월 10일부터 지난달 22일까지 424개 원청이 1121곳의 하청 노조로부터 교섭 요구를 받았으나, 교섭요구 사실을 공고한 원청은 51곳에 불과했다. 실제 교섭에 들어간 곳은 자율 교섭 1곳을 포함해 6곳에 그쳤다. 서정민 기자 bnt뉴스 라이프팀 기사제보 life@bntnews.co.kr",failed
노란봉투법 / 노동조합법 개정,노란봉투법 / 노동조합법 개정 관련 세부 쟁점,노란봉투법 / 노동조합법 개정;worklaw.co.kr;정책,http://www.worklaw.co.kr/view/view.asp?accessSite=Naver&accessMethod=Search&accessMenu=News&in_cate=124&in_cate2=0&gopage=1&bi_pidx=39240,[李 정부 1년①] ‘노란봉투법’ 달리고 ‘정년 연장’ 멈췄다…노동 정책 성적표는?,worklaw.co.kr,갈등_구도,중립적,정부,'[李 정부 1년①] ‘노란봉투법’ 달리고 ‘정년 연장’ 멈췄다…노동 정책 성적표는?' 기사에서 worklaw.co.kr가 어떤 주체와 강조점을 전면에 두는지 기준으로 생성한 mock 태깅 결과입니다.,"- HOME > 법률 - 등록 : 2026-06-04 08:43:00 수정 : 2026-06-04 09:02:54 [李 정부 1년①] ‘노란봉투법’ 달리고 ‘정년 연장’ 멈췄다…노동 정책 성적표는? 2026-06-04 08:43:00 [2026년 6월호 vol.0] ▲이재명 대통령과 노사 대표자들이 지난 5월 1일 서울 종로구 청와대에서 열린 '2026년 노동절 기념식'에 참석했다. 왼쪽부터 손경식 한국경영자총협회 회장, 김동명 한국노동조합총연맹 위원장, 이재명 대통령, 양경수 전국민주노동조합총연맹 위원장, 송치영 소상공인연합회 회장. (사진=뉴시스) 이재명 정부 출범 1년, 노동 정책의 명암이 교차하고 있다. 개정 노동조합법(노란봉투법) 시행과 산업재해 감축 등에서는 체감할 만한 성과를 거뒀다는 평가가 나오지만, 핵심 현안인 정년 연장에서는 좀처럼 속도를 내지 못하고 있다는 평가가 나온다. 노동계는 정부의 친노동 정책을 환영하면서도 정책 추진 속도가 더디다는 아쉬움을 토로했다. 반면 경영계는 정부 정책으로 기업의 비용 부담이 계속 늘어나고 있다는 우려를 내비치면서도 고용유연성, 소상공인 집단교섭권 등 경영 친화적인 정책에는 기대감을 드러냈다. 전문가들은 정부가 현장의 목소리를 수렴해 노동 정책을 추진하고 있다고 평가하면서도, 노동계 쪽으로 치우치는 정책 편향성을 경계해야 한다고 입을 모았다. '노란봉투법·산재 감축' 성과로 꼽혀…갈 길 먼 '정년 연장' 이재명 정부가 출범한 건 지난해 6월 4일이다. 이재명 대통령은 후보 시절 개정 노동조합법 시행, 주4.5일제, 정년 연장 등 다수의 친노동 정책을 내세웠다. 정부의 노동 정책은 지난해 9월 국정과제 발표를 통해 구체화됐다. 정부는 노동 관련 국정과제로 ▲초기업 교섭 활성화 ▲법정 정년 연장 ▲국제노동기구(ILO) 190호 괴롭힘 방지 협약 비준 ▲노동자 작업중지권 참여권 강화 ▲일하는 모든 사람을 위한 노동안전보건법체계 구축 ▲비정규직 고용안정과 처우개선 ▲동일가치노동 동일임금 법제화 ▲노동법원 설립 ▲일하는 사람 권리 보장법 제정 ▲임금체불 근절과 근로감독 혁신 ▲실노동시간 단축 ▲포괄임금제 원칙적 금지 ▲연차휴가제 개선 ▲퇴직연금 강화 ▲구직지원금 확대와 전 국민 고용보험 완성 ▲이주노동자 통합 취업 지원 ▲근로자의 날 노동절로 명칭 변경 ▲행복한 일터 인증제 도입 등을 제시했다. 가장 빠르게 실행에 옮겨진 과제는 개정 노동조합법 입법이다. 개정 노동조합법은 국정과제 발표 전인 지난해 8월 여당 주도로 국회 본회를 통과했다. 개정 노동조합법으로 노동조합법상 사용자·노동쟁의의 개념이 확대됐고, 손해배상책임도 제한됐다. 고용노동부는 개정 노동조합법으로 인한 현장의 혼란을 최소화하기 위해 후속 조치에 들어갔다. 노동부는 하반기 동안 노사 의견 수렴을 거쳐 지난 1월 개정 노동조합법 시행령과 해석지침을 발표했다. 노동부는 원·하청이 별도로 교섭창구 단일화를 하도록 하고 교섭단위 분리 기준, 실질적 지배력 판단 기준, 사업 경영상 결정 판단 기준을 제시했다. 개정 노동조합법은 지난 3월 10일부터 시행되고 있다. 이 대통령은 산재 감축도 강하게 밀어붙였다. 이 대통령은 지난해 7월 국무회의에서 김영훈 고용노동부 장관에게 ""일정 기간 동안 산재가 안 줄어들면 직을 걸라""고 해 산재 감축에 대한 의지를 드러내기도 했다. 이에 노동부는 지난해 9월 노동안전 종합대책으로 △사업장에서 연 3명 이상 사망 시 영업이익의 최대 5% 과징금 부과 △중대재해 반복 발생 시 공공 입찰 제한 △중대재해 발생 건설사 영업정지 요건 완화 △노동부 장관의 작업중지권 확대 △산재 예방에 2조723억 원 투입 등을 발표했다. 노동부의 대책은 가시적인 성과로 이어졌다. 노동부가 지난 4월 발표한 '2026년 1분기 재해조사 대상 사망사고 발생 현황'에 따르면 올해 1분기 산재 사망자는 113명으로 지난해 동기 대비 17.5% 감소한 것으로 나타났다. 또한, 국정과제 중 하나였던 실노동시간 단축은 노사정 합의와 법안 발의까지 이루어진 상태다. 지난해 12월 '노사정 실노동시간 단축 로드맵 추진단'이 공동선언문을 발표해 △포괄임금 오남용 방지 △실근로시간단축지원법 제정 △근무시간 외 불필요한 업무 지시로부터 휴식 보장 △특별연장근로 사후감독 체계 마련 △노동시간 적용 제외, 특례 업종 제도 개선안 마련 △야간 노동자 실태조사 및 건강 보호 대책 마련 △반차 등 연차휴가 분할 사용 근거 명문화 △노동시간 격차 해소를 위한 정부 지원 등을 실천 과제로 확정했다. 이와 관련해 박해철 더불어민주당 의원이 지난 1월 실근로시간단축지원법을 발의했고 현재 국회 기후에너지환경노동위원회에 법안이 계류 중인 상태다. 연결되지 않을 권리를 명시한 근로기준법 개정안도 지난 3월 이용우 더불어민주당 의원이 발의해 환노위에서 논의되고 있다. 지난 4월엔 포괄임금 오남용 방지 지침이 발표됐다. 당초 국정과제에서 제시한 건 '포괄임금제 원칙적 금지'였으나, 노사정 논의 끝에 '포괄임금 오남용 방지'로 정책 방향을 완화했다. 노동부는 지침을 통해 △임금 대장과 임금명세서에 기본급과 각종 수당 구분 기재 △기본급과 제수당 미구분 지급 금지 △실근로시간에 미달한 수당 지급 시 임금체불로 수사 원칙 등을 발표했다. 노동법 사각지대 보호를 위한 '일하는 사람 기본법'과 '근로자 추정제'는...",failed
노란봉투법 / 노동조합법 개정,개정 노동조합법 시행에 따른 노사 입장차,노란봉투법;노동권;기업부담;노사갈등;제도개선,https://www.joongdo.co.kr/web/view.php?key=20260310010003197,"노란봉투법 시행 첫날 노동계는 환영, 경영계는 우려 '온도차'",joongdo.co.kr,노사갈등_구도,혼합,노동계와 경영계,"이 기사는 개정 노동조합법 시행에 대한 노동계의 환영과 경영계의 우려를 대조적으로 제시하며, 정부의 제도 안착 노력도 함께 다루고 있습니다.","노란봉투법으로 불리는 개정 노동조합법은 하청 노동자에 대한 원청의 책임을 강화하고 파업 노동자에 대한 기업의 손해배상 청구를 제한하는 것을 골자로 한다. 이 법은 지난해 9월 개정 이후 6개월의 유예기간을 거쳐 이날부터 시행됐다. 노동계는 이번 법 시행을 오랜 투쟁의 성과로 평가하며 향후 원청과의 교섭에 적극적으로 나설 것을 예고했다. 민주노총 대전지역본부는 이날 성명서를 통해 ""실질적 지배력을 가진 원청 사용자와 교섭할 수 있는 개정 노조법이 마침내 시행됐다""면서 ""비정규직과 하청, 특수고용 노동자들이 '진짜 사장'과 마주 앉을 수 있는 시대가 열렸다""고 환영했다. 민주노총은 성명에서 그동안 간접고용 노동자들이 원청이 노동조건을 실질적으로 결정하고 있음에도 교섭 책임을 회피해 노동권의 사각지대에 놓여 있었다고 주장했다. 또 현재 비정규직 노동자가 850만 명을 넘어서는 상황에서 사회보험 가입률과 임금 수준 역시 정규직보다 크게 낮다며 구조적 불평등을 개선해야 한다고 강조했다. 민주노총은 2026년을 '원청 교섭 실현의 원년'으로 선포하고 금속·공공운수·서비스·건설 등 주요 산업에서 원청 교섭 요구를 본격화할 계획이다. 이어 5월 세계노동절대회 등을 통해 향후 투쟁 계획도 이어갈 것이라고 밝혔다. 반면 경영계는 노란봉투법 시행으로 사용자 범위와 교섭 의제를 두고 노사 간 분쟁이 지속될 수 있다며 우려를 나타냈다. 대전충남경영자총협회는 ""경총은 법 개정 이후 주요 업종과 중소·중견기업으로 구성된 '경영계 노조법 개정 대응 TF(태스크포스)'를 구성해 현장의 의견을 수렴하고 정부에 대안을 제시했다""며 ""고용노동부가 개정 노조법 해석지침을 마련했지만, 일부 노동계는 사용자성 인정 가능성 여부와 관계없이 원청을 상대로 교섭을 요구하고, 사용자성이 인정되지 않은 교섭 의제에 대해서도 교섭을 요구하겠다고 공언했다""고 지적했다. 그러면서 ""일부 하청 노조가 법 시행 전부터 원청 교섭을 요구하며 사업장 점거 농성에 나서는 등 갈등 조짐이 나타나고 있다""고 우려를 표했다. 경총 관계자는 ""노동계의 무리한 교섭 요구나 이를 관철하기 위한 불법행위는 자제해야 한다""며 ""교섭절차 매뉴얼에서 벗어나는 노동계의 요구나 쟁의행위가 발생하지 않도록 정부가 행정력을 집중해줄 것""을 요구했다. 노사 간 갈등 가능성이 제기되면서 정부는 제도 안착을 위한 보완책 마련에 나섰다. 고용노동부는 노란봉투법 관련 유권해석 자문기구인 '단체교섭 판단지원위원회'를 운영해 원청의 사용자성 판단 기준과 주요 쟁점에 대한 해석 방향을 제시할 방침이다. 또한 시행 초기 산업현장의 이해도를 높이기 위해 이달 중 설명회를 열고 상반기 동안 정기 세미나를 운영한다.. 지방노동청을 중심으로는 전담반을 구성해 원·하청 교섭 절차를 안내하고 현장에서 발생하는 분쟁에도 신속히 대응할 방침이다. 대전지방고용노동청 관계자는 ""노란봉투법이 산업현장에서 안정적으로 정착할 수 있도록 교섭 절차 안내와 현장 지원을 강화할 계획""이라고 말했다. 김흥수 기자 soooo0825@ 중도일보(www.joongdo.co.kr), 무단전재 및 수집, 재배포 금지",ok
노란봉투법 / 노동조합법 개정,노란봉투법 시행에 대한 노동계와 재계의 상반된 입장,노란봉투법;노동권;하청노조;기업부담;노사갈등,https://www.ajunews.com/view/20260309174734111,[ABC 뉴스룸] 노란봉투법 시행 하루 앞으로…'하청보호vs경영위축' 갑론을박 | 아주경제,ajunews.com,노사갈등_구도,혼합,"노동계, 재계",이 기사는 노란봉투법 시행을 앞두고 노동계의 노동권 보호 환영 입장과 재계의 기업 부담 및 노사 분쟁 우려 입장을 균형 있게 다루고 있다.,"[앵커] '노조법 2·3조 개정안', 일명 노란봉투법이 오는 10일부터 시행됩니다. 노동계에선 노동권과 특히 하청을 보호할 수 있다며 환영의 목소리를 냈지만, 재계는 노동계가 무리한 요구를 할까 우려스럽다는 입장입니다. 김민재 기자의 보도입니다. [기자] 지난해 9월 국무회의에서 의결된 후 6개월의 유예기간을 거친 노란봉투법이 내일부터 시행됩니다. 노란봉투법의 핵심은 하청노조가 원청과 직접 교섭을 할 수 있고 구조조정이나 정리해고 등을 이유로 파업이 가능해졌으며 노조에 대한 과도한 손해배상 청구를 제한하는 것입니다. 노란봉투법 시행에 노동계에선 환영의 뜻을 보입니다. 이지현 한국노총 대변인은 ABC와의 서면 인터뷰에서 ""오래 기다려온 노란봉투법이 시행된다 ""원청의 사용자 책임을 명확히 하는 것은 과제""라 말했습니다. 그러면서 이 대변인은 ""교섭 창구 단일화 절차로 인해 하청·간접고용 노동자의 교섭권 보장이 충분하지 않다 ""제도 운용을 면밀히 점검하고 필요한 개선을 계속 요구할 것""이라 덧붙였습니다. 노란봉투법 도입을 환영하면서 더 발전시켜 나가겠다는 입장을 밝힌 노동계와 달리 재계는 우려하는 목소리를 꾸준히 내고 있습니다. 한국경영자총협회는 지난 8일 입장문을 통해 ""일부 노동계는 사용자성 인정 가능성 여부와 무관하게 원청을 상대로 교섭을 요구하고, 사용자성이 인정되지 않은 교섭 의제에 대해서도 교섭을 요구하겠다고 공언한다 ""사용자 범위와 교섭 의제를 두고 노사 간 분쟁이 지속될 것으로 우려된다 밝혔습니다. 특히 산업 위기 속 구조 개편을 앞둔 석화 등 중후장대 기업들은 구조조정을 파업 사유로 인정하는 노란봉투법이 더욱 달갑지 않은 상황. 기업들의 불만이 지속되자 이재명 대통령은 시행 당일 기업인들을 청와대로 초청해 현장 의견을 들을 예정입니다. 노동권 보호라는 주장과 산업을 위축시킨다는 주장이 팽배했던 노란봉투법이 실제 산업계에 작용하며 그 여파를 직접 확인할 수 있을 것으로 보입니다. ABC뉴스 김민재입니다. '노조법 2·3조 개정안', 일명 노란봉투법이 오는 10일부터 시행됩니다. 노동계에선 노동권과 특히 하청을 보호할 수 있다며 환영의 목소리를 냈지만, 재계는 노동계가 무리한 요구를 할까 우려스럽다는 입장입니다. 김민재 기자의 보도입니다. [기자] 노란봉투법의 핵심은 하청노조가 원청과 직접 교섭을 할 수 있고 구조조정이나 정리해고 등을 이유로 파업이 가능해졌으며 노조에 대한 과도한 손해배상 청구를 제한하는 것입니다. 노란봉투법 시행에 노동계에선 환영의 뜻을 보입니다. 이지현 한국노총 대변인은 ABC와의 서면 인터뷰에서 ""오래 기다려온 노란봉투법이 시행된다 ""원청의 사용자 책임을 명확히 하는 것은 과제""라 말했습니다. 그러면서 이 대변인은 ""교섭 창구 단일화 절차로 인해 하청·간접고용 노동자의 교섭권 보장이 충분하지 않다 ""제도 운용을 면밀히 점검하고 필요한 개선을 계속 요구할 것""이라 덧붙였습니다. 노란봉투법 도입을 환영하면서 더 발전시켜 나가겠다는 입장을 밝힌 노동계와 달리 재계는 우려하는 목소리를 꾸준히 내고 있습니다. 한국경영자총협회는 지난 8일 입장문을 통해 ""일부 노동계는 사용자성 인정 가능성 여부와 무관하게 원청을 상대로 교섭을 요구하고, 사용자성이 인정되지 않은 교섭 의제에 대해서도 교섭을 요구하겠다고 공언한다 ""사용자 범위와 교섭 의제를 두고 노사 간 분쟁이 지속될 것으로 우려된다 밝혔습니다. 특히 산업 위기 속 구조 개편을 앞둔 석화 등 중후장대 기업들은 구조조정을 파업 사유로 인정하는 노란봉투법이 더욱 달갑지 않은 상황. 기업들의 불만이 지속되자 이재명 대통령은 시행 당일 기업인들을 청와대로 초청해 현장 의견을 들을 예정입니다. 노동권 보호라는 주장과 산업을 위축시킨다는 주장이 팽배했던 노란봉투법이 실제 산업계에 작용하며 그 여파를 직접 확인할 수 있을 것으로 보입니다. ABC뉴스 김민재입니다. ©'5개국어 글로벌 경제신문' 아주경제. 무단전재·재배포 금지",ok
노란봉투법 / 노동조합법 개정,노란봉투법 / 노동조합법 개정 관련 세부 쟁점,노란봉투법 / 노동조합법 개정;srtimes.kr;정책,http://www.srtimes.kr/news/articleView.html?idxno=184205,"노란봉투법, 노동계 환영·재계 우려 속 국회 통과",srtimes.kr,갈등_구도,중립적,정부,"'노란봉투법, 노동계 환영·재계 우려 속 국회 통과' 기사에서 srtimes.kr가 어떤 주체와 강조점을 전면에 두는지 기준으로 생성한 mock 태깅 결과입니다.","[SRT(에스알 타임스) 전지선 기자] 이른바 ‘노란봉투법’(노동조합 및 노동관계조정법 2·3조 개정안)이 24일 여당 주도로 국회를 통과했다. 윤석열 정부의 거부권 행사로 폐기됐던 법안이 다시 부활한 것이다. 국회는 이날 오전 본회의에서 노란봉투법을 표결에 부쳤고, 재석 의원 186명 중 183명이 찬성해 가결됐다. 더불어민주당과 진보 성향 정당 의원들이 대거 찬성표를 던졌고, 국민의힘은 '경제 악법'이라며 표결을 거부했다. 개혁신당 의원 3명은 반대표를 던졌다. 노란봉투법의 핵심은 노동자 권리 확대다. 사용자의 범위를 넓히고 노동쟁의 대상을 확장했으며, 파업 노동자에게 제기되는 손해배상 청구를 제한하는 내용이 담겼다. 노동계는 즉각 환영 입장을 밝혔다. 민주노총 조합원들은 이날 국회 앞에서 환호하며 “노동 기본권 보장의 첫걸음”이라고 평가했다. 이번 처리 과정은 순탄치 않았다. 전날 본회의에 상정된 법안은 국민의힘이 필리버스터(무제한 토론)를 신청하며 지연됐다. 그러나 민주당이 종결 동의안을 제출했고, 24시간이 지난 이날 아침 표결로 토론이 종료되면서 법안이 신속히 처리됐다. 국회는 이어 자산 2조 원 이상 기업에 집중투표제를 의무화하고 감사위원 분리선출을 확대하는 내용을 담은 상법 개정안을 곧바로 상정했다. 국민의힘은 역시 '기업 옥죄기' 법안이라고 반발하며 필리버스터에 돌입했다. 상법 개정안 표결은 25일 오전 이뤄질 가능성이 크다. 전지선 기자 jjseon0912@gmail.com",mock
노란봉투법 / 노동조합법 개정,IT 플랫폼 기업의 사용자 책임 확대 및 노동권 강화,노란봉투법;IT플랫폼기업;사용자책임;노동권강화;간접고용,https://www.asiatime.co.kr/article/20260310500030,IT 노동계 “노란봉투법 시행 환영… 플랫폼 기업 책임 회피 끝내야”,asiatime.co.kr,노동권_보호,긍정적,노동계,"이 기사는 IT 노동계가 노란봉투법 시행을 환영하며, IT 플랫폼 기업의 사용자 책임 확대와 간접고용 노동자의 교섭권 강화에 긍정적인 입장을 표명하는 내용을 다룹니다.","advertisement advertisement [아시아타임즈=이동욱 기자] IT 노동계가 하청·간접고용 노동자의 교섭권 강화와 원청 기업의 사용자 책임 범위 확대를 골자로 한 이른바 '노란봉투법' 시행에 환영의 뜻을 표명했다. 이들은 IT 플랫폼 기업의 책임 회피 구조를 끝내야 한다고 입을 모았다. 10일 화섬식품노조는 성명을 내고 노조법 개정은 IT 플랫폼 기업의 '책임 없는 경영'을 끝내기 위한 출발점이라고 밝혔다. 오세윤 화섬식품노조 IT위원장은 ""네이버와 카카오로 대표되는 IT 플랫폼 기업 집단은 다수의 계열사와 자회사 구조를 활용해 노동자들의 노동조건을 사실상 지배하면서도 법적 책임은 회피하는 구조를 오랫동안 유지해 왔다""며 ""이러한 구조 속에서 근로자들은 실질적인 결정권을 가진 기업과는 교섭할 수 없었고, 계열사 단위로 쪼개진 교섭 구조 속에서 권리를 제대로 보장받기 어려웠다""고 말했다. 이어 ""이번 개정은 단순한 법률 개정을 넘어, 대기업 집단이 만들어 온 분절된 고용 구조와 책임 회피 구조를 바로잡기 위한 최소한의 제도적 장치라는 점에서 큰 의미를 갖는다""고 덧붙였다. advertisement advertisement 개정된 노동조합법 제2조는 노동계약의 형식적 당사자가 아니더라도 노동조건을 실질적으로 지배하거나 결정할 수 있는 지위에 있는 자를 사용자로 명확히 규정했다. 이는 그동안 법원 판례를 통해 형성돼 온 '지배력 기준'을 입법 차원에서 확정한 것이다. 이에 따라 기업은 법인 분리라는 형식 뒤에 숨어 실질적인 결정권을 행사하면서도 교섭 책임을 회피하던 관행을 더 이상 지속하기 어려워졌다. IT 플랫폼 기업집단은 그룹 단위로 예산과 재원을 배분하고 인사 정책과 평가 기준을 통합적으로 운영한다. 또한 공통 복리후생과 인프라를 공동으로 활용하며 계열사 간 인력 이동과 조직 개편도 상시적으로 이뤄진다. 이러한 구조 속에서 모회사와 그룹 지배기구는 계열사 노동자들의 노동조건에 실질적인 영향력을 미친다. 오 위원장은 ""자회사 분사, CIC 분리, 서비스 종료, 전환배치, 사업 매각 등의 결정은 그동안 기업이 '경영권'이라는 이름으로 일방적으로 추진해 온 사안들이고 노동자의 고용 안정과 노동조건에 직접적인 영향을 미친다""며 ""이러한 결정 과정에서 근로자의 의견이 배제되어서는 안 되며 노동조합과의 실질적인 교섭이 반드시 보장돼야 한다""고 밝혔다. 지난해 9월 개정된 노조법 2·3조는 하청·간접고용 노동자의 교섭권 강화와 원청 기업의 사용자 책임 범위 확대를 골자로 6개월의 유예기간을 거쳐 이날부터 시행한다.",ok
노란봉투법 / 노동조합법 개정,노란봉투법 / 노동조합법 개정 관련 세부 쟁점,노란봉투법 / 노동조합법 개정;worklaw.co.kr;정책,http://www.worklaw.co.kr/view/view.asp?accessSite=Naver&accessMethod=Search&accessMenu=News&in_cate=102&in_cate2=0&gopage=1&bi_pidx=39221,노란봉투법 시행 후 교섭 상황에 대한 평가와 향후 과제,worklaw.co.kr,갈등_구도,중립적,정부,'노란봉투법 시행 후 교섭 상황에 대한 평가와 향후 과제' 기사에서 worklaw.co.kr가 어떤 주체와 강조점을 전면에 두는지 기준으로 생성한 mock 태깅 결과입니다.,"- HOME > 법률 - 등록 : 2026-06-05 10:08:48 수정 : 2026-06-05 10:10:22 노란봉투법 시행 후 교섭 상황에 대한 평가와 향후 과제 2026-06-05 10:08:48 [2026년 6월호 vol.0] - 2,000원 [노동법률] 안종기 고려대 노동문제연구소 연구교수 1. 문제의식 : 노란봉투법은 왜 등장했는가 개정 노동조합법(노란봉투법)이 시행된 이후인 현 상황을 평가할 때 가장 먼저 생각해야 할 것은 이 법이 갑자기 등장한 제도가 아니라는 점이다. 우리나라 산업현장에서는 오래전부터 원청이 실질적으로 노동조건에 영향을 미치면서도 법적 사용자 책임은 하청업체에 한정되는 구조가 반복돼 왔다. 그 결과 하청·용역·위탁 노동자들의 교섭권은 사실상 유명무실한 형식에 그쳤고 이에 대한 개선 방안으로 노란봉투법이 제정된 것이다. 노란봉투법이 노동계의 요구를 대폭 수용한 법이라는 점은 틀림없는 사실이다. 그러기에 경영계의 우려와 보완 의견 역시 다른 각도의 이해로서 신중히 경청해야 한다. 그러나 노란봉투법의 제정 자체를 어느 한쪽의 이익을 편향적이고 일방적으로 들어줬다는 인식보다는 산업구조의 현실과 기존 노동법 체계 사이의 괴리를 보정하려는 시도로 이해할 필요가 있다. 이 법의 문제의식이 '원청 책임의 실질적 범위, 하청 노동자, 특수형태근로종사자의 기본적인 교섭권, 사용자 개념의 적실한 현실에의 적용'에 있다고 본다면 기존 노동법 체계 사각지대를 보완하려는 변화의 출발점으로 볼 수 있기 때문이다. 다만 여기서 중요한 점은 법 시행이 곧 안정적 노사관계 질서의 완성을 의미하지 않는다는 것이다. 새로운 교섭 질서가 형성되는 초기 국면인 현재, 현장 혼선과 갈등이 불가피하게 나타나고 있다. 2. 시행 후 교섭 상황 : '잠재된 요구' 분출과 '방어적 관망'의 교차 국면 노란봉투법 시행 직후 나타난 가장 뚜렷한 현상은 하청 노조들의 교섭 요구가 매우 빠르게 분출됐다는 점이다. 시행 첫날부터 하청 노조 407곳이 원청 사업장 221곳을 대상으로 교섭 요구를 하기 시작해 시행 후 한 달 기준으로 약 14만6000명의 조합원이 원청을 상대로 교섭을 요구한 것으로 집계됐다. 다만 원청의 대응은 아직 제한적이며 교섭 요구에 대한 공고 비율은 계속 낮은 수준에 있다. 이러한 현상의 이면에는 두 가지 합리적 메커니즘이 작동하고 있다. 노동의 입장에서는 '진짜 사장'이라고 생각되는 대상, 즉 실질적 지배력을 가진 주체를 상대로 교섭을 통해 노동권의 행사를 시도하는 것이 합리적인 선택임은 자명하다. 마찬가지로 경영(자본)의 입장에서는 사용자성 판단기준, 교섭의 범위 및 의제, 기존 하청업체와의 관계, 복수노조 구조 등 법적·경영상 불확실성이 해소되지 않은 혼란의 상황에서 섣부른 의사결정보다는 현상을 면밀히 모니터링 하면서 '주의 깊은 선택' 노력을 기울이는 것 역시 존중받아야 할 합리적인 행위다. 결국 현재의 국면은 '노동계 요구의 폭발'과 '경영계의 방어적 관망'이 팽팽히 대치하는 전형적인 제도적 전환기라 할 수 있다. 위 기사는 유료기사 입니다. 전문을 보기 위해서는 로그인 후 '기사구매'를 하셔야 전문을 보실 수 있습니다. 안종기 고려대 노동문제연구소 연구교수 특집 LIST - 1 금속노조 원청교섭 추진 현황과 과제 - 2 ‘모범 사용자’ 자임한 정부, 외려 원청교섭 회피하나 - 3 건설현장 안전과 시공품질을 위한 원청교섭 발걸음은 멈추지 않는다 - 4 투쟁이 열고 판결이 키운 판 : 노란봉투법 원년, 백면노조의 교섭 과제 - 5 노란봉투법 시행 후 교섭 상황에 대한 평가와 향후 과제 - 6 ‘모든 일하는 사람’을 위한 법, 실질적 보호 대책으로 답하라 - 7 근로자 추정제, 신중한 접근이 필요하다 - 8 일하는 사람 기본법과 기업의 대응 방안 - 9 근로자 추정제로 바뀔 근로자성 분쟁의 구조와 대응 방안 - 10 ‘노동자냐 아니냐’를 넘어, 해외 입법사례가 보여주는 길",mock
노란봉투법 / 노동조합법 개정,노란봉투법 / 노동조합법 개정 관련 세부 쟁점,노란봉투법 / 노동조합법 개정;newscj.com;정책,https://www.newscj.com/news/articleView.html?idxno=3406679,취지 무색한 ‘노란봉투법’… 대기업 성과급 투쟁·노노갈등 부작용 논란,newscj.com,갈등_구도,중립적,정부,'취지 무색한 ‘노란봉투법’… 대기업 성과급 투쟁·노노갈등 부작용 논란' 기사에서 newscj.com가 어떤 주체와 강조점을 전면에 두는지 기준으로 생성한 mock 태깅 결과입니다.,"원청 노조 성과급 인상 확산 모호한 조항 쟁의범위 확대 파업 ‘손배 책임 완화’ 영향 원·하청 이해관계 충돌 심화 “직접적 영향 없다” 반론도 [천지일보=홍보영 기자] 하청 노동자의 교섭권 강화를 위해 도입된 노란봉투법(노동조합 및 노동관계조정법 제2·3조 개정안)이 시행 석 달째를 맞은 가운데 법 적용 범위가 당초 취지를 넘어 확대되고 있다는 우려가 나오고 있다. 하청 노동자 보호를 위해 마련된 제도가 원청 노조의 협상력까지 키우면서 원·하청, 정규직·비정규직 간 갈등을 심화시킬 수 있다는 지적이다. 삼성전자 노사는 총파업 위기 끝에 성과급 갈등을 봉합했지만 카카오 노조는 부분파업을 예고했다. 현대차와 현대제철 노조도 대규모 성과급 인상을 요구하며 사측과 대립하고 있다. 여기에 금속노조 산하 현대차 식당·보안·경비·판매대리점 노동자 1675명은 원청인 현대차를 상대로 직접 교섭을 요구하고 나섰다. 원청 노조의 성과급 투쟁과 하청 노동자의 직접 교섭 요구가 동시에 전개되면서 기업 현장의 노사관계가 새로운 국면을 맞고 있다는 분석이 나온다. 노동계에 따르면 지난 3월 시행된 노란봉투법은 원청이 실질적으로 근로조건을 결정하는 경우 하청노조가 원청과 직접 교섭할 수 있도록 한 것이 핵심이다. 원·하청 노동시장 이중구조를 완화하고 하청 노동자의 교섭권을 보장하기 위한 취지로, 노동쟁의 범위를 확대하고 불법 쟁의행위에 대한 손해배상 청구를 제한하는 내용도 담고 있다. 그러나 노동계 안팎에서는 법 적용 범위와 사용자 개념이 넓어지면서 원청 노조의 교섭력까지 강화하는 결과로 이어질 수 있다는 우려가 제기된다. ◆대기업 성과급 투쟁 확산 최근 주요 대기업 노사의 성과급 협상 상황을 보면 원청 노조의 요구 수위는 갈수록 높아지는 추세다. 삼성전자 노사는 기존 초과이익성과급(OPI) 제도를 유지하면서 반도체(DS) 부문에 사업성과의 10.5%를 재원으로 하는 특별경영성과급을 별도로 신설하는 내용을 골자로 한 잠정합의안을 가결하며 총파업 위기를 넘겼다. 카카오 노조는 성과급 지급 규모와 산정 방식 등을 둘러싼 임금협상이 결렬되자 오는 10일 4시간 부분파업과 판교 집회를 예고했다. 현대제철 노조는 최근 임단협 교섭 과정에서 지난해보다 150% 인상된 수준의 성과급 지급을 요구하며 사측과 대립하고 있다. 현대차 노조 역시 올해 임단협에서 기본급 14만 9600원 인상과 함께 지난해 순이익의 30%(약 3조원) 성과급 지급, 상여금 800% 지급 등을 요구하며 사측과 줄다리기를 이어가고 있다. 노동계에서는 이 같은 원청 노조의 성과급 투쟁이 다른 업종으로도 확산될 가능성이 있다고 보고 있다. 실제로 노란봉투법 시행 이후 하청 노동자들의 직접 교섭 요구도 본격화하는 양상이다. 금속노조 산하 현대차 식당·보안·경비·판매대리점 노동자 1675명은 올해 3월 현대차를 상대로 단체교섭을 요구했으며 현재 울산지방노동위원회가 현대차의 사용자성 여부를 심리하고 있다. 하청 노동자들 사이에서는 원청 실적 개선에 대한 기여가 보상에 반영돼야 한다는 목소리도 나온다. 노동계 안팎에서는 원청 노조가 성과급 인상을 이끌어낼 경우 하청 노동자들의 보상 요구도 함께 확대될 가능성이 크다는 관측이 나온다. ◆쟁의 범위 확대·손배 제한이 만든 논란 노란봉투법 시행 이후 노동쟁의 범위가 확대되고 손해배상 책임 규정이 변경된 점이 이 같은 흐름에 영향을 미쳤다는 분석도 나온다. 마지현 파이터치연구원 수석연구원은 “개정 노조법 이후 쟁의 범위가 넓어졌는데 성과급 문제는 된다, 안 된다고 명확히 규정되지 않은 회색지대에 놓여 있다”며 “해석에 따라 일정 부분 쟁의 대상에 포함될 수 있다는 시각도 존재한다”고 말했다. 실제 개정 노조법은 노동쟁의 개념에 ‘근로조건에 영향을 미치는 사업 경영상의 결정’을 포함했다. 이를 두고 노동계는 성과급 역시 근로조건에 영향을 미치는 사안이라고 해석하는 반면 경영계는 기업의 경영권 영역이라고 맞서고 있다. 이정 한국외대 노동법 교수는 “성과 배분 문제는 원래 주주와 경영진의 판단이 강하게 작용하는 경영적 성격의 사안”이라며 “노동쟁의 개념에 경영상 결정이 포함되면서 과거보다 노조가 성과급 문제를 적극적으로 쟁점화할 수 있는 환경이 조성된 측면이 있다”고 설명했다. 불법 파업에 대한 손해배상 책임 제한도 변수로 꼽힌다. 기존에는 불법 파업으로 손실이 발생할 경우 노조와 조합원에게 연대책임을 물을 수 있었지만 개정법은 개별 조합원의 역할과 책임 정도에 따라 손해배상 책임을 산정하도록 했다. 마 수석연구원은 “손해배상 부담이 과거보다 줄어든 만큼 노조 입장에서는 단체행동에 대한 부담도 이전보다 낮아졌다고 볼 수 있다”고 말했다. ◆원·하청 간 노노갈등 우려 전문가들은 향후 노란봉투법의 영향이 본격화될 경우 원청과 하청 간 이해관계 충돌이 더 심해질 가능성에 주목한다. 마 수석연구원은 “기업 입장에서는 줄 수 있는 재원이 정해져 있는데 한쪽에 더 많이 배분하면 다른 쪽은 적게 받을 수밖에 없다”며 “원청과 하청, 기업과 노조 간 갈등을 넘어 원청 노조와 하청 노조 간 갈등도 심화될 수 있다”고 전망했다. 특히 반도체·자동차·조선업처럼 대규모 연구개발(R&D)과 설비 투자가 필요한 업종에서는 성과급 확대 요구가 투자 재원과 충돌할 수 있다는 우려도 나온다. 기업 입장에서는 성과급뿐 아니라 미래 투자와...",mock
노란봉투법 / 노동조합법 개정,노란봉투법 / 노동조합법 개정 관련 세부 쟁점,노란봉투법 / 노동조합법 개정;donga.com;정책,https://www.donga.com/news/Society/article/all/20260601/134025751/2,"임금-복지 늘리자던 노조, 노란봉투법뒤 “아예 이익 나눠달라”",donga.com,갈등_구도,중립적,정부,"'임금-복지 늘리자던 노조, 노란봉투법뒤 “아예 이익 나눠달라”' 기사에서 donga.com가 어떤 주체와 강조점을 전면에 두는지 기준으로 생성한 mock 태깅 결과입니다.","- 동아일보 - 입력 2026년 6월 1일 04시 30분 공유하기 글자크기 설정 HD현대重-LG유플러스-기아 등도 노조 교섭안에 ‘영업익 30%’ 포함 일부 “AI 도입땐 노조와 협의” 요구도 한국경영자총협회(경총)는 최근 잇따르고 있는 대기업 노조의 ‘영업이익 N%’ 분배 요구에 대해 노동조합 및 노동관계조정법상 이익 배분은 단체교섭 대상이 아니라고 못 박았다. 하지만 이미 성과급 배분은 올해 노동계 ‘하투(夏鬪)’의 뜨거운 쟁점으로 부상했다. SK하이닉스가 수억 원대 성과급을 연이어 지급하고, 삼성전자도 노조의 투쟁 끝에 영업이익 일부를 최대 수억 원 성과급으로 지급하기로 결정하면서 ‘이익 배분 요구’는 노동계에 전방위로 확산하고 있는 것. 과거 노조의 요구가 임금인상 및 복지 향상 등 근로자 처우에 맞춰져 있었다면 이제는 ‘이익 나누기’로 쟁의의 목적 자체가 바뀌고 있는 것이다. ● “영업이익도, 배당금도 나눠 달라” 실제로 올해 2월 대법원은 SK하이닉스 퇴직자가 낸 퇴직금 청구 소송 상고심에서 경영성과금이 평균임금에 포함되지 않는다고 판결한 바 있다. 경영 상황 변화에 따라 지급 유무나 지급액이 달라질 수 있는 데다 근로자들이 통제하기 어려운 다른 요인들의 영향을 더 크게 받는 만큼 근로의 양이나 질에 대응하는 대가로 볼 수 없다는 판단이었다. 하지만 경총의 권고문은 경영계의 하투를 앞둔 가이드라인일 뿐, 성과급 투쟁을 차단하기엔 역부족이라는 평가가 우세하다. 이미 카카오는 지난달 20일 본사를 포함한 5개 법인 노조가 모두 파업 찬반 투표를 가결했고, 28일에는 경기지방노동위원회가 조정 중지를 결정해 쟁의권을 확보했다. 이들 노조는 영업이익의 13∼14%에 해당하는 금액을 성과급 재원으로 덜어내 분배할 것을 요구하고 있다. 회사가 양도제한조건부주식(RSU)을 포함해 영업익의 10%에 해당하는 수준의 보상안을 내놨지만 노조는 이를 거부했다. HD현대중공업과 LG유플러스, 기아도 교섭요구안에 영업이익의 30%를 성과급으로 분배해 달라는 내용을 포함시켰다. 현대자동차도 순이익의 30% 분배를 요구하고 있다. LG화학은 아예 자회사(LG에너지솔루션) 배당을 직원들에게 나눠야 한다고 주장하고 있다. ● 투쟁 목적 바꾼 노란봉투법 경영계는 올해 3월 시행된 노란봉투법(노동조합법 제2·3조 개정안)이 노조의 교섭 범위를 넓히고 있다고 본다. 노봉법에 따라 ‘근로 조건에 영향을 줄 수 있는 경영상 결정’으로 노조가 교섭을 요구할 수 있기 때문이다. 실제로 ‘영업이익 배분’을 넘어 자회사 노조가 모회사의 경영판단에 반대하는 등 교섭의 스펙트럼이 급격히 확대되는 분위기다. 현대모비스는 최근 경영 효율화 차원에서 램프 사업부를 글로벌 자동차 부품 기업에 매각한다고 발표했다. 그러면서 해당 사업부와 관련된 자회사 직원들에게는 평균 1인당 1억 원가량의 위로금 등을 지급했다. 하지만 자회사 일부 노조는 램프 사업부 매각에 반대한다며 현대모비스 본사 앞에서 원청이 교섭에 나서라며 집회를 벌였다. 최근 노사 대화가 진전되며 자회사 파업까지는 가지 않을 것으로 전망되지만, 현대모비스는 자회사를 위해 램프사업부 인수사와 차량 구매 할인 혜택 등 복지 대책을 직접 논의해야 하는 상황이 됐다. 그 외에도 주택자금 대출이나 노조와의 협의 없는 인공지능(AI) 도입 반대 등 기존 노사 협상에서는 등장하지 않았던 새로운 요구안도 속속 등장하고 있다. LG유플러스와 현대차, 기아 등은 최근 “AI를 사업장에 도입할 때 노조와 사전 협의하라”, “로봇을 생산 라인에 투입할 때 노조의 허락을 받으라”는 요구를 하고 있다. 삼성전자와 삼성디스플레이도 주거안정 대출, 주택 대부 도입 등을 사 측에 요구한 것으로 전해졌다. © dongA.com All rights reserved. 무단 전재, 재배포 및 AI학습 이용 금지 - 1 “비굴함이 가슴에 맺혀”…눈물 보인 송언석, 원내대표 사퇴 - 2 잠실 투표함 열자 국힘 7→8석…서울시 비례 뒤집혔다 - 3 “부동산에 민감한 서울 30대女 등돌려”…與내부 자성론 솔솔 - 4 노태악 선관위원장 사의…“투표용지부족 사태 책임 통감” - 5 손흥민 “자녀 축구? 말릴 것”…은퇴 후 꿈은 ‘좋은 아빠’ - 6 전원주, 선우용여에 호텔 뷔페 사고 울컥…“돈 벌려고만 살았다” - 7 투표용지 충분히 갖고도… 송파선관위, 배분 안했다 - 8 젠슨 황 “한국에 깜짝 선물 준비…많은 사업 들고 왔다” - 9 “오세훈 당선인 확정 못할 판” vs “진영 상관없이 재선거하라” - 10 울릉도 암벽 글씨 다시 읽어보니… “우리 수령 서쪽서 와 백성 살펴” - 1 투표용지 충분히 갖고도… 송파선관위, 배분 안했다 - 2 “TK 빼고 장동혁 안 간 곳만 승리” 책임론에, 張 “희망 불씨” 일축 - 3 한동훈 복당 의지…“천년만년 무소속이면 이렇게 모이셨겠나” - 4 “비굴함이 가슴에 맺혀”…눈물 보인 송언석, 원내대표 사퇴 - 5 경찰 ‘투표용지 사태’ 노태악 선관위원장 수사 착수 - 6 노태악 선관위원장 사의…“투표용지부족 사태 책임 통감” - 7 한동훈, 장동혁 지도부 때리며 “반드시 돌아간다” - 8 주병기 공정위장 “내란도 상관없는 맹신” 국힘 지지층 비판 논란 - 9 “TK 빼면 장동혁 안 간 곳만 승리” 눈총에도…張, 사퇴론 일축 - 10 집권 2년차 맞은 李… 차기...",mock
노란봉투법 / 노동조합법 개정,노란봉투법 / 노동조합법 개정 관련 세부 쟁점,노란봉투법 / 노동조합법 개정;mk.co.kr;정책,https://www.mk.co.kr/article/12063302,고무줄 노란봉투법에 재심·불복 악순환 … 기업들 '대혼란' - 매일경제,mk.co.kr,갈등_구도,중립적,정부,'고무줄 노란봉투법에 재심·불복 악순환 … 기업들 '대혼란' - 매일경제' 기사에서 mk.co.kr가 어떤 주체와 강조점을 전면에 두는지 기준으로 생성한 mock 태깅 결과입니다.,"Key Points - 지난 3월 '노란봉투법' 시행 이후 하청 노조들이 원청 기업에 무더기로 교섭을 요구하면서 노동위원회 판정과 재심 신청이 급증하고 있어요. 😢 - 지방노동위원회에서 내려지는 판정에 명확하고 일관된 기준이 없어 노사 양측 모두 불복하며 중앙노동위원회에 재심을 신청하는 사례가 잇따르고 있어요. ⚖️ - 지방노동위, 중앙노동위, 행정법원, 고등법원, 대법원까지 사실상 '5심제'와 같은 긴 법적 분쟁으로 이어지면서, 과거 HD현대중공업 사례처럼 판결까지 9년 이상 걸리는 경우도 발생하고 있어요. ⏳ - '고무줄 판정' 논란 속에 기업들은 늘어난 교섭 대상으로 인해 사업 개편이나 M&A 등 경영 활동에 차질이 생길 것을 우려하고 있으며, 노사 갈등 장기화가 산업 현장의 혼란을 가중시키고 있어요. 🏭 1. 사건 개요: 무슨 일이 있었나? 2026년 3월, '노란봉투법'이 시행되면서 하청 노동조합이 원청 기업에게 직접 교섭을 요구하는 사례가 급증하고 있어요. 📈 하지만 지방노동위원회의 판정이 명확한 기준 없이 내려지면서, 원청 기업과 하청 노조 간의 갈등이 깊어지고 있답니다. 😟 현대제철, 한화오션, 포스코, SK에너지 등 여러 대기업들이 지방노동위원회의 판정에 불복하여 중앙노동위원회에 재심을 신청했어요. 🏭 예를 들어, 현대제철은 하청 노조의 분리 교섭을 인정한 판정에, 포스코는 교섭단위 분리 요구를 인정한 판정에 각각 재심을 청구했답니다. ⚖️ 이러한 재심 신청은 곧 장기간의 법적 분쟁으로 이어질 가능성이 커요. 지방노동위원회 조정에 최대 60일, 중앙노동위원회 재심에 최대 65일이 소요될 수 있으며, 여기서도 합의가 이루어지지 않으면 행정소송까지 가게 돼요. 😥 과거 HD현대중공업의 경우, 사내 하청 노조가 원청 교섭을 요구한 소송이 대법원 판결까지 약 9년이 걸리기도 했어요. ⏳ 기업들은 지방노동위원회의 '고무줄 판정' 때문에 혼란을 겪고 있으며, 이는 산업 현장의 갈등을 심화시키고 사업 개편이나 M&A 등 경영 활동에도 제동을 걸 수 있다는 우려를 표하고 있어요. 📉 앞으로 재심 신청 건수는 더욱 늘어날 것으로 예상되며, 노사 갈등 장기화가 불가피해 보이는 상황이에요. 😟 2. 심층 분석: 이 뉴스는 왜 나왔나? 최근 '노란봉투법(노동조합 및 노동관계조정법 2, 3조 개정안)' 시행 이후 하청 노동조합에 대한 원청 기업의 교섭 의무가 확대되면서 산업 현장의 혼란이 가중되고 있어요. 😟 이번 사안은 단순히 노사 갈등을 넘어, 법 시행 이후 노동위원회 판정 기준의 모호성과 그로 인한 재심·불복 절차의 악순환이 핵심적인 배경으로 작용하고 있답니다. ⚖️ 2026년 3월 법 시행 이후, 현대제철, 한화오션, 포스코, SK에너지 등 다수의 대기업에서 지방노동위원회(지노위)의 사용자성 인정 및 분리 교섭 판정에 불복하여 중앙노동위원회(중노위)에 재심을 신청하는 사례가 급증하고 있어요. 📈 이는 법의 구체적인 적용 기준이 명확하게 제시되지 않은 상태에서, 개별 사건마다 엇갈리는 판정이 내려지면서 노사 양측 모두 결과에 수긍하기 어렵다는 점을 보여주고 있습니다. 🤷♀️ 이러한 상황은 곧바로 '5심제'로 이어지는 복잡하고 긴 법적 분쟁의 시작점이 되고 있어요. ⏳ 지노위에서 판정이 내려지고, 이에 불복하면 중노위 재심을 거쳐야 하며, 여기서도 합의가 이루어지지 않으면 행정법원, 고등법원, 대법원까지 이어지는 장기화된 소송전이 불가피합니다. 😥 실제로 HD현대중공업 사례의 경우, 2017년에 제기된 원청 교섭 요구 소송이 대법원에서 판결 나기까지 약 9년이라는 시간이 소요되었어요. 🤯 이러한 절차 지연은 기업의 경영 활동은 물론, 사업 개편이나 인수합병(M&A)과 같은 체질 개선 작업에도 큰 부담을 주고 있으며, 잦은 쟁의 행위와 소송전으로 산업 현장의 안정성을 저해하는 요인으로 작용하고 있다는 분석이에요. 😟 결론적으로, 이번 뉴스는 '노란봉투법' 시행이 현장에 예상치 못한 혼란을 야기하고 있다는 점을 지적하고 있어요. 📢 법 시행 취지와 달리, 노동위원회의 명확하고 일관된 기준 부재는 노사 갈등을 증폭시키고, 결국 지연되고 있는 사법 절차 속에서 기업들의 어려움이 가중되고 있음을 보여주고 있습니다. 🤔 이러한 상황이 지속될 경우, 잦은 쟁의 행위와 소송전이 산업 현장에 일상화될 수 있다는 우려가 커지고 있어요. 😥 3. 주요 경과: 지금까지의 흐름 (Timeline) - 2023년 5월 더불어민주당과 정의당 등 야당이 '노란봉투법'을 국회 본회의에 직회부하기로 결정했어요. 국민의힘은 이에 반발하며 헌법재판소에 권한쟁의 심판 제기를 예고했고, 고용노동부도 재고를 요청했답니다. ⚖️ 경제계는 신중한 검토를, 노동계는 조속한 처리를 촉구하는 등 각계의 입장이 엇갈렸어요. 🤝 - 2026년 3월 노란봉투법이 시행된 이후, 하청 노조들이 원청 기업들을 대상으로 단체교섭을 요구하는 사례가 늘어나기 시작했어요. 🏭 고용노동부에 따르면 시행 후 약 한 달간 1121곳의 하청 노조가 424곳의 원청 기업에 교섭을 요구했답니다. 📈 - 2026년 5월 지방노동위원회의 판정문 발송이 본격화되면서, 노란봉투법 시행 이후 발생한 19건의 재심 신청이 접수되었어요. 📝 현대제철, 한화오션, 포스코, SK에너지 등 주요 기업들이 지방노동위 판정에 불복하여 중앙노동위원회에 재심을 신청하는...",mock
노란봉투법 / 노동조합법 개정,노란봉투법 시행에 따른 원청-하청 교섭 확대 및 기업 부담,노란봉투법;원하청교섭;기업부담;경영리스크;노동조합법,https://news.tvchosun.com/site/data/html_dir/2026/05/22/2026052290285.html,'소급적용' 막혔지만…'노란봉투법' 경영리스크 이제 시작,news.tvchosun.com,기업부담_우려,부정적,기업/경영계,이 기사는 노란봉투법 시행으로 하청 노조의 원청 교섭 요구가 가능해지면서 기업들이 겪게 될 경영 리스크와 부담을 우려하는 시각을 주로 다루고 있다.,"[앵커] '영업이익 연동' 성과급 문제는 하청업체로까지 번지고 있습니다. 하청 노조가 원청 업체에 성과급 교섭을 요구한 건데, 지난 3월 시행된 노란봉투법 때문에 가능해진 일입니다. 어제 대법원 전원합의체가 소급 적용은 안된다고 했지만, 앞으로는 상황이 달라질 수밖에 없습니다. 기업들에게 또 산이 하나 생겼습니다. 조정린 기자가 보도합니다. [리포트] 지난달 말 하청업체가 SK하이닉스를 상대로 직접 교섭을 요구했습니다. ""원하청 간 임금과 성과급 격차 등 차별 처우를 개선하라""는 겁니다. 하청노조도 원청을 상대로 교섭을 요구할수 있게 한 '노란봉투법'이 지난 3월10일 시행되면서 생긴 일입니다. 대법원 전원합의체가 어제 하청노조와의 소송에서 HD현대중공업 손을 들어준건 노란봉투법 시행 전 사건이기 때문입니다. 조희대 / 대법원장 ""구 노동조합법 제2조가 적용되는 사안에서 단체교섭 의무를 부담하는 사용자에 관한 종전 법리는 타당하므로 유지돼야 한다는 것이 대법원의 다수 의견입니다."" 소급 적용은 막았지만 앞으론 법원의 판단도 바뀔 전망입니다. 소급 불가 의견을 낸 이숙연 대법관도 ""향후 노란봉투법이 적용되는 사건에선 입법적 결단을 존중해 법을 해석하고 적용할 것""이라고 했습니다. 경영계는 우려하고 있습니다. 석병훈 / 이화여대 경제학과 교수 ""하청업체들이 수시로 원청에 와서 단체 교섭을 요구할 가능성이 크고요, 이것에 대응하려면 당연히 기업들 입장에서는 시간과 비용을 써야 되고.."" 기업 입장에서 노란봉투법 리스크는 이제 시작이란 평가가 나옵니다. TV조선 조정린입니다. Copyrights ⓒ TV조선. 무단전재 및 재배포 금지",ok
노란봉투법 / 노동조합법 개정,노란봉투법 / 노동조합법 개정 관련 세부 쟁점,노란봉투법 / 노동조합법 개정;polinews.co.kr;정책,https://www.polinews.co.kr/news/articleView.html?idxno=733241,노란봉투법이 벼랑 끝 건설 생태계에 미치는 영향,polinews.co.kr,갈등_구도,중립적,정부,'노란봉투법이 벼랑 끝 건설 생태계에 미치는 영향' 기사에서 polinews.co.kr가 어떤 주체와 강조점을 전면에 두는지 기준으로 생성한 mock 태깅 결과입니다.,"4중고(苦) 늪에 빠진 건설업, 다단계·유동적 현장 특성 배제된 법안 시행으로 대형 시공사 100여 곳 '단체교섭 대란' 직면 단일 공정 마비가 전체 셧다운으로 이어지는 구조적 한계… 노조의 대대적 교섭 요구는 시공사 넘어 대기업 발주처까지 정조준 시행 3개월 만에 일용직·외국인 등 취약계층 일자리 6만 개 증발, 선의(善意)가 부른 참사… 산업 현실을 직시한 외과수술적 보완 입법 절실 대한민국 건설업이 벼랑 끝에 내몰리고 있다. 건설산업지식정보시스템(KISCON) 통계에 따르면 2026년 1분기 건설사 폐업 신고는 1,088건으로 전년 동기 대비 17.6% 증가했다. 원자재와 인건비 부담이 누적되면서 공사비 지수는 133.69로 6개월 연속 사상 최고치를 기록하며 현장의 수익성마저 무너지고 있다. 준공 후 미분양 가구는 3만 1,307가구로 14년 만의 최악의 상황을 맞고 있다. 고금리·PF 위기, 공사비 폭등, 지방 미분양, 인력 고령화·외국인화의 4중고에 건설업은 이미 산업적 면역력이 바닥난 상태다. 총체적 위기에 내몰린 건설업계에 또 하나의 악재가 등장했다. 이른바 '노란봉투법'(노조법 2·3조 개정안)이 2026년 3월 10일 시행된 것이다. 노란봉투법의 입법 모델은 사실상 사내하도급이 고정적·반복적으로 운영되는 제조업·조선업을 염두에 두고 설계됐다. 제조업과 조선업은 하청 라인이 원청 공장 안에 상시 존재하고, 작업지시·시설관리·근태관리가 원청 손에 사실상 일원화돼 있는 구조다. 이런 구조라면 '실질적·구체적 지배·결정' 기준이 명확히 적용된다. 그러나 건설업은 다르다. 건설업의 구조적 특수성은 노란봉투법과 정면으로 충돌한다. 건설업의 생산구조는 「원청(시공사) → 1차 전문건설(하도급) → 2차 재하도급 → 팀·반장(십장) → 개별 근로자(일용직·외국인)」의 4~5단계로 분화돼 있다. 한 현장에 수십 개의 협력업체와 수백 개의 공종이 동시 진행되며, 작업자 구성은 일주일 단위로 바뀐다. 건설현장은 제조업의 사내하도급 등과 달리 수많은 현장이 존재하는 데다, 현장마다 업무 내용·기간·원가·하도급사 계약 조건이 천차만별이어서 일률적인 교섭이 어렵다. 현장마다 모든 조건이 달라지는데, 이를 회사 차원에서 특정 노조와 협상해 전 현장에 적용한다는 것은 넌센스에 가깝다. 게다가 건설업은 한 공정이 멈추면 전체 공정이 멈춘다. 건설은 선후행 공종의 시간적 연쇄가 절대적이다. 철근 노조가 원청과 교섭을 벌이는 동안 콘크리트 타설이 멈추면, 형틀·미장·전기·설비 공정이 도미노로 무너진다. 노란봉투법 시행 첫날, 민주노총 전국건설노조는 곧바로 100개 원청 건설사를 대상으로 단체협약 체결 교섭 요구 절차에 착수했다. 현대건설·대우건설·롯데건설·포스코이앤씨 등 대형 시공사에 공문이 발송됐다. 이는 다른 산업과 비교해 압도적 규모다. 시공능력 100대 건설사 중 거의 모두가 최소 1건 이상의 교섭 요구를 수령한 것으로 확인됐다. 더 심각한 문제는 노조의 시선이 시공사를 넘어 발주처로 향하기 시작했다는 점이다. 민주노총 전국플랜트건설노조는 SK하이닉스 반도체 공장 신축 시공사인 SK에코플랜트의 협력사 노동자 해고 문제와 관련해, 발주처인 SK하이닉스에 직접 문제 해결을 요구한 사례도 있다. 노란봉투법 해석이 확장될 경우 ""공사 발주를 한 자(=발주처)도 사용자""라는 논리로 비화될 가능성을 시사한다. 반도체·이차전지 공장 신·증설을 추진 중인 국내 대기업과, SOC 사업을 발주하는 공공기관 모두 법적 리스크의 사정권에 들어왔다는 의미다. 노란봉투법은 '근로조건에 대해 실질적이고 구체적으로 지배·결정할 수 있는 지위에 있는 자'를 사용자로 본다. 그런데 건설현장은 '5요소 중 3요소가 원청, 2요소가 하청'인 경계지대(grey zone)다. 이 경계지대에서 노조와 회사의 해석은 서로 자신에게 유리하게 갈라지고, 결국 노동위원회·법원으로 분쟁이 넘어간다. 한 대형 건설사 관계자가 ""건설현장의 특수성이 법에 반영되지 않았다는 점이 가장 큰 문제""라고 토로한 이유다. 노란봉투법의 입법 취지는 분명히 정당하다. 하청ㆍ비정규직 노동자가 진짜 사장과 마주앉아 협상할 권리, 그것은 한국 노동법제의 오랜 숙제였다. 그러나 법의 선의가 산업의 현실을 무시할 때, 가장 큰 피해는 법이 보호하려 했던 바로 그 약자에게 돌아간다. 노란봉투법 시행 3개월만에 500대 기업 외주 인력 6만 명이 감소했다. 그중 상당수는 건설현장의 일용직과 외국인 노동자다. 법의 정신은 지키되, 산업의 현실을 정밀하게 반영하는 외과수술적 보완 입법이 필요한 지금이다. [폴리뉴스 박수남 기자]",mock
노란봉투법 / 노동조합법 개정,노란봉투법 / 노동조합법 개정 관련 세부 쟁점,노란봉투법 / 노동조합법 개정;newsis.com;정책,https://www.newsis.com/view/NISX20260601_0003652614,[李정부 1년]산재사망·체불 동반 감소…'노란봉투법' 안착은 숙제,newsis.com,갈등_구도,중립적,정부,'[李정부 1년]산재사망·체불 동반 감소…'노란봉투법' 안착은 숙제' 기사에서 newsis.com가 어떤 주체와 강조점을 전면에 두는지 기준으로 생성한 mock 태깅 결과입니다.,"[李정부 1년]산재사망·체불 동반 감소…'노란봉투법' 안착은 숙제 李 ""산재는 살인·임금체불은 중대범죄""…엄정 대응 강조 올해 1분기 산재 사망 역대 최저…임금체불 증가세 꺾여 노란봉투법 시행 후 교섭의무·쟁의범위 두고 여전히 논란 노동법 사각지대 보호 미흡…정년연장 등 법제화도 더뎌 [서울=뉴시스] 고홍주 기자 = 이재명 대통령이 취임 1주년을 맞이했다. 그동안 이 대통령은 노동정책을 이른바 '6대 핵심분야'로 꼽으며 고용노동행정 개혁을 강조해온 만큼, 산업재해 사망사고 감축과 임금체불 근절 정책이 일정 부분 성과를 보이고 있다는 평가가 나온다. 다만 이른바 '노란봉투법'으로 불리는 개정 노동조합법 시행 이후 노사관계 불확실성 증가나 특수고용직(특고)·플랫폼 등 법 사각지대에 놓인 노동자들에 대한 보호는 풀어야 할 숙제로 꼽힌다. 2일 고용노동부와 정부 등에 따르면 이 대통령은 오는 4일 취임 1주년을 맞는다. 그동안 이 대통령은 취임 직후부터 고용노동정책 중에서도 '산업재해(산재) 감축'에 대한 의지를 분명히 해왔다. 반복되는 산재 사망사고를 두고 ""미필적 고의에 의한 살인""이라고 표현하며 강도 높은 대응을 주문했다. 이에 노동부는 대형 사고 발생 사업장과 중대재해 취약 업종을 중심으로 감독 수위를 높이고, 위험성평가와 안전보건관리체계 구축 여부를 집중 점검해왔다. 그 결과 올해 1분기 산재 사망자는 113명으로, 지난 2022년 관련 통계 작성 이래 1분기 기준 가장 적은 것으로 나타났다. 전년 동기 137명과 비교하면 24명(17.5%) 감소한 수치다. 사고 건수 역시 129건에서 98건으로 31건(24.0%) 줄었다. 특히 사망사고가 잦았던 건설업과 상시근로자 50인 미만 소규모 사업장에서 감소세가 두드러졌다. 정부의 강경 대응이 산재사망 감소에 효과적으로 작용하고 있다는 분석이 나온다. 이 대통령이 ""노예도 아니고 일을 시키고 돈 떼먹으면 안 된다""며 '중대범죄'로 강조했던 임금체불도 산재사망과 함께 덩달아 감소했다. 노동부에 따르면 올해 1~3월(1분기) 임금체불액은 4764억원으로 집계됐다. 지난해 같은 기간보다 11.0% 줄어든 수치다. 체불 피해 근로자 수도 6만7399명으로 전년 동기 대비 10.8% 감소했다. 2023년 이후 이어지던 1분기 임금체불 증가세가 3년 만에 꺾인 것이다. 특히 정부가 고액·상습 체불 사업주에 대한 구속수사와 명단공개, 신용제재 등 제재 수위를 높이고 대지급금 회수 절차를 강화하면서 현장에 경고 효과를 냈다는 평가가 나온다. 이대로라면 매해 '역대 최대'를 기록하던 임금체불액도 감소세로 돌아설 수 있다는 관측이 나온다. 반면 노란봉투법 시행 이후 현장의 불확실성 확대와 특고·플랫폼 및 5인 미만 사업장 등 법 사각지대 보호 등은 해결해야 할 과제로 남아 있다. 우선 노동부는 3월 10일 노란봉투법 시행과 함께 사용자성 판단 지침과 가이드라인을 내놨다. 하지만 원청의 교섭의무 범위, 쟁의행위 정당성, 손해배상 청구 제한 등에 대한 기준이 모호하면서 현장 불확실성은 여전하다. 노동부에 따르면 법 시행 이후 지난달 22일까지 하청노조 1121곳이 원청 424곳을 상대로 교섭을 요구했다. 개정법은 근로조건에 대해 실질적·구체적으로 지배·결정할 수 있는 지위에 있는 자도 사용자로 볼 수 있도록 했지만, 구체적으로 원청이 어느 범위까지 교섭 의무를 지는지는 사안별로 판단하고 있다. 경영계는 정부의 가이드라인만으로는 원청의 교섭 의무를 예측하기 어렵다고 보고 있다. 이미 노동위원회 판단을 거친 기업 사건의 경우에도 구체적인 인정 기준이 공개되지 않아, 기업 입장에서는 사실상 모든 교섭 요구에 대응할 수밖에 없다는 비판이 나온다. 또 노동쟁의 대상 확대를 둘러싼 논란도 커지고 있다. 최근 삼성전자 노조의 '영업이익의 N%' 성과급 배분 요구를 계기로 개정법상 합법적인 노동쟁의 범위를 어디까지 볼 것인지가 쟁점으로 떠올랐다. 개정법은 노동쟁의 대상을 기존의 임금·근로시간 등 근로조건 결정에 관한 분쟁에서 '근로조건에 영향을 미치는 사업경영상의 결정'으로 넓혔다. 이 때문에 영업이익과 연동된 성과급 요구가 근로조건 개선에 해당하는지, 기업의 이익배분을 요구하는 경영상 판단 영역인지가 논란이 된 것이다. 특히 이 같은 요구가 삼성바이오로직스, HD현대중공업, 카카오 등 다른 산업에까지 확산하면서 현장 혼란을 막기 위한 보다 구체적인 기준 마련이 필요하다는 지적이 나온다. 5인 미만 사업장에 대한 근로기준법 적용 확대나 특고·플랫폼·프리랜서 등 기존 근로기준법상 근로자로 포섭되지 않는 노동자들에 대한 보호 방안 마련도 미흡한 과제로 꼽힌다. 시민단체 '직장갑질119'가 지난달 13일부터 21일까지 소속 노무사·변호사·활동가 스탭 105명을 대상으로 노동정책 기대와 평가를 조사한 결과, 응답자의 93.3%는 5인 미만 사업장, 초단시간 노동자, 특수고용·플랫폼·프리랜서 등 노동법 사각지대 해소 정책이 충분히 추진되지 않았다고 답했다. 가장 미흡한 정책으로는 5인 미만 사업장 노동법 적용 확대(67.6%)와 특수고용·플랫폼·프리랜서 보호(45.7%)가 꼽혔다. 이어 성별임금격차 해소(21.9%), 이주노동자 보호(19.5%), 인공지능(AI) 등 기술 변화에 따른 노동자 보호(19.5%) 순이었다. 정부는 '일하는 사람 기본법' 제정을 통해...",mock
노란봉투법 / 노동조합법 개정,노란봉투법 / 노동조합법 개정 관련 세부 쟁점,노란봉투법 / 노동조합법 개정;mediapen.com;정책,https://www.mediapen.com/news/view/1102251,노란봉투법 불 지르고 삼전 기름 부었나…바이오 업계도 '비상',mediapen.com,갈등_구도,중립적,정부,'노란봉투법 불 지르고 삼전 기름 부었나…바이오 업계도 '비상'' 기사에서 mediapen.com가 어떤 주체와 강조점을 전면에 두는지 기준으로 생성한 mock 태깅 결과입니다.,"노란봉투법 불 지르고 삼전 기름 부었나…바이오 업계도 '비상' 수정 2026-06-02 15:55:33 입력 2026-06-02 14:46:25 박재훈 기자 | pak1005@mediapen.com 셀트리온 창사 첫 노조 출범…삼성바이오 파업 이어 노사 이슈 부상 노란봉투법 시행 후 협상력 강화…성과급·임금체계 갈등 확산 노란봉투법 시행 후 협상력 강화…성과급·임금체계 갈등 확산 [미디어펜=박재훈 기자]삼성바이오로직스와 셀트리온에 잇따라 노동조합이 출범하면서 바이오 업계에도 노사 문제가 새로운 경영 변수로 떠오르고 있다. 노란봉투법 시행으로 노조의 협상력이 강화된 가운데 성과급과 임금체계를 둘러싼 갈등이 업계 전반으로 확산하는 모습이다. 글로벌 수주 경쟁이 치열해지는 가운데 노사 관계가 바이오 기업들의 새로운 경영 과제로 떠오르고 있다. 2일 업계에 따르면 셀트리온에는 최근 민주노총 산하 지회인 ’유니트리온’이 출범했다. 창사 25년 만의 첫 노동조합이다. 노조는 초과이익 성과급(PS) 산정 기준 공개와 노조 참여형 임금 결정 체계 마련, GMP 기준을 충족할 수 있는 인력 충원, 교대근무자 복지 확대, 조직문화 개선 등을 요구하고 있다. 회사 측은 노조 설립 권리를 존중한다는 입장이지만 향후 성과급 제도와 인건비 구조 변화가 경영에 미칠 영향을 주시하고 있다. ◆노란봉투법 이후 커지는 노사 변수 업계는 최근 변화의 배경으로 노란봉투법 시행을 꼽는다. 노동조합 및 노동관계조정법 2·3조 개정안인 노란봉투법은 파업 등 쟁의행위에 대한 손해배상 청구 범위를 제한하고 사용자 범위를 확대하는 내용을 담고 있다. 이는 노동계의 교섭력이 한층 커질 수 있는 제도적 계기가 됐다. 그동안 바이오 업계는 전통 제조업에 비해 노사 갈등 이슈에서 비교적 자유로운 분야로 분류됐다. 그러나 최근에는 상황이 달라지고 있다. 삼성바이오로직스는 노조가 과반 노조로 성장한 이후 올해 임금·단체협상에서 기본급 인상과 격려금 지급은 물론 영업이익과 연동한 초과이익 성과급 지급을 요구하며 회사 측과 대립했다. 노사 간 이견이 좁혀지지 않으면서 부분파업과 전면파업, 준법투쟁이 이어졌고 생산 차질 가능성과 고객사 신뢰 훼손 우려도 제기돼 관심이 집중됐다. 업계 관계자는 “그동안 제조업 중심 이슈로 여겨졌던 노사 문제가 이제는 바이오 업계에서도 현실적인 경영 리스크가 되고 있다”고 말했다. 바이오의약품 CDMO(위탁개발생산) 사업은 24시간 연속 공정과 장기 수주 계약을 기반으로 운영된다. 특히 글로벌 제약사들은 생산능력뿐 아니라 공급 안정성도 주요 평가 요소로 보는 만큼 노사 갈등이 장기화할 경우 수주 경쟁력에도 영향을 줄 수 있다. ◆성과급 갈등, 업계 전반으로 번지나 노사 갈등의 중심에는 결국 성과급과 임금체계 문제가 자리하고 있다. 노조는 단순한 보상 확대를 넘어 성과 산정 기준의 투명성과 협상 과정 참여, 직군 간 형평성 확보를 요구하고 있다. 셀트리온 노조가 초과이익 성과급 산정 기준 공개를 요구하고 있고 삼성바이오로직스 노조 역시 영업이익 연동형 성과급 체계를 주장하는 것이 대표적 사례다. 업계에서는 성과 배분 기준을 둘러싼 논의가 다른 바이오 기업으로도 확산할 가능성을 주목하고 있다. 일각에서는 대형사와 중소 바이오기업 간 보상 격차가 더욱 벌어질 수 있다는 우려도 나온다. 대형 기업 노조가 높은 수준의 성과급 인상을 이끌어낼 경우 업계 전반의 기대 수준도 함께 높아질 수밖에 없기 때문이다. 그러나 연구개발 투자 부담과 약가 규제 등으로 수익성이 제한된 중소 바이오기업은 이를 따라가기 쉽지 않다. 업계에서는 보상 격차 확대가 인력 이동을 가속화할 가능성도 주목하고 있다. 이에 성과급 규모 자체보다 배분 원칙의 기준이 관건이 될 것으로 보인다. 강화된 노조의 협상력을 전제로 경영진이 임직원과 주주, 고객사를 모두 설득할 수 있는 보상 기준을 마련하지 못하면 갈등이 반복될 수밖에 없기 때문이다. 업계 관계자는 ""성과급 문제는 단순한 임금 이슈를 넘어 인력 운영과 연구개발 투자, 기업 경쟁력과도 연결되는 사안""이라며 ""노사 모두가 수용할 수 있는 보상 기준과 의사소통 체계를 마련하는 것이 중요해질 것""이라고 말했다. [미디어펜=박재훈 기자] ▶다른기사보기",mock
노란봉투법 / 노동조합법 개정,노란봉투법 / 노동조합법 개정 관련 세부 쟁점,노란봉투법 / 노동조합법 개정;seoulfn.com;정책,https://www.seoulfn.com/news/articleView.html?idxno=629626,[이재명 정부 1년] 노란봉투법 시행···기업 문화도 바뀐다 - 서울파이낸스,seoulfn.com,갈등_구도,중립적,정부,'[이재명 정부 1년] 노란봉투법 시행···기업 문화도 바뀐다 - 서울파이낸스' 기사에서 seoulfn.com가 어떤 주체와 강조점을 전면에 두는지 기준으로 생성한 mock 태깅 결과입니다.,"이재명 대통령은 2025년 6월 4일 취임 후 인수위원회 기간도 없이 ""국민의 삶 개선이 국정 목표""라고 내세우며 곧장 업무를 수행했다. '코스피 5000'이라는 꿈 같은 목표를 이뤄내는가 하면 경주 아시아태평양경제협력체 정상회의도 성공적으로 개최하며 세계 무대에 우리나라의 존재감을 알렸다. 본 기사에서는 이 대통령이 지난 1년 동안 거둔 성과들을 조명해본다. /편집자주 [서울파이낸스 여용준 기자] 노동조합 및 노동관계조정법 2·3조 개정(노란봉투법)은 지난 20여년간 노동계의 핵심 과제였다. 윤석열 정부에서 두 차례 국회 본회의를 통과했지만, 대통령의 재의요구권 행사로 처리가 무산되면서 노동계의 요구는 더 절실해졌다. 결국 이재명 대통령 취임 후 2025년 8월 24일 노란봉투법은 국회 본회의를 통과했다. 이후 9월 2일 국무회의에서 의결됐으며 지난 3월 10일부터 본격 시행됐다. ◇ 하청·특고 대한 원청 책임 강화···정착까지 갈 길 멀어 = 노란봉투법의 핵심은 하청·특수고용 노동자에 대한 원청의 책임 강화다. 근로계약의 직접 당사자가 아니더라도 하청 노동자의 근로조건을 실질적으로 지배, 결정하는 원청을 '사용자'로 규정하고 교섭할 수 있도록 했다. 이 때문에 3월 10일 노란봉투법 시행 이후 하루만에 원청과 교섭을 요구한 하청 노조·지부·지회는 407곳에 이르렀다. 조합원 수로 계산하면 81만6000여명 규모다. 또 이날 하루동안 하청 노조 등에서 노동위원회에 총 31건의 '교섭단위 분리' 신청했다. 노동계에 따르면 한화오션, 포스코, 쿠팡CLS, 부산교통공사, 화성시 등 일부 원청은 하청과 교섭을 개시했지만, 그 규모는 여전히 미미한 것으로 나타났다. 양경수 전국민주노동조합총연맹 위원장은 지난달 기자회견에서 ""민주노총에서만 500여 개 사업장이 원청 교섭을 요구하고 있지만 교섭에 응하겠다고 답한 곳은 40여 곳에 불과하다""라며 ""법과 제도는 바뀌었지만 법이 현장에서 작동하지 못하고 있다. 노동자가 체감하는 변화는 아직 미흡하다""라고 말했다. 김영훈 고용노동부 장관은 ""원·하청 구조에서 실질적으로 결정되는 근로조건에 대해 상생 교섭이 이뤄질 수 있도록 대화를 제도화하는 것""이라며 앞으로 법이 자리 잡게 될 것이라고 밝혔다. ◇ 노동자 쟁의 권리 보장···커지는 파업 리스크 = 노란봉투법은 노동자의 파업에 따른 사용자의 손해배상 청구를 어렵게 하고 있다. 사용자의 노동조합 활동 방해 등의 목적에 기한 손해배상청구권 행사를 금지하고 노동조합이 사용자의 불법행위에 대항하기 위해 부득이하게 사용자에게 손해를 가한 경우 손해배상책임 자체를 면제했다. 손해배상책임이 인정되는 경우에도 조합원 개인의 노조 내 역할, 참여 정도 등을 고려해 손해배상 금액을 개별적으로 산정하도록 해 불법파업에 대한 조합원들의 책임을 제한했 손해배상책임을 지는 노동조합과 근로자가 법원에 배상액의 감면을 청구할 수 있도록 했다. 이는 하청·특수고용 노동자들의 권리를 보장하기 위해 마련된 안전장치지만, 경영계에서는 이 조항으로 인해 파업을 견제할 수 없어 경영 불안이 가중될 것이라고 판단했다. 실제로 노란봉투법 시행 직후 삼성전자가 총파업을 예고했으나 막판에 극적으로 잠정합의안을 마련했다. 그러나 삼성바이오로직스가 이미 파업을 진행했고 이후 법정공방까지 벌이고 있다. 현대자동차는 노조가 대규모 성과급을 요구한 가운데 노사 합의가 이뤄지지 않을 경우 총파업까지 갈 가능성이 있다. 카카오 역시 성과급 개선을 요구하면서 파업 가능성을 시사했다. BGF리테일의 자회사인 BGF로지스와 민주노총 화물연대 간의 물류 배송 파업은 당초 BGF리테일이 교섭 주체로 나서지 않으면서 비롯됐다. 결국 인명사고까지 일으킨 파업 이후에야 BGF와 화물연대는 유급휴가와 운송료 인상 등을 포함하는 조건으로 합의에 이르렀다. 김영훈 고용노동부 장관은 노란봉투법이 파업과 전혀 관계 없다고 밝혔다. 김영훈 장관은 ""노란봉투법 핵심은 직접적 고용 관계가 있지 않아도 원청이 간접 고용 노동자, 사내 하청 노동자의 근로조건에 영향을 미친다면 이를 교섭할 수 있도록 해 원하청 격차를 해소하라는 것""이라며 대기업 노조의 파업과는 무관하다고 설명했다. 다만 손해배상 청구를 제한한다는 부분을 두고 경영계에서는 ""파업이 더 쉬워지도록 했다""고 보고 있어 파업에 따른 노란봉투법의 책임은 당분간 이어질 것으로 보인다. ◇ 노조의 경영 참여 확대될 듯···노사 상생 '핵심 과제' = 그동안 파업은 '근로조건의 결정'에 관한 사항에 대해서만 가능했다. 그러나 노란봉투법에서는 '근로조건에 영향을 미치는 사업경영상의 결정에 관한 주장의 불일치'로 범위가 확대됐다. 즉 그동안은 임금이나 복지, 근로시간, 해고 등 직접적인 사항에 대해서만 쟁의활동이 가능했다면 노란봉투법 시행 이후에는 정리해고나 인수합병 등 근로조건에 영향을 미칠 수 있는 경영상 결정에 대해서도 쟁의활동이 가능해졌다. 또 정규직의 정규직 전환 여부, 징계나 승진 제도의 공정성 확보, 정년 연장 등 근로자의 지위와 관련된 사항 등에 대해서도 파업이 가능해졌다. 이 같은 사항은 앞으로 노사 관계에 뜨거운 감자가 될 것으로 보인다. 앞서 손경식 한국경영자총협회 회장은 ""(노란봉투법이) 기업의 투자 결정이나 사업장 이전, 구조조정 등 사용자의 고도의 경영상 판단사항까지 쟁의행위 대상이 될 수 있어...",mock
노란봉투법 / 노동조합법 개정,노란봉투법 / 노동조합법 개정 관련 세부 쟁점,노란봉투법 / 노동조합법 개정;newsis.com;정책,https://www.newsis.com/view/NISX20260605_0003657746,'노란봉투법' 두고…노동계 내 전문가들간 의견 엇갈려,newsis.com,갈등_구도,중립적,정부,''노란봉투법' 두고…노동계 내 전문가들간 의견 엇갈려' 기사에서 newsis.com가 어떤 주체와 강조점을 전면에 두는지 기준으로 생성한 mock 태깅 결과입니다.,"'노란봉투법' 두고…노동계 내 전문가들간 의견 엇갈려 민주노총, '개정노조법과 원청교섭 점검' 토론회 개최 노조법 작동 불가능성 지적…""노조에게 비용 전가돼"" ""노조법 위헌 아냐…교섭창구 단일화 원칙은 합법"" [서울=뉴시스]박정영 기자 = 노란봉투법(개정 노동조합법)을 두고 노동계 내에서도 전문가들의 의견이 엇갈렸다. 특히 교섭창구 단일화 원칙의 위헌 여부를 두고 충돌했다. 전국민주노동조합총연맹(민주노총)은 5일 오후 서울 중구에서 '개정노조법과 원청교섭 점검' 토론회를 개최했다. 개정 노조법은 사용자를 '근로계약 체결 당사자가 아니더라도 근로자의 근로조건에 대해 실질적으로 구체적으로 지배·결정할 수 있는 지위에 있는 자'로 규정하고 있다. 하청 노조가 '사용자성' 판단을 받을 수 있는 통로는 크게 두 가지다. 먼저 '교섭요구 사실의 공고에 대한 시정 신청'을 통해 가능하다. 원청은 하청 노조로부터 교섭 요구를 받으면 7일간 교섭 요구 사실을 사업장에 게시해야 하고 이를 이행하지 않을 경우 노조는 노동위에 시정을 요구할 수 있다. 해당 결과로 원청의 사용자성을 확인할 수 있다. 두 번째는 '교섭단위 분리 결정 신청'이다. 현재 교섭창구 단일화 제도에 따라 하나의 사업장에 복수 노조가 있는 경우 원칙적으로 하나의 노조와만 교섭을 할 수 있지만, 노조는 교섭 단위 분리가 필요하다고 판단되면 노동위의 결정을 거쳐 이를 달리할 수 있다. 사용자성이 인정되는 것이다. 이날 열린 토론회에서는 교섭단위의 분리에 대한 노동 전문가들의 의견이 달랐다. 윤애림 노동자권리연구소 소장은 발제를 통해 개정 노조법 시행령의 위헌성과 작동 불가능성에 대해 지적했다. 윤 소장은 ""현행 사업장 창구 단일화 제도의 적용대상은 하나의 기업에 복수노조가 설립돼 있는 경우로 해석하는 것이 타당하다""며 ""기업별 노동관계를 벗어나는 단체교섭은 해당 제도의 적용대상이 아니라는 것이 지금까지의 해석례""라고 말했다. 윤 소장이 제시한 2022년 중앙노동위원회의 판결문에 따르면 중노위는 ""사내하청 근로자들이 가입 내지 조직한 노동조합이 하청사업이라는 개별교섭 단위에서 교섭창구 단일화 절차를 거쳤다면, 노동조합법에서 요구되는 교섭창구 단일화 의무를 충족한 것이라고 보아야 할 것""이라고 설명하고 있다. 개별교섭 단위에서 단일화를 했다면 이는 창구 단일화 제도를 이행했기 때문에 단체교섭을 이미 할 수 있다는 것이 윤 소장의 주장이다. 그러면서 윤 소장은 ""개정 노조법 시행령을 통해 단체교섭에 대한 추가적 제한을 가하는 것이 되기 때문에 위헌적 기본권 제한에 해당한다""고 밝혔다. 또한 윤 소장은 개정 시행령의 실현 가능성에 대해 꼬집었다. 윤 소장은 ""시행령이 상정하고 있는 교섭 단위를 노동관계의 당사자 누구도 사전에 알기 어렵다""며 ""만약 전형적 원·하청관계가 아닌 모·자회사, 위·수탁관계, 가맹본부·가맹점관계 등이라며 문제는 더 복잡해지고, 여기서 발생하게 될 교섭 비용 및 법률 분쟁의 증가 등의 문제는 노조에게 전가될 것""이라고 했다. 아울러 원청의 사용자성 인정에 대한 기준이 높아질 것이라는 우려의 목소리도 내놨다. 윤 소장은 ""노동부의 개정 노조법 해석지침은 '계약외사용자에게 포괄적인 사용자 지위가 부여되는 것은 아니며 실질적·구체적으로 지배·결정할 수 있는 특정한 개별 근로조건에 대해 사용자로 인정되는 것'이라고 주장한다""며 ""교섭을 시작하기도 전에 교섭 요구별로 원청 등의 지배력을 노조가 입증해야만 하고, 그것을 못했을 때 사용자 책임을 인정하지 않는 허들이 더욱 높아질 것""이라고 걱정했다. 반면 토론자로 나온 양습엽 한국노동연구원 연구위원은 윤 소장의 주장에 정면으로 반박했다. 양 연구위원은 ""(윤 소장은) 헌법재판소가 교섭창구 단일화 제도의 의의로 내세운 '근로조건의 통일성'이 현재의 원청교섭에는 적용될 수 없기 때문에 교섭창구단일화를 강제하는 시행령이 위헌이라고 하지만, 헌법재판소가 제시한 교섭창구 단일화 제도의 의의는 근로조건 통일성만이 아니다""고 주장했다. 이어 2024년 판결을 예로 들며 ""헌법재판소는 '효율적이고 안정적인 교섭 체계 구축'이라는 사용자의 이익을 교섭창구 단일화 제도의 의의로 인정하고 있다""고 했다. 현행의 교섭창구 단일화 제도가 근로조건의 통일성뿐만 아니라 사용자의 이익을 규정하고 있기 때문에 이를 강제하는 개정노조법의 시행령은 위헌이 아니라는 것이다. 아울러 양 연구위원은 ""교섭창구 단일화는 본질적으로 사용자의 이익을 보장하는 법 제도""라며 ""헌법상의 기본권인 단체교섭권을 법률로 제약하는 것이고, 헌법재판소는 아직까지 그것을 합헌이라 한다""고 말했다. 이어 ""예외적으로 교섭 단위를 분리하는 경우 그 또한 법률의 요건을 충족해야 한다""며 ""추상적으로 노선이 다르다는 것만으로 교섭 단위를 분리하는 것은 법제가 인정하는 교섭창구 단일화를 형해화하는 것""이라고 비판했다. 또한 윤 소장이 주장한 사용자성 판단 기준 상향에 대해서도 ""물론 원청이 하청에 계약 해지 등의 압박을 넣어 간접적으로 부당노동행위를 할 수 있지만, 그러한 예상만으로 하청 노동조합의 교섭을 요구하지 않을 것이라 단정할 수는 없다""며 ""3월 이후 많은 교섭이 요구되고 있는 것을 보았을 때 힘의 불균형과 교섭 요구 간에는 논리적 연관이 없다고 판단된다""고 밝혔다. ◎공감언론 뉴시스 [email protected]...",failed
노란봉투법 / 노동조합법 개정,노란봉투법 / 노동조합법 개정 관련 세부 쟁점,노란봉투법 / 노동조합법 개정;hani.co.kr;정책,https://www.hani.co.kr/arti/society/labor/1262107.html,"중노위, 타워크레인 노조에 원청과 교섭권 인정…‘노란봉투법’ 첫 재심서 번복",hani.co.kr,갈등_구도,중립적,정부,"'중노위, 타워크레인 노조에 원청과 교섭권 인정…‘노란봉투법’ 첫 재심서 번복' 기사에서 hani.co.kr가 어떤 주체와 강조점을 전면에 두는지 기준으로 생성한 mock 태깅 결과입니다.","중앙노동위원회가 ‘노란봉투법’(노조법 2·3조 개정안) 시행 뒤 첫 재심 판정에서 중흥건설·중흥토건에 대한 하청 노조인 타워크레인 노조의 교섭권을 인정했다. ‘노란봉투법’과 관련해 중노위가 초심 판정을 뒤집은 것은 처음이다. 중앙노동위원회(위원장 박수근, 중노위)는 지난 4일 한국타워크레인조종사노동조합이 중흥건설 및 중흥토건을 상대로 제기한 ‘교섭요구 사실의 공고에 대한 시정 재심신청’을 인정해 전남지노위 초심을 취소했다고 밝혔다. 중노위는 이날 “해당 건설사들의 원청으로서의 사용자성을 인정하여 교섭요구 사실을 공고하도록 하는 판정을 하였다”고 밝혔다. 통상 건설 현장에서 원청인 건설사는 타워크레인 임대업체들과 타워크레인을 빌리는 계약을 맺는다. 임대업체에 소속된 타워크레인 조종사들은 임대업체 소속으로 임금을 받지만, 직접적인 작업 지시와 통제는 원청인 건설사가 한다. 앞서 한국노총 산하 한국타워크레인조종사노동조합은 지난 3월24일 전남지방노동위원회(전남지노위)에 중흥건설과 중흥토건에 교섭 요구 공문을 발송하고 교섭 요구를 공고하지 않은 건설사를 상대로 시정신청을 제기했다. 전남지노위는 지난 4월10일 ‘원청의 사용자성이 없다’고 시정신청을 기각한 바 있다. 중노위는 다르게 판단했다. 중노위는 “하청사인 타워크레인 임대업체가 단독으로 타워크레인 작업과 관련된 전반적인 유해·위험요인 제거, 안전설비 설치와 해제 등 구조적 개선이 어렵다”며 “산업안전 의제에 대해 건설 현장의 안전한 환경을 만들 책임과 권한이 원청에게 있다”고 판단했다. 다만 노조가 원청으로부터 임금을 직접 받겠다는 임금 관련 교섭 요구는 의제로 받아들이지 않았다. 중노위는 “제도 개선을 위한 노사 자율교섭은 가능하다”고 그 이유를 들었다. 임금제도는 노사 양쪽의 협상으로 해결할 문제이며, 원청이 사용자성을 바탕으로 나서야 할 사안은 아니라고 본 것이다. 한국타워크레인노조는 이번 중노위의 판정을 환영했다. 이들은 5일 입장문을 내 “하청인 타워크레인 노동자가 원청 건설사를 상대로 산업안전에 대해서 대화의 물꼬를 틀 수 있게 된 점을 반갑게 생각한다”며 “이번 판정을 바탕으로 노사 상생을 위한 대화의 장을 열 수 있게 되길 바란다”고 밝혔다. 김경수 한국타워크레인노조 위원장은 “임대사와의 교섭만으로는 도저히 바꿀 수 없는 사항들이 있었는데 이번 결정으로 원청이 교섭 테이블에 나오게 됐다”며 “중대재해로부터 안전한 건설현장이 되도록 향후 적극적인 교섭이 이뤄지길 기대한다”고 말했다. 한편, 중노위의 구체적인 판단근거가 담긴 결정서는 판정일 이후 30일 이내 당사자에게 송부된다. 만약 회사가 중노위의 판정에 불복한다면 결정서를 받은 이후 15일 이내 행정소송을 제기해 법원에 넘어갈 수 있다. 권효중 기자 harry@hani.co.kr",failed
노란봉투법 / 노동조합법 개정,노란봉투법 / 노동조합법 개정 관련 세부 쟁점,노란봉투법 / 노동조합법 개정;news.kbs.co.kr;정책,https://news.kbs.co.kr/news/pc/view/view.do?ncd=8578268&ref=A,"‘노란봉투법’ 중노위 첫 판단…“건설사, 타워크레인의 사용자”",news.kbs.co.kr,갈등_구도,중립적,정부,"'‘노란봉투법’ 중노위 첫 판단…“건설사, 타워크레인의 사용자”' 기사에서 news.kbs.co.kr가 어떤 주체와 강조점을 전면에 두는지 기준으로 생성한 mock 태깅 결과입니다.","기사 본문 영역 ‘노란봉투법’ 중노위 첫 판단…“건설사, 타워크레인의 사용자” 입력 2026.06.04 (20:33) 수정 2026.06.04 (20:36) 읽어주기 기능은 크롬기반의 브라우저에서만 사용하실 수 있습니다. 원청 회사와 하청 노조의 교섭을 허용한 개정 노동조합법, 일명 ‘노란봉투법’ 시행 이후 첫 중앙노동위원회 판단이 나왔습니다. 중노위는 오늘(4일) 한국타워크레인조종사노조가 중흥건설과 중흥토건을 상대로 제기한 교섭요구 사실 공고에 대한 재심 사건에서, 지방노동위의 결정을 뒤집고 노조 측 손을 들어줬습니다. 노란봉투법이 시행된 이후 원청의 사용자성에 대한 노사 다툼에서 1심 격인 지노위 판단은 다수 나왔지만, 2심 격인 중노위의 판단은 이번이 처음입니다. 중노위는 지노위의 결정을 취소하고 해당 건설사들이 타워크레인 노동자에 대해 원청 건설사인 중흥 측이 사용자성이 있다고 인정하고, 교섭요구 사실을 공고하라고 판정했습니다. 타워크레인조종사노조는 지난 3월 중흥건설·중흥토건에 단체교섭을 요구했으나 원청은 교섭요구 사실을 공고하지 않았고, 전남지노위는 원청의 사용자성이 없다며 노조 측 시정 신청을 기각했습니다. 중노위는 노조가 교섭요구한 산업안전(작업환경 포함) 의제는 하청사인 타워크레인 임대업체가 단독으로 타워크레인 작업과 관련된 유해ㆍ위험요인을 제거하거나 안전설비 설치ㆍ해체 등을 결정하기 어려운 점이 인정된다며, 안전 의제에 대해서는 원청인 중흥 측이 실질적 사용자성이 있다고 판단했습니다. 다만, 노조가 함께 요구한 임금 교섭에 대해서는 중흥 측이 실질적ㆍ구체적 지배ㆍ결정할 수 있는 지위에 있다고 보기는 어렵다고 덧붙였습니다. 중노위는 오늘(4일) 한국타워크레인조종사노조가 중흥건설과 중흥토건을 상대로 제기한 교섭요구 사실 공고에 대한 재심 사건에서, 지방노동위의 결정을 뒤집고 노조 측 손을 들어줬습니다. 노란봉투법이 시행된 이후 원청의 사용자성에 대한 노사 다툼에서 1심 격인 지노위 판단은 다수 나왔지만, 2심 격인 중노위의 판단은 이번이 처음입니다. 중노위는 지노위의 결정을 취소하고 해당 건설사들이 타워크레인 노동자에 대해 원청 건설사인 중흥 측이 사용자성이 있다고 인정하고, 교섭요구 사실을 공고하라고 판정했습니다. 타워크레인조종사노조는 지난 3월 중흥건설·중흥토건에 단체교섭을 요구했으나 원청은 교섭요구 사실을 공고하지 않았고, 전남지노위는 원청의 사용자성이 없다며 노조 측 시정 신청을 기각했습니다. 중노위는 노조가 교섭요구한 산업안전(작업환경 포함) 의제는 하청사인 타워크레인 임대업체가 단독으로 타워크레인 작업과 관련된 유해ㆍ위험요인을 제거하거나 안전설비 설치ㆍ해체 등을 결정하기 어려운 점이 인정된다며, 안전 의제에 대해서는 원청인 중흥 측이 실질적 사용자성이 있다고 판단했습니다. 다만, 노조가 함께 요구한 임금 교섭에 대해서는 중흥 측이 실질적ㆍ구체적 지배ㆍ결정할 수 있는 지위에 있다고 보기는 어렵다고 덧붙였습니다. ■ 제보하기 ▷ 카카오톡 : 'KBS제보' 검색, 채널 추가 ▷ 전화 : 02-781-1234, 4444 ▷ 이메일 : kbs1234@kbs.co.kr ▷ 유튜브, 네이버, 다음에서도 KBS뉴스를 구독해주세요! 이 기사가 좋으셨다면 - 좋아요 0 - 응원해요 0 - 후속 원해요 0",failed
노란봉투법 / 노동조합법 개정,노란봉투법 / 노동조합법 개정 관련 세부 쟁점,노란봉투법 / 노동조합법 개정;kukinews.com;정책,https://www.kukinews.com/article/view/kuk202606050024,"중노위, 중흥토건·중흥건설 하청노조 사용자성 인정",kukinews.com,갈등_구도,중립적,정부,"'중노위, 중흥토건·중흥건설 하청노조 사용자성 인정' 기사에서 kukinews.com가 어떤 주체와 강조점을 전면에 두는지 기준으로 생성한 mock 태깅 결과입니다.","5일 건설업계에 따르면 중노위는 한국노동조합총연맹(한국노총) 소속 한국타워크레인조종사노동조합이 중흥토건과 중흥건설을 상대로 낸 교섭요구 사실 공고 시정 신청 재심 사건에서 전남지방노동위원회 결정을 취소하고 원청의 공고 의무를 인정했다. 한국노총이 원청의 사용자성 인정을 요구한 배경에는 노란봉투법이 자리하고 있다. 노란봉투법은 사용자 범위를 확대해 근로자와 직접 고용계약을 체결한 업체뿐 아니라 원청업체에도 사용자로서의 책임과 의무를 부과하는 내용을 담고 있다. 또한 노동자의 권리를 강화하고 기업의 과도한 손해배상 청구로 인해 쟁의권이 위축되는 것을 방지하는 데 목적이 있다. 중노위는 노조가 교섭을 요구한 산업안전(작업환경 포함) 의제에 대해서는 원청의 사용자성을 인정했다. 중노위는 “하청사인 타워크레인 임대업체가 단독으로 타워크레인 작업 전반의 유해·위험요인 제거 또는 안전설비 설치·해체 등 구조적 개선을 수행하기 어렵다”며 “산업안전 의제에 대해서는 원청사가 실질적·구체적으로 지배·결정할 수 있는 지위에 있는 사용자로 인정된다”고 판단했다. 다만 임금 관련 교섭 요구에 대해서는 원청의 사용자성을 인정하지 않았다. 중노위는 “제도 개선을 위해 노사가 자율교섭을 할 수는 있으나, 원청사가 실질적·구체적으로 지배·결정할 수 있는 지위에 있음을 전제로 하는 교섭 의제로 보기 어렵다”고 판정했다. 이번 판단은 노란봉투법 시행 이후 중노위가 내놓은 첫 재심 판정이라는 점에서도 의미가 있다. 앞서 노조는 중흥토건과 중흥건설에 단체교섭을 요구했으나 응답을 받지 못하자 지난 3월24일 전남지방노동위원회에 교섭요구 사실 공고 신청을 냈다. 노조는 타워크레인 조종사들이 원청으로부터 직접 지시와 관리를 받고 있다는 점 등을 근거로 원청의 사용자성을 인정해달라고 주장했다. 반면 중흥 측은 원청이 조종사들에게 직접 지시하거나 관리하지 않고 있으며, 작업 수행 과정에서도 상당한 자율성이 보장된다는 점을 들어 사용자성 인정이 어렵다는 입장을 보여왔다. 전남지방노동위원회는 지난 4월10일 노조의 시정 신청을 기각했다. 두 회사가 하청 노조에 대한 사용자로 인정되지 않는 만큼 단체교섭 요구 사실을 공고할 의무가 없다는 취지였다. 이에 노조는 해당 결정에 불복해 중노위에 재심을 신청했고 중노위는 이번에 산업안전 의제에 한해 원청의 사용자성을 인정하는 판단을 내렸다. 노란봉투법 시행을 앞두고 건설업계에서는 원청의 사용자성을 둘러싼 노동위원회 판단이 잇따르고 있다. 포스코이앤씨의 경우에는 이미 원청의 사용자성이 인정된 바 있다. 경북지방노동위원회는 전국건설노동조합(건설노조)이 포스코이앤씨를 상대로 제기한 교섭요구 사실공고 시정신청을 받아들이며 원청이 사용자에 해당한다고 판단했다. 이유림 기자 reason@kukinews.com",failed
노란봉투법 / 노동조합법 개정,노란봉투법 / 노동조합법 개정 관련 세부 쟁점,노란봉투법 / 노동조합법 개정;safetimes.co.kr;정책,https://www.safetimes.co.kr/news/articleView.html?idxno=243251,"노란봉투법 첫 기각, 타워크레인 노조 뒤집었다",safetimes.co.kr,갈등_구도,중립적,정부,"'노란봉투법 첫 기각, 타워크레인 노조 뒤집었다' 기사에서 safetimes.co.kr가 어떤 주체와 강조점을 전면에 두는지 기준으로 생성한 mock 태깅 결과입니다.","중흥토건·중흥건설 타워크레인 안전교섭 대상 인정 중앙노동위원회가 중흥토건·중흥건설도 타워크레인 하청 노동자의 안전 문제 교섭에 응해야 한다는 취지의 판단을 내렸다. 노란봉투법 시행 이후 원청 사용자성을 둘러싸고 노동위원회가 처음 기각했던 사건이 재심에서 뒤집혔다. 한국노총 한국건설산업노동조합연맹 한국타워크레인조종사노동조합은 지난 4일 중노위가 중흥토건·중흥건설을 상대로 낸 교섭 요구 사실 공고 시정 신청 재심 사건에서 전남지방노동위원회 결정을 취소했다고 밝혔다. 교섭 요구 사실 공고는 노동조합이 단체교섭을 요구했다는 사실을 회사가 사업장에 알리는 절차다. 중노위는 산업안전 의제에 한해 중흥토건·중흥건설이 이 절차를 밟아야 한다고 판단한 것이다. 중노위는 하청사인 타워크레인 임대업체가 타워크레인 작업의 유해·위험 요인을 없애거나 안전설비 설치·해체 등 구조적 개선을 단독으로 하기 어렵다고 봤다. 산업안전과 작업환경 문제는 원청 건설사가 실질적·구체적으로 지배하거나 결정할 수 있는 영역이라는 취지다. 다만 임금과 단가 문제까지 원청 사용자성을 인정하지는 않았다. 중노위는 임금 제도 개선을 위해 노사가 자율적으로 교섭할 수는 있지만 원청사가 실질적·구체적으로 지배·결정할 수 있는 교섭 의제로 보기는 어렵다고 판단했다. 타워크레인 노조는 지난 3월 10일 시행된 노동조합법 제2조 개정안을 근거로 조합원이 근무하는 건설사에 교섭 요구 공문을 보냈다. 노란봉투법으로 불리는 개정 노동조합법은 근로조건에 실질적 지배력이나 영향력을 행사하는 자도 사용자로 볼 수 있도록 했다. 중흥토건·중흥건설이 교섭 요구 사실을 공고하지 않자 노조는 지난 3월 24일 전남지노위에 시정 신청을 냈다. 노조는 타워크레인 조종사들이 원청으로부터 직접 지시·관리를 받는다는 점 등을 들어 원청 사용자성을 인정해야 한다고 주장했다. 중흥 측은 원청이 조종사들에게 직접 지시·관리하지 않고 작업 수행 과정에서도 자율성이 크다는 이유로 사용자성을 인정하기 어렵다는 입장이다. 전남지노위는 지난 4월 10일 중흥토건·중흥건설의 하청 노조에 대한 사용자성이 인정되지 않는다며 노조 신청을 기각했다. 이는 노란봉투법이 시행되고 처음으로 나온 기각판정이다. 노조는 초심 판단에 불복해 중노위에 재심을 신청했고 중노위가 초심을 취소하면서 타워크레인 하청 노동자가 원청 건설사를 상대로 산업안전과 작업환경 문제를 교섭할 길이 열린 셈이다. 이번 판단은 원청 사용자성을 임금 전반으로 넓히지는 않았지만 중대재해와 직결되는 산업안전 문제에서는 원청의 책임을 별도로 봤다는 점에서 의미가 있다. 타워크레인 노동자가 임대업체에 고용돼 있어도 실제 공정 운영과 현장 안전을 좌우하는 권한은 원청 건설사에 있다는 해석이 가능하다. 김경수 한국타워크레인조종사노조 위원장은 ""타워크레인 임대사들과의 교섭을 통해 도저히 바꿀 수 없는 사항들을 실질적인 권한을 가진 원청 건설사가 테이블에 나와 대화할 수 있도록 문턱을 낮춰줬다""고 말했다. 사측이 중노위 결정에 불복하면 결정문을 송달받은 날부터 15일 안에 행정소송을 제기할 수 있다. 앞서 양대 노총 타워크레인 노조는 지난달 27일 전국 건설 현장에서 총파업에 들어갔다가 31일 노사 잠정합의로 파업을 종료했다. 노사는 임금 총액을 8% 인상하고 2028년 1월부터 적용하기로 했다. 국토부는 노사 합의 이후 표준시장단가와 품셈 현실화, 발주자 직접지급제를 통한 임금·장비비 체불 점검, 브레싱 설치 공법 개선, 소형·일반 타워크레인 안전관리 취약점 점검 등을 추진하겠다고 밝혔다. 김 위원장은 ""건설 현장의 중대재해로부터 조합원들이 더 안전하고, 더 인간답게 일할 수 있는 기회로 원청 건설사와 적극적인 교섭이 이뤄지길 기대한다""고 말했다.",failed
노란봉투법 / 노동조합법 개정,원청 사용자성 판단 기준,노란봉투법;원청 사용자성;노동조합법 개정;단체교섭;법적 해석,https://www.hankyung.com/article/202605283588i,"원청의 사용자성, 신중하게 판단돼야 [화우의 노동 인사이트]",hankyung.com,기업부담_우려,부정적,기업/원청,이 기사는 노란봉투법 시행 이후 원청의 사용자성 인정이 기업에 미칠 법적 부담과 혼란을 우려하며 신중한 법적 해석을 강조한다.,"원청의 사용자성, 신중하게 판단돼야 [화우의 노동 인사이트] 노란봉투법 이후 ""원청도 사용자냐"" 논쟁 하청 노조의 교섭 요구 폭증 산업안전부터 교섭의무까지 원청 책임선은 어디서 끊어야 하나 하청 노조의 교섭 요구 폭증 산업안전부터 교섭의무까지 원청 책임선은 어디서 끊어야 하나 한경 로앤비즈의 'Law Street' 칼럼은 기업과 개인에게 실용적인 법률 지식을 제공합니다. 전문 변호사들이 조세, 상속, 노동, 공정거래, M&A, 금융 등 다양한 분야의 법률 이슈를 다루며, 주요 판결 분석도 제공합니다. 노란봉투법 시행 이후…교섭 구조 변화 지난 3월 10일 이른바 '노란봉투법'으로 알려진 개정 노동조합 및 노동관계조정법(이하 '노동조합법') 제2조, 제3조가 시행됐다. 법 시행 이후 하청 노동조합들의 원청에 대한 직접 교섭요구가 빗발치고 있다.대부분의 원청은 이러한 하청 노동조합들의 교섭요구에 대하여 소극적 태도를 보여 왔고, 이에 하청 노동조합들은 노동위원회에 교섭요구사실 미공고에 대한 시정신청, 교섭단위 분리신청을 제기하며 법적인 분쟁에 나아갔다. 법적 분쟁의 결과는 원청에 우호적이지는 않은 것으로 보인다. 노동위원회는 대부분 원청의 사용자성을 인정하는 판정을 내렸다. 간혹 교섭단위 분리신청이 기각된 사례도 있지만 기각판정은 대부분 교섭단위를 분리할 필요성이 인정되지 않음을 그 이유로 했고, 동 절차에서도 원청의 사용자성 자체를 부정하는 경우는 거의 없었다. 원청 '사용자성'의 법적 의미 이러한 노동위원회의 판단들에는 원청의 사용자성이 원청의 단체교섭의무 발생의 전제이고, 이러한 단체교섭의무는 곧바로 원청이 하청 노동조합의 요구사항을 반드시 들어주어야 함을 의미하는 것은 아니므로, 하청 노동조합과의 대화의 장을 폭넓게 열어 주는 것이 바람직하다는 분위기가 반영된 것으로 보인다.그러나 원청의 사용자성 인정 문제를 단순히 원청에 하청 노동조합과 대화할 의무를 부여하는 것에 불과하다는 관점으로 접근하는 것은 타당한 접근이라고 볼 수 없다고 생각된다. 그 이유는 노동조합법은 사용자가 단체교섭을 정당한 이유 없이 거부하거나 해태하는 행위를 부당노동행위로 규정하여 형사처벌하고 있기 때문이다(노동조합법 제81조 제1항 제3호, 제90조). 즉, 노동조합법하에서 원청이 사용자에 해당하는지의 문제는 단순히 하청 노동조합과 대화를 할 의무를 부과하는 데 그치는 것이라기보다는, 형사범죄의 주체로서의 신분을 가지느냐의 문제로 귀착된다. 형사책임 구조와 사용자성 판단 이러한 관점에서 보자면, 원청의 사용자성 판단 과정에서는 형벌법규 해석의 엄격성이 충분히 고려되어야 한다.최근 선고된 대법원 2026. 5. 21. 선고 2018다296229 판결의 다수의견 역시 노동조합법 제90조는 부당노동행위를 한 사람을 2년 이하의 징역 또는 2천만 원 이하의 벌금으로 형사처벌 하도록 정하고 있고, 단체교섭거부의 부당노동행위 구성요건이 '단체교섭의무를 부담하는 사용자'일 것이 포함된다. 죄형법정주의 원칙상 '단체교섭의무를 부담하는 사용자'의 개념과 관련하여 구 노동조합법 제2조를 엄격하게 해석할 필요도 있다고 지적하고 있으며, 이러한 대법원의 판시는 개정 노동조합법의 해석 및 적용과정에서도 충분히 고려되어야 한다고 생각된다. 이처럼 원청의 사용자성 인정 여부의 판단이 신중하게 이루어져야 한다는 관점에서 보자면, 단순히 '교섭의제'별로 사용자성을 판단하여야 한다는 현재의 경향도 보다 심도 있는 재검토가 요구된다. 개정 노동조합법 제2조 제2호는 ""근로계약 체결 당사자가 아니더라도 근로자의 근로조건에 대하여 실질적이고 구체적으로 지배ㆍ결정할 수 있는 지위에 있는 자도 그 범위에 있어서는 사용자로 본다.""고 규정함으로써 실질적 지배력은 근로조건에 관하여만 판단될 수 있을 뿐이라고 밝히고 있기 때문이다. 현재 대부분의 하청 노동조합은 이른바 '산업안전 의제'를 중심으로 하여 동 의제에 대한 원청의 실질적 지배력이 있음을 주장하고 있다. 그러나 같은 산업안전 의제의 범주에 포함되는 의제 중에서도, 근로자의 근로조건에 관한 의제가 있을 수 있고, 근로자의 근로조건과는 관련이 없는 의제도 있을 수 있다. 같은 카테고리 내의 의제 중 근로조건에 관한 것과 근로조건과는 관련 없는 의제를 명확히 구분하지 않고, 단순히 '산업안전 의제'에 관해 원청에 실질적 지배력이 인정된다고 판단할 경우 개정 노동조합법 제2조 제2호의 명문 규정에 반하여 원청의 사용자성을 확장하는 문제가 발생할 수 있다. 노란봉투법의 개정 이후 우리의 노사관계는 과거에 경험하지 못하였던 새로운 차원으로 돌입하고 있으며, 아직 명확한 해석기준이 정립되지 않아 노측과 사측 모두 혼란에 빠져 는 상황이다. 이러한 상황에서 원청의 사용자성을 정밀한 법적 기초 없이 쉽사리 인정할 경우 이후의 단체교섭 과정에서도 노사 간의 의견 대립으로 인한 혼란이 가중될 것으로 예상된다. 노동위원회나 법원 등 관련 기관들이 원청의 사용자성을 정교한 법논리하에 신중하게 판단함으로써, 향후 예상되는 혼란을 최소화하는 데 기여해 주기를 바라본다.",ok
노란봉투법 / 노동조합법 개정,노란봉투법 / 노동조합법 개정 관련 세부 쟁점,노란봉투법 / 노동조합법 개정;yonhapnewstv.co.kr;정책,http://www.yonhapnewstv.co.kr/news/AKR20260521142732AZs,"대법 ""HD현대중, 하청노조 단체교섭의무 없어…구 노동조합법 적용""",yonhapnewstv.co.kr,갈등_구도,중립적,정부,"'대법 ""HD현대중, 하청노조 단체교섭의무 없어…구 노동조합법 적용""' 기사에서 yonhapnewstv.co.kr가 어떤 주체와 강조점을 전면에 두는지 기준으로 생성한 mock 태깅 결과입니다.","대법원 전경 HD현대중공업 하청 노동조합이 2017년 원청을 상대로 낸 단체교섭 청구 소송에서 대법원이 ""단체교섭에 응할 의무가 없다""며 원청의 손을 들어줬습니다. 대법원 전원합의체(주심 오경미 대법관)는 오늘(21일) 전국금속노동조합(금속노조) 현대중공업지부 사내하청지회가 HD현대중공업을 상대로 낸 단체교섭 청구소송에서 하청노조의 상고를 기각하고 이같이 판단했습니다. 대법원 다수의견은 ""(노란봉투법 시행 전인) 구 노동조합법 2조가 적용되는 사안에서 '단체교섭의무를 부담하는 사용자'에 관한 기존 법리는 타당하므로 유지돼야 한다""고 밝혔습니다. 1986년 원청의 사용자성에 관해 '근로자를 지휘·감독하면서 근로를 제공받고 임금을 지급하는 것을 목적으로 하는 명시적이거나 묵시적인 근로계약관계를 맺고 있는지'를 기준으로 제시한 판례를 유지한 것입니다. 대법원은 ""원청이 하청노조에 대해 지배·개입하지 않을 의무 등 소극적 의무를 부담하는 것을 넘어서 적극적으로 단체협약의 체결을 위해 단체교섭에 응할 의무까지 부담한다고 해석하는 것에는 신중할 필요가 있다""고 밝혔습니다. 다만 이흥구·오경미·신숙희·마용주 대법관은 ""근로조건에 관해 실질적이고 구체적으로 지배·결정할 수 있는 지위에 있다면, 특별한 사정이 없으면 수급근로자의 노조에 대해 단체교섭 의무를 부담한다""며 종전 판례를 변경해야 한다는 반대의견을 냈습니다. 하청노조는 원청인 HD현대중공업이 하청 근로자들의 근로조건을 실질적으로 지배·결정하는 지위에 있다며 2016년 단체교섭을 요구했으나 받아들여지지 않자 2017년 1월 원청을 상대로 소송을 냈습니다. 1·2심은 HD현대중공업이 단체교섭 의무를 지지 않는다며 하청노조의 청구를 기각했습니다. 이에 하청노조가 불복하면서 대법원은 2018년 12월부터 사건을 심리해왔습니다. 그러는 사이 올해 3월 노사 관계에서 사용자의 범위를 확대하는 내용의 노란봉투법(개정 노동조합법 2·3조)이 시행됐고, 개정법은 사용자의 개념을 '근로계약 체결 당사자가 아니더라도 근로자의 근로조건에 대해 실질적이고 구체적으로 지배·결정할 수 있는 지위에 있는 자'로 확대했습니다. 이에 하청노조의 원청 사업장에 대한 교섭 요구가 이어지면서 원·하청 간 갈등도 불거지는 양상입니다. 연합뉴스TV 기사문의 및 제보 : 카톡/라인 jebo23 이동훈(yigiza@yna.co.kr) 당신이 담은 순간이 뉴스입니다! - 카카오톡 앱에서 'jebo23' 친구 추가 - 라인 앱에서 'jebo23' 친구 추가 - jebo23@yna.co.kr ⓒ연합뉴스TV, 무단 전재-재배포, AI 학습 및 활용 금지 - 좋아요 0 - 응원해요 0 - 후속 원해요 0 ADVERTISEMENT",mock
노란봉투법 / 노동조합법 개정,노란봉투법 / 노동조합법 개정 관련 세부 쟁점,노란봉투법 / 노동조합법 개정;joongang.co.kr;정책,https://www.joongang.co.kr/article/25430299,"대법, 노봉법 시행 전 원청의 하청노동자 ‘사용자성’ 불인정 | 중앙일보",joongang.co.kr,갈등_구도,중립적,정부,"'대법, 노봉법 시행 전 원청의 하청노동자 ‘사용자성’ 불인정 | 중앙일보' 기사에서 joongang.co.kr가 어떤 주체와 강조점을 전면에 두는지 기준으로 생성한 mock 태깅 결과입니다.","대법원이 노란봉투법(노동조합 및 노동관계 조정법 2·3조 개정안) 시행 전 하청업체가 제기한 원청의 사용자성을 인정하지 않았다. 21일 대법원 전원합의체(주심 오경미 대법관)는 전국금속노동조합(금속노조) 현대중공업지부 사내하청지회가 HD현대중공업을 상대로 낸 단체교섭 청구소송에서 “단체교섭에 응할 의무가 없다”며 하청노조의 상고를 기각했다. 대법원은 2018년 12월부터 이 사건을 심리해왔다. 당초 하청노조는 2016년 원청인 HD현대중공업이 하청 노동자들의 근로조건을 실질적으로 지배·결정하는 지위에 있다며 단체교섭을 요구했다. HD현대중공업은 이를 받아들이지 않았고, 하청노조는 이듬해 1월 소송을 냈다. 1심과 2심에 이어 대법원도 원청의 사용자성을 인정하지 않았다. 대법원 다수의견은 “구(舊) 노동조합법 2조가 적용되는 사안에서 ‘단체교섭 의무를 부담하는 사용자’에 관한 기존 법리는 타당하므로 유지돼야 한다”고 판단했다. ‘근로자를 지휘·감독하면서 근로를 제공받고 임금을 지급하는 것을 목적으로 하는 명시적이거나 묵시적인 근로계약관계를 맺고 있는지’를 기준으로 한 1986년 원청의 사용자성 판례를 유지한 것이다. HD현대중공업 관계자는 “대법원의 판결을 존중하며, 향후 성실하게 교섭에 임할 것”이라고 밝혔다. 금속노조 측은 “원청은 오랫동안 하청업체 출퇴근, 휴식시간 등 생산전반을 실질적으로 지배, 결정해왔다”며 “개정 노조법 2조(노란봉투법)의 취지에도 역행하는 결정”이라고 주장했다. 다만 지난 3월 노란봉투법이 시행됨에 따라 앞으로는 ‘원청의 사용자성’이 비교적 폭넓게 인정될 것으로 보인다. 개정법은 ‘사용자’ 정의에 ‘근로계약 체결 당사자가 아니더라도 근로자의 근로조건에 대하여 실질적이고 구체적으로 지배·결정할 수 있는 지위에 있는 자’로 확대해 원청의 교섭범위를 넓힌 상황이다. 노동계 등에 따르면 노란봉투법 시행 이후 현대차그룹·포스코그룹의 하청노조 1000여곳이 원청 400여곳을 상대로 교섭요구를 했다.",mock
노란봉투법 / 노동조합법 개정,대법원 구 노동조합법 해석 및 원청의 단체교섭 의무,노란봉투법;노동조합법;대법원 판결;원청 사용자성;단체교섭 의무,https://biz.sbs.co.kr/article_hub/20000311903?division=NAVER,"대법원 ""HD현대중, 하청노조 단체교섭의무 없어…구 노동조합법 적용""",biz.sbs.co.kr,법률_해석,중립적,대법원,"The article reports on a Supreme Court ruling regarding the application of the old Labor Union Act concerning the collective bargaining obligation of original contractors, maintaining a neutral stance.","노란봉투법( 개정 노동조합법 2· 3조 ) 시행 전 사안이라면 원청의 사용자성은 '근로자를 지휘·감독하면서... 대법원 다수의견은 ""(노란봉투법 시행 전인) 구 노동조합법 2조 가 적용되는 사안에서 '단체교섭의무를 부담하는...",partial
노란봉투법 / 노동조합법 개정,노란봉투법 / 노동조합법 개정 관련 세부 쟁점,노란봉투법 / 노동조합법 개정;idomin.com;정책,https://www.idomin.com/news/articleView.html?idxno=2005580,"하청노동자 권리 넓힌 노란봉투법, “기준 모호, 산업 현장 혼란” - 경남도민일보",idomin.com,갈등_구도,중립적,정부,"'하청노동자 권리 넓힌 노란봉투법, “기준 모호, 산업 현장 혼란” - 경남도민일보' 기사에서 idomin.com가 어떤 주체와 강조점을 전면에 두는지 기준으로 생성한 mock 태깅 결과입니다.","경남일자리포럼 ‘노란봉투법 쟁점·과제’ 집담회 노동·경영·학계 불명확한 실질적 지배력 판단 입 모아 노동계 “원청 교섭 응해야”-사용자 “현장 혼란 계속” 노동법 교수 “하청노동자 정보 제공 청구권 중요” 노란봉투법이 시행됐지만 현장에서는 원청 사용자성을 어디까지 인정할지, 어떤 의제를 교섭 대상으로 볼지, 이를 누가 어떻게 입증할지를 두고 혼란이 이어진다는 지적이 나왔다. 특히 하청노동자가 원청의 실질적 지배력을 입증하려면 관련 자료에 접근할 수 있는 정보 제공 청구권이 중요하다는 의견도 제시됐다. 김상율 노무사(법학박사)는 12일 창원시 성산구 상남동 민주노총 경남지역본부에서 열린 경남일자리포럼 집담회에서 노란봉투법 시행 이후 현실적 과제로 ‘실질적 지배력’ 판단 기준의 불명확성을 짚었다. 김 노무사는 “노동부 지침대로라면 원청이 교섭장에 나올 수 있는 근거가 거의 없고, 나오더라도 산업안전 부분에 그칠 가능성이 크다”는 취지로 말했다. 임금·근로시간 등 핵심 노동조건에 대해서는 원청 사용자성이 인정되기 쉽지 않다는 설명이다. 사단법인 경남일자리포럼은 이날 ‘노란봉투법의 개요, 쟁점과 과제’를 주제로 집담회를 열었다. 토론자로는 조창종 민주노총 경남본부 사무처장, 김양수 전 경남경영자총협회 상무이사, 장우찬 경상국립대 법학과 교수가 참여했다. 집담회에서는 노란봉투법 시행 이후 원청 사용자성, 노동쟁의 범위, 손해배상 책임 제한 등을 두고 노동계·사용자·학계 의견이 오갔다. 노란봉투법은 노동조합 및 노동관계조정법 제2조와 제3조를 고친 법이다. 개정법은 근로계약을 직접 맺지 않았더라도 노동조건을 실질적이고 구체적으로 지배·결정할 수 있는 지위에 있으면 사용자로 볼 수 있도록 했다. 또 노동쟁의 범위를 넓히고, 쟁의행위와 노조활동을 이유로 한 손해배상 책임을 제한하는 내용을 담고 있다. 노동계는 노란봉투법이 간접고용·특수고용 노동자의 교섭권을 보장하는 방향으로 작동해야 한다고 봤다. 조창종 민주노총 경남본부 사무처장은 “간접고용 노동자의 노동조건과 노동절차를 사실상 결정·감독하는 원청들이 하루빨리 교섭에 응해야 한다”며 “원청 사용자성 인정뿐만 아니라 화물운송·건설기계 노동자 등 특수고용 관계에 있는 노동자들의 노조할 권리를 제대로 인정하는 것이 시급하다”고 말했다. 사용자 쪽은 법 시행 이후 산업현장의 혼란이 이어지고 있다고 우려했다. 김양수 전 경남경영자총협회 상무이사는 “사용자 개념이나 파업 대상이 너무 광범위하고 내용이 추상적이다 보니 산업현장에서 혼란이 발생하고 있다”며 “결국 노동위원회를 거쳐 법원으로 갈 수밖에 없는 구조인데, 이 과정에서 시간과 비용 부담이 커질 수 있다”고 말했다. 이어 “기업은 살아 있는 생물과 같아 빠른 결정이 필요한데, 지금은 기업들도 어떻게 대응해야 할지 혼란스러운 상황”이라며 “이른 시일 안에 법과 지침이 명확해져야 한다”고 했다. 학계에서는 원청 사용자성을 둘러싼 사례 축적과 정보 접근권이 중요하다는 의견이 나왔다. 장우찬 경상국립대 법학과 교수는 “노란봉투법의 개정 취지는 노동3권의 실효적 보호와 실질화, 노사분쟁의 원만한 해결”이라며 “다르게 표현하면 대화를 막고 있는 장애물을 제거하고 실질적인 대화에 집중하자는 것”이라고 말했다. 이어 “지금까지는 원청이 단체교섭 의무자가 아니라고 하면서 교섭 테이블에 들어오지 않았고, 권리분쟁이나 불법파업 논란으로 대화의 자리까지 잃는 경우가 있었다”고 했다. 장 교수는 실질적 지배력 개념이 추상적이라는 지적에 대해서도 “근로자성 판단에서도 법조문에 없는 사용종속관계 기준을 판례가 축적하며 구체화해 왔다”며 “실질적 지배력 역시 사법부를 통해 구체화하고 실질화될 것”이라고 봤다. 특히 장 교수는 정보 제공 청구권을 주목했다. 그는 “하청노동자가 원청이 실질적인 사용자라는 점을 밝혀내려면 이를 입증할 자료를 수집해야 한다”며 “정보 제공 청구권은 단체교섭권 안에서 당연히 인정되는 만큼, 이것이 활성화되면 노란봉투법 개정 취지가 더 실효적으로 구현될 수 있다”고 했다. /정종엽 기자 시민사회부 기자입니다. 관심 분야는 노동, 젠더, 농업, 이주민 입니다. 제보는 010-6248-7050.",mock
노란봉투법 / 노동조합법 개정,노란봉투법 / 노동조합법 개정 관련 세부 쟁점,노란봉투법 / 노동조합법 개정;newsis.com;정책,https://www.newsis.com/view/NISX20260604_0003657028,'노란봉투법' 중노위 첫 재심서…중흥건설 사용자성 인정,newsis.com,갈등_구도,중립적,정부,''노란봉투법' 중노위 첫 재심서…중흥건설 사용자성 인정' 기사에서 newsis.com가 어떤 주체와 강조점을 전면에 두는지 기준으로 생성한 mock 태깅 결과입니다.,"'노란봉투법' 중노위 첫 재심서…중흥건설 사용자성 인정 타워크레인노조 재심 신청 인용…""단독으로 구조적 개선 어려워"" 임금 직불제 대해서는 교섭 의제 불인정…""노사 자율교섭은 가능"" [서울=뉴시스]박정영 기자 = 중앙노동위원회가 원청의 사용자성을 직접 판단하는 첫 재심에서 지방노동위원회의 판정을 뒤집었다. 중노위는 4일 한국타워크레인조종사노동조합이 중흥건설 및 중흥토건을 상대로 제기한 '교섭요구 사실의 공고에 대한 시정 재심 신청'에 대해 초심인 지노위의 결정을 취소했다고 밝혔다. 이에 중흥건설과 중흥토건의 사용자성은 인정되며 두 회사는 교섭 요구 사실을 공고해야 한다. 중노위는 산업안전 의제에 대해 하청인 타워크레인 업체가 단독으로 전반적인 유해 및 위험요인 제거나 안전설비 설치·해체 등의 구조적 개선이 어렵다고 판단했다. 한편 임금 직불제와 관련된 의제에 대해 중노위는 ""제도 개선을 위한 노사 자율교섭은 가능할 것이나 회사가 실질적·구체적 지배·결정할 수 있는 지위에 있음을 전제로 하는 교섭의제로 인정하기는 어렵다""고 설명했다. 중노위는 향후 사용자성을 인정한 구체적인 판단근거를 포함한 세부적인 결정서를 판정일로부터 30일 이내에 회사 측에게 송부할 예정이다. 앞서 한국타워크레인조종사노동조합은 지난 3월 24일 두 회사를 상대로 단체 교섭을 요구했지만 회사 측이 응하지 않자 전남지노위에 교섭요구 사실 공고 신청을 제기했다. 이후 전남지노위는 4월 10일 해당 신청을 기각했으며, 한국타워크레인노조는 판단에 불복해 중노위에 재심을 신청했다. ◎공감언론 뉴시스 [email protected] Copyright © NEWSIS.COM, 무단 전재 및 재배포 금지",mock
AI 반도체 초과이익 재분배 / 사회연대임금,AI 반도체 초과이익 재분배 / 사회연대임금 관련 세부 쟁점,AI 반도체 초과이익 재분배 / 사회연대임금;hani.co.kr;정책,https://www.hani.co.kr/arti/society/labor/1262127.html,"김영훈 “반도체 초과 이익, 협력업체 납품 가격 조정해 나눠야”",hani.co.kr,갈등_구도,중립적,정부,"'김영훈 “반도체 초과 이익, 협력업체 납품 가격 조정해 나눠야”' 기사에서 hani.co.kr가 어떤 주체와 강조점을 전면에 두는지 기준으로 생성한 mock 태깅 결과입니다.","김영훈 고용노동부 장관이 5일 영국 로이터통신과의 인터뷰에서 ‘반도체 산업의 전례없는 이익이 불평등 격차를 확대할 위험이 있다’며 사회적 대화를 통한 초과이익 재분배 필요성을 강조했다. 김 장관은 사회적 재분배의 구체적 방법으로 ‘협력업체 납품단가 조정’ 등을 처음 제시했다. 이날 공개된 김 장관의 로이터통신 인터뷰를 보면, 김 장관은 “삼성전자의 눈부신 성과는 노사 양쪽의 헌신적인 노력의 결과라는 점은 부인할 수 없다”면서도 “사회적 대화를 통해 새로운 분배 규칙을 마련해야 한다”고 말했다. 그는 “삼성전자에는 1700여개의 협력업체가 있고, 물과 전력 공급 등 지역 사회의 기반시설(인프라)도 기업 성장에 기여했다는 점을 고려해야 한다”고 이유를 설명했다. 김 장관은 지난달 27일 열린 출입기자 간담회에서 ‘한국형 사회연대 임금정책’을 언급하며 재분배 의제를 사회적 대화를 통해 논의하겠다고 밝힌 바 있다. 김 장관은 ‘초과이익 재분배’ 제안에 대해 국민의힘을 중심으로 한 정치권에서 “국가의 위험한 개입” 또는 ‘공산주의’ 라는 비판이 나온다는 질문에 “내가 말하는 분배는 협력 업체와 이익을 나누는 것”이라며 “이는 분명한 재투자”라고 강조했다. 김 장관은 “하청업체와 반도체 공급망에 대한 재투자이며, 경쟁력을 향상하며 한국이 저성장 문제를 극복하는 데에 도움이 될 수 있다”고 설명했다. 김 장관은 인터뷰에서 협력업체와의 이익 재분배의 방법 가운데 하나로 ‘협력업체의 납품가격 조정’을 제시했다. 삼성전자·에스케이(SK)하이닉스 등 반도체 공급망 맨 윗단에게 소재와 부품 등을 공급하는 협력업체들의 납품 단가를 올리는 방식으로 공급망 아래에 돌아가는 몫을 늘리자는 구상이다. 김 장관은 “대기업 노동자들은 인공지능 특수로 막대한 성과급을 받게 되지만 중소기업 근로자들은 그렇지 못하다”며 “(협력업체 납품단가 조정을 통해서 발생한) 수익을 소규모 공급업체의 인재 육성에 투자할 수 있다”고 했다. 로이터 보도에 따르면, 김 장관은 ‘성과급 격차’에 따른 구직자 양극화도 우려했다. 한국의 구직자들이 임금과 복지 등에서 유리한 대기업만을 선호함에 따라 격차가 커지는 등 불평등이 심화하면 한국 경제 성장도 제약받을 수 있다고 우려했다는 것이다. 따라서 김 장관은 반도체 기업 초과이익 재분배가 인공지능 시대 노동자 간 격차를 해소하는 방안이라고 말했다. 한편, 김 장관은 삼성전자의 남은 과제로 ‘반도체 사업부 내 메모리와 비메모리 간 성과급 격차 등 내부 불만’을 언급하며 “단기적인 성과 보상은 있어야 하지만, 중장기적인 관점에서 전략적 인재에 투자하고 동기를 부여하는 것도 필요하다”고 말했다. 권효중 기자 harry@hani.co.kr",failed
AI 반도체 초과이익 재분배 / 사회연대임금,AI 반도체 초과이익 재분배 / 사회연대임금 관련 세부 쟁점,AI 반도체 초과이익 재분배 / 사회연대임금;edaily.co.kr;정책,https://www.edaily.co.kr/news/newspath.asp?newsid=05585846645478440,[이정훈 칼럼] 초과이익 논의가 놓치고 있는 것,edaily.co.kr,갈등_구도,중립적,정부,'[이정훈 칼럼] 초과이익 논의가 놓치고 있는 것' 기사에서 edaily.co.kr가 어떤 주체와 강조점을 전면에 두는지 기준으로 생성한 mock 태깅 결과입니다.,"김영훈 고용노동부 장관이 지난달 말 기자들과 만난 자리에서 “인공지능(AI) 시대 반도체는 이미 공공재가 됐다”고 전제하면서 “대기업의 초과이익을 어떻게 사회적으로 재분배할 것인가를 두고 한국형 사회연대임금의 가능성을 모색하는 긴급 시론을 열겠다”고 밝힌 것이 애초 발단이 됐고, 이후 청와대가 “토론회에서 다양한 공론화 기회가 있었으면 한다”고 화답하자 논의에 불이 붙었다. 이달 1일로 예정됐던 토론회가 잠정 연기되긴 했지만, 정부 의지로 볼 때 조만간 일정이 잡힐 전망이다. 김 장관도 이런 제안에 야당과 재계, 학계 등에서 반발하는 목소리가 나오자 “이는 단순히 거위 배를 가르자는 게 아니라 더 큰 거위, 또 다른 거위를 만들자는 것”이라 반박하며 “점점 더 벌어지는 원하청 노동자 간 격차를 그냥 보고만 있어선 안 된다는 것이 주권자인 국민의 뜻인 만큼 지치지 않는 열정으로 경청하고 대화하겠다”고 의지를 내비쳤다. 반면 삼성전자의 경우만 봐도 초기업노조를 표방한 삼성전자 노조는 7만명 정규직들이 똘똘 뭉쳐 회사 낸 이익의 15%를 자신들의 몫으로 챙기겠다는 극한의 투쟁 그 이상도 이하도 아니었다. 또한 국내 중소기업 근로자들의 노조 조직률은 10%를 간신히 넘는 수준이다. 산별 노조에 포함된 중소기업과 비정규직 근로자들을 위해 기꺼이 자신들의 몫을 줄일 수 있다는 대기업 노조의 자발적 참여 같은 스웨덴식 모델을 기대하긴 사실상 불가능에 가깝다. 특히 이번 삼성전자 파업 위기에서 전 국민이 목도했듯이, 최대 100조원에 이르는 파업 손실마저도 얼마든지 볼모로 잡을 수 있다는 노조의 극단적 이기주의를 도덕적이거나 윤리적 규범으로 제어할 순 없는 지경이다. 이렇게 본다면 노동시장 내 이중구조를 해소해야만 한다는 정부의 당위론은 모두가 공감하는 대목이지만, 이를 대기업 노조의 선의에 기대하려는 발상은 너무나 이상적이고 비현실적일 수밖에 없다. 자신들이 주장하듯 노조가 진정 기업 경영의 한 축이라면, 과거 이익에 대한 분배 논의에만 열을 올리기 전에 회사가 미래에 지속가능한 이익과 수익구조를 만들어 낼 수 있도록 하는 ‘성장’ 시스템을 구축할 것인가를 함께 고민해야 한다. 정부의 역할도 마찬가지다. 논의의 초점이 분배에서 성장으로 맞춰질 수 있도록 넛지의 역할이어야 한다. 그래야만 김영훈 장관이 스스로 장담했던 ‘(황금에 눈이 멀어) 당장 거위의 배를 가르는’ 우를 피할 수 있다.",failed
AI 반도체 초과이익 재분배 / 사회연대임금,AI 반도체 초과이익 재분배 논의와 시장경제 원칙 충돌,AI 반도체;초과이익 재분배;사회연대임금;시장경제 원칙;노동격차 해소,https://www.yna.co.kr/view/AKR20260529127000530?input=1195m,AI발 '초과이익' 재분배론 부상…시장경제 원칙 훼손 지적도 | 연합뉴스,yna.co.kr,혼합,혼합,고용노동부 장관,"이 기사는 AI 반도체 기업의 초과이익 재분배 필요성을 제기하는 고용노동부 장관의 입장과 함께, 시장경제 원칙 훼손 및 현실적 난제에 대한 우려를 동시에 다루고 있습니다.","노동장관 ""사회적 대화 필요""…협력업체 이익공유 등 제도화 필요성 초과이익 기준·사회적 분배 범위 등 난제 산적 이미지 확대 노동현안 관련 발언하는 김영훈 노동부 장관 (세종=연합뉴스) 김주성 기자 = 김영훈 고용노동부 장관이 지난 27일 정부세종청사 고용노동부 기자실에서 열린 출입기자단 차담회에서 국민주권정부 1년간 이룬 성과와 삼성전자 노사문제 등 노동 현안에 대해 발언하고 있다. 2026.5.27 utzza@yna.co.kr (서울=연합뉴스) 한혜원 옥성구 기자 = 인공지능(AI) 특수로 삼성전자와 SK하이닉스 등 반도체 기업의 수익이 급증하면서 초과이익을 노동자 간 격차 해소와 원하청 상생 등을 위해 재분배해야 한다는 주장이 힘을 얻고 있다. 고용노동부는 사회적 대화를 통해 재분배 문제를 공론화하겠다는 방침이지만, 시장경제 원칙 훼손을 우려하는 논란도 적지 않다. 초과이익 기준부터 사회적 분배의 범위까지 논의 초기단계부터 난제가 산적했다는 평가가 나온다. ◇ 노동장관, ""대기업 이익 만드는데 기여한 이해관계자와 나눠야"" 31일 정부 부처 등에 따르면 노동부는 조만간 '한국형 사회연대임금정책 가능성 모색에 관한 긴급토론회'를 개최할 예정이다. 김영훈 노동부 장관은 지난 27일 출입기자단 차담회에서 ""대기업의 초과이익을 어떻게 사회적 분배할 것인가에 대한 유일한 해법은 사회적 대화밖에 없다""며 화두를 던졌다. 김용범 청와대 정책실장이 지난 12일 사회관계망서비스(SNS)에 올린 글에서 ""인공지능(AI) 인프라 시대의 과실은 특정 기업만이 끌어낸 결과가 아니다""라며 이를 국민에 환원하기 위한 '국민배당금제'를 제안한 이후 2주만이다. AI 시대 속 일부 기업에 집중된 막대한 초과이익을 어느 이해당사자까지, 어떤 방식으로 배분할 것인지 등이 주요 논의 대상이다. 김 장관의 발언은 대기업 초과이익을 국민배당 방식 등으로 나누겠다는 것이 아닌, 기존 성과인센티브가 정규직 중심인 만큼 협력업체나 하청에도 초과이익이 나눠질 수 있도록 재분배 필요성을 제기한 것으로 풀이된다. 지난 29일 연합뉴스와 만난 김 장관은 ""'이해관계자 자본주의'에 따라 대기업의 대규모 이익을 만드는데 기여한 이해관계자와 나눠야 한다""고 말했다. 이미지 확대 삼성전자 임협 잠정합의안 노조투표 찬성률 73.7%로 가결 (수원=연합뉴스) 홍기원 기자 = 경기도 수원시 삼성전자 본사 모습. 2026.5.27 xanadu@yna.co.kr ◇ 초과이익 정의부터 모호…""현실 측정 어려워"" 문제는 출발선이라고 할 수 있는 '초과이익' 정의부터 난제라는 점이다. 경제학 관점에서 초과이익은 정상 이익을 넘어서 얻은 모든 이익을 뜻한다. 김 장관은 초과이익을 세금, 이자 비용, 감가상각비, 판매·관리비 등을 빼고 남은 이익으로 규정했다. 그런데 기업은 이미 세금 납부와 고용 창출 등으로 사회적 역할을 하는 만큼, 초과이익 범위를 어디까지로 보고 분배의 몫으로 정할지부터 불명확하다. 한국경제연구원은 과거 보고서에서 ""경제학에는 정상이익은 존재하지만, 초과이익은 현실적으로 측정하기 어려운 개념""이라고 밝힌 바 있다. 송헌재 서울시립대 경제학과 교수는 ""기대조차 할 수 없던 막대한 이익을 얻었다고 해서 목표이익을 넘어선 모든 이윤을 기업의 초과이익으로 보고 분배의 몫으로 규정할 수는 없다""고 말했다. 아울러 AI나 반도체처럼 업황 사이클에 따른 일시적 어닝 서프라이즈 등이 발생하는 변동성이 큰 업종에서는 특정 시기의 고수익만으로 초과이익을 판단하기 어렵다는 지적이 뒤따른다. ◇ 사회적 분배 범위는 어디까지 그다음 난제는 사회적 분배의 적절성이다. 올해 300조원 안팎으로 예상되는 삼성전자의 영업이익에는 기업의 기술력과 경영전략 외에도 세제 혜택 및 보조금, 공공 인프라 구축, 수많은 협력사 생태계 등이 뒷받침됐다. 김 장관은 ""오늘날 삼성전자 성공은 노사의 헌신적 노력에 모든 국가와 지역사회의 지원이 더해진 결과""라며 ""재분배도 사회적으로 이뤄져야 한다""고 말했다. 국가 공동체와 사회 인프라가 제공한 유무형의 '사회적 지원'이 밑바탕이 된 만큼 상생을 위한 재분배가 필요하다는 논리다. 그러나 삼성전자의 1차 협력사만 약 1천곳이고, 2·3차 협력사와 연계한 소재·부품·장비 업체들을 더하면 수천곳에 달하는 만큼 어떤 이해당사자까지 분배 대상에 포함할지 결정이 쉽지 않다. 기준이 마련된다고 해도 또 다른 반발이 불가피하다. 송 교수는 ""삼성전자는 해외에도 협력업체가 다수인데, 이들도 분배 대상에 포함하긴 힘들다""며 ""분배 논의를 기업이 알아서 해야지 국가가 나서면 안 된다""고 했다. 이미지 확대 손 맞잡은 노사정 (수원=연합뉴스) 홍기원 기자 = 지난 20일 경기도 수원시 장안구 경기고용노동청에서 열린 삼성전자 임금협상을 마친 후 여명구 삼성전자 DS(디바이스솔루션·반도체 사업 담당) 피플팀장과 최승호 삼성그룹 초기업노동조합 삼성전자지부 위원장이 잠정 합의안에 서명한 후 김영훈 고용노동부 장관과 손을 맞잡고 있다. 2026.5.20 [공동취재] xanadu@yna.co.kr ◇ 경영 자율성 등 침해…논의 필요성 제언도 근본적인 문제는 정부가 나서 기업의 초과이익에 대해 사회적 분배를 언급하는 것 자체가 시장경제 원칙과 충돌한다는 점이다. 초과이익의 사회적 재분배가 시장경제 핵심인 사유재산권과 경영 자율성 등을 훼손할 수...",ok
AI 반도체 초과이익 재분배 / 사회연대임금,반도체 초과이익 활용 방안에 대한 정부 부처 간 시각차,초과이익;재분배;재투자;사회연대임금;산업경쟁력,https://www.mk.co.kr/article/12061365,반도체 초과이익 두고 시각차…노동장관 “분배 필요” vs. 산업장관 “재투자”- 매경ECONOMY,mk.co.kr,갈등_구도,중립적,정부_관계자,이 기사는 반도체 초과이익의 재분배를 주장하는 고용노동부 장관과 재투자를 강조하는 산업통상부 장관의 상반된 입장을 중립적으로 보도하며 갈등 구도를 형성하고 있다.,"“더 큰 거위, 다른 거위를 만들자는 것” “사회적 대화가 왜 공산당…대화 필요” 반도체 대기업의 천문학적인 초과이익 활용 방안을 두고 노동·산업 정책을 책임지는 두 장관이 상반된 메시지를 내놔 논쟁이 확산한다. 김영훈 고용노동부 장관은 초과이익 공유 필요성을 강조하며 원·하청 동반성장에 무게를 둔 반면, 김정관 산업통상부 장관은 반도체 경쟁력 확보를 위해 미래 투자를 우선해야 한다고 강조했다. 김영훈 장관은 29일 오전 유튜브 ‘오마이TV 박정호의 핫스팟’에 출연해 초과이익 배분과 관련, “단순히 거위 배를 가르자는 게 아니라 더 큰 거위, 또 다른 거위를 만들자는 것”이라고 반박했다. 김 장관은 “초과이익 공유를 얘기하니 공산당이라는 주장을 하는데, 사회적 대화가 어떻게 공산당 얘기인가”라고 반문하기도 했다. 앞서 김 장관은 지난 27일 출입기자단 차담회에서 “인공지능(AI) 시대 반도체는 이미 공공재가 됐다”며 “대기업 초과이익을 어떻게 재분배할 것인지 한국형 사회연대임금의 가능성을 모색하는 긴급 시론을 열겠다”고 밝혔다. 이를 두고 야당을 중심으로 비판이 이어졌다. 송언석 국민의힘 원내대표는 이날 오전 기자간담회에서 “경쟁국들은 정부와 기업이 한 몸이 돼 최첨단 산업 연구개발과 시설 투자에 올인하는데, 이 정부는 철 지난 낡은 이념에 사로잡혀 거위의 배를 가르겠다고 팔을 걷어붙이고 있다”고 지적했다. 이에 김 장관은 초과이익 공유가 건강한 산업 생태계를 만들어 오히려 산업 전체의 경쟁력을 높일 것이라고 주장했다. 그러면서 2010년 도요타 리콜 사태(페달게이트)를 예로 들었다. 그는 “수많은 협력업체의 부품을 통해 완성차가 만들어지는데, 품질 유지를 위해서는 협력업체 노동조건을 고민해야 한다”며 “납품단가나 생산 환경 등을 고려해야 원청의 글로벌 경쟁력도 높아진다”고 말했다. 고(故) 이건희 삼성전자 회장도 언급했다. 김 장관은 “고(故) 이건희 전 회장이 협력업체를 ‘또 하나의 가족’이라고 했다”며 “협력업체와 같이 살아야 된다는 이야기는 제가 먼저 한 것도 아니다”라고 강조했다. 반면, 김정관 산업통상부 장관은 같은 날 자신의 페이스북에 글을 올려 반도체 산업 이윤은 재투자에 우선 쓰여야 한다는 입장을 밝혔다. 김 장관은 “현재의 경쟁력에 취해 있으면 안 된다. 오늘의 이윤은 내일의 압도적 경쟁력을 위한 재원이 되어야 한다”고 썼다. 그는 “지금은 반도체 산업이 만들어내는 이윤을 미래를 위한 ‘생산적 재투자’로 연결해야 하는 절체절명의 시간”이라며 “기업 이익 활용의 최우선 원칙은 ‘생산적 재투자’여야 한다”고 강조했다. 또 “AI와 반도체 패권 경쟁은 기다려주지 않는다. 투자와 혁신의 속도가 주춤하는 순간, 미래의 주도권은 다른 나라의 몫이 된다”며 “지금 필요한 것은 머뭇거림이 아니라 결단이며, 분산이 아니라 집중”이라고 밝혔다. 한편, 노동부는 당초 내달 1일 열 예정이었던 토론회를 섭외 등을 이유로 잠정 연기한 상태다. 김영훈 장관은 “학계, 전문가, 이해당사자 등을 더 많이 섭외해서 사회적 대화를 촉진하고 싶다”며 “초과이익을 어떻게 사회적으로 분배할 것인가에 대한 유일한 해법은 사회적 대화밖에 없다”고 거듭 강조했다.",ok
AI 반도체 초과이익 재분배 / 사회연대임금,AI 반도체 초과이익 재분배 / 사회연대임금 관련 세부 쟁점,AI 반도체 초과이익 재분배 / 사회연대임금;pennmike.com;정책,https://www.pennmike.com/news/articleView.html?idxno=121656,"김영훈, 美 언론에 '""AI 반도체 초과이익 공유는 재투자"" 공론화",pennmike.com,갈등_구도,중립적,정부,"'김영훈, 美 언론에 '""AI 반도체 초과이익 공유는 재투자"" 공론화' 기사에서 pennmike.com가 어떤 주체와 강조점을 전면에 두는지 기준으로 생성한 mock 태깅 결과입니다.","국내 증시 구조적 문제 있으나 여전한 성장세 6월 중 AI 초과이익 사회적 재분배와 관련한 본격 논의에 돌입하겠다고 예고한 김영훈 고용노동부장관이 외신 인터뷰에서도 유사한 내용을 강조함으로써 'AI 반도체 재분배' 이슈를 공론화했다. 그는 최근 인공지능(AI) 붐으로 인한 반도체 호황으로 막대한 초과이익을 얻은 삼성전자, SK하이닉스 등 대기업이 협력업체 및 하청, 노동자들과 이익을 공유해야 한다고 주장한 바 있다. 이에 삼성전자 노조 성과급 이슈에 이은 새로운 '이익 공유'와 관련한 불확실성 난제가 외국인 투자자들의 '코리아 디스카운트' 유인이 되리라는 우려가 나왔었다. 이에 고용노동부가 추진하는 '한국형 사회연대임금정책' 논의 토론회는 참석자 미정 등을 이유로 잠정 연기된 상태다. 그런데 김 장관은 5일 공개된 로이터통신과의 인터뷰에서 재차 '재분배론'을 띄웠다. 산업부 김정관 장관이 ""재분배가 아닌 재투자를 해야 할 때""라고 한 데에 대해서는 ""내가 말하는 분배는 협력사와 이익을 공유하자는 것이니 분명한 재투자""라고 재반박했다. 노동부-산업부 이견이 정부 내부 의견 조율의 결과인지에 대해서는 정치권 의견이 갈린다. 다만 김 장관은 그가 도입하고자 하는 '사회연대임금정책'이 ""시장경제를 훼손하는 국가개입"", ""공산주의""라는 비판을 받는 데 대해서는 확실하게 짚고 넘어가고자 하는 의지를 강조했다. 그는 ""대기업 직원들은 AI 특수에 따른 막대한 성과급을 받게 되지만 중소기업 근로자들은 그렇지 못하다""며 ""이는 매우 우려스러운 상황""이라면서 이번 논의가 반도체 대기업 성과급 논의의 연장선상이라는 취지를 드러냈다. 국내 증시 구조적 문제 있으나 여전한 성장세 삼성전자로 인해 처음 모델화된 '영업이익 N% 비중 성과급'에 대한 전문가들 견해도 갈린다. 한 투자 전문가는 ""막대한 기업 이익에 대한 명확한 보상 체계이므로 직원들 입장에서 근로유인이 커질 것""이라 분석했다. 그러나 ""미래가치를 담보로 하지 않아 장기적이지 않으며, 반도체 사이클이 끝나고 나면 기업의 투자를 발목 잡는 주요 원인이 될 가능성이 높다""고 반신반의하는 의견도 있다. 더불어민주당 주도의 노란봉투법, 중대재해법, 상법 개정안 등의 통과에 이어 정부의 (김용범 청와대 정책실장) '국민배당금', '사회연대임금' 주장 등이 현재 정부가 추진하는 '국내증시 부양' 비전과 상충된다는 말도 나온다. 삼성·닉스가 절반 이상을 견인하는 국내 증시의 기형적·급진적 성장을 꼬집는 사람들도 있다. 그러나 현재로서는 다양한 투자 전문 의견들은 ""국내 증시 성장이 반도체 슈퍼 사이클에 힘입어 한동안 지속될 것""이라는 진단을 내놓는 것으로 보인다. 국민연금도 올해 코스피 불장에 힘입어 고갈 시점이 24년이나 늦추어질 것이라는 추계가 발표됐다. 대한민국의 헌정 질서와 체제를 지켜갑니다.",mock
AI 반도체 초과이익 재분배 / 사회연대임금,AI 반도체 초과이익 재분배 / 사회연대임금 관련 세부 쟁점,AI 반도체 초과이익 재분배 / 사회연대임금;news1.kr;정책,https://www.news1.kr/world/northeast-asia/6188666,"김영훈 노동장관 ""AI 반도체 초과이익, 협력사와도 나눠야""",news1.kr,갈등_구도,중립적,정부,"'김영훈 노동장관 ""AI 반도체 초과이익, 협력사와도 나눠야""' 기사에서 news1.kr가 어떤 주체와 강조점을 전면에 두는지 기준으로 생성한 mock 태깅 결과입니다.","로이터통신 인터뷰…""사회적 대화 통해 새 분배규칙 만들어야""AI 호황발 대·중소기업 임금격차 확대 우려…""이익공유는 재투자""지난달 20일 경기 수원시 장안구 경기고용노동청에서 열린 삼성전자 임금협상을 마친 후 여명구 삼성전자 DS(디바이스솔루션·반도체 사업 담당) 피플팀장(왼쪽부터)과 김영훈 고용노동부 장관, 최승호 삼성그룹 초기업노동조합 삼성전자지부 위원장이 잠정 합의한에 서명한 후 손을 맞잡고 있다. 2026.5.20 ⓒ 뉴스1 김영운 기자관련 키워드삼성전자김영훈고용노동부SK하이닉스신기림 기자 日디지털장관 ""개인정보 우려? 美中에 밀리면 'AI 식민지' 된다""태양광패널 가격 폭락에…中 태양광 기업들 'ESS 전환' 가속관련 기사김영훈 노동장관, 전국 기관장회의서 ""노사 대화로 교섭 타결 지원""삼성 성과급이 불지핀 최저임금…노동계 '26% 인상·적용 확대' 동시 압박반도체 초과이익 논란 확산…노동장관 ""분배 필요"" vs 산업장관 ""재투자""(종합)노동장관 ""초과이익 배분, 거위 배가르기 아냐…동반성장 제안한 것""삼전이 쏘아올린 '초과이익 성과급' 갈등…'사회연대임금' 논의로 확산",mock
AI 반도체 초과이익 재분배 / 사회연대임금,AI 반도체 초과이익 재분배 / 사회연대임금 관련 세부 쟁점,AI 반도체 초과이익 재분배 / 사회연대임금;hankookilbo.com;정책,https://www.hankookilbo.com/news/article/A2026060514140003689?did=NA,"노동장관 ""반도체 초과 이익, 협력사 계약 단가 조정해 나눠야"" 첫 언급-사회ㅣ한국일보",hankookilbo.com,갈등_구도,중립적,정부,"'노동장관 ""반도체 초과 이익, 협력사 계약 단가 조정해 나눠야"" 첫 언급-사회ㅣ한국일보' 기사에서 hankookilbo.com가 어떤 주체와 강조점을 전면에 두는지 기준으로 생성한 mock 태깅 결과입니다.","송주용 기자 <로이터 통신과 인터뷰> ""초과 이익 공유, 명백한 재투자"" '협력사 계약 단가 조정' 첫 언급 김영훈 고용노동부 장관은 인공지능(AI) 대호황 속에서 반도체 기업들의 초과 이익을 노동자, 협력업체, 지역사회 등과 나누는 것은 ""공산주의가 아닌 명백한 재투자""라고 강조했다. 구체적인 초과 이익 공유 방안으로는 '협력사(하청업체, 공급업체 등 포함) 계약 단가 조정'을 처음 언급했다. 김 장관은 5일 공개된 로이터 통신과 인터뷰에서 ""사회적 대화를 통해 분배에 대한 새로운 규칙을 만들어야 한다""며 이처럼 말했다. 특히 파업 직전 노사 간 성과급 인상 합의가 이뤄졌던 삼성전자 사례를 언급하며 ""삼성전자의 눈부신 성과는 노사 양측의 헌신적 노력의 결과라는 점을 부인할 수 없다""면서도 ""1,700개 공급업체가 있고 물과 전기 공급을 포함한 지역 사회 기여도 있다""고 강조했다. 반도체 회사가 벌어들인 '역대급' 수익이 회사뿐만 아니라 여러 주체의 도움 덕에 가능했다는 뜻이다. 다만 김 장관은 초과 이익 개념에 대해 세금 등을 공제하고 남은 이익임을 분명히 했다. 초과 이익 재분배 방안으로는 협력사와 계약 가격을 조정하는 것을 하나의 대안으로 제시했다. 현재 상당수 대기업은 큰 수익을 얻고도 협력사와의 계약 단가는 인상하지 않아 수익률을 극도로 통제한다는 비판을 받고 있다. 김 장관이 말한 계약 단가조정은 원청 기업 수익이 커지면 협력사와의 계약 단가도 이에 연동해 높이자는 제안으로 풀이된다. 김 장관은 이 같은 제도가 도입되면 소규모 업체들도 인재 육성과 노동자 복리 후생에 도움을 받을 수 있다고 분석했다. 삼성전자 파업 위기 당시 직접 사태에 개입했던 뒷이야기도 설명했다. 김 장관은 ""이재명 대통령에게 저의 경력을 활용해 그들과 관계를 구축하겠다고 말씀드렸다""고 전했다. 민주노총 위원장 출신인 그는 최종 협상 결렬을 선언한 노사 양측을 다시 대화 테이블에 앉혔고 직접 협상을 중재해 최종 합의를 이끌어 냈다. 다만 앞으로는 장관이 직접 개별 기업 노사 관계에 개입하는 대신 노사 자율 협상을 원활하게 진행할 수 있는 제도적 틀이 필요하다고 강조했다. <Copyright ⓒ 한국일보. All rights reserved. 무단 전재 및 재배포 금지>",mock
AI 반도체 초과이익 재분배 / 사회연대임금,AI 반도체 초과이익 재분배 / 사회연대임금 관련 세부 쟁점,AI 반도체 초과이익 재분배 / 사회연대임금;zdnet.co.kr;정책,https://zdnet.co.kr/view/?no=20260605110408,"[기고] 韓 반도체 슈퍼사이클, AI 생태계로 이어야 산다",zdnet.co.kr,갈등_구도,중립적,정부,"'[기고] 韓 반도체 슈퍼사이클, AI 생태계로 이어야 산다' 기사에서 zdnet.co.kr가 어떤 주체와 강조점을 전면에 두는지 기준으로 생성한 mock 태깅 결과입니다.","2026년 한국 경제의 가장 밝은 지표는 단연 반도체다. 고대역폭메모리(HBM)를 앞세운 메모리 슈퍼사이클은 삼성전자와 SK하이닉스의 실적을 사상 최고 수준으로 끌어올렸다. 초과세수가 거론되고 정치권에선 초과이익 공유가 다시 의제로 떠올랐다. 호황의 과실을 어떻게 나눌 것인가란 질문엔 위험한 사각지대가 있다. 거시경제 측면에서 보면 반도체 호황은 경상수지의 한쪽 면일 뿐이다. 반대편에선 조용하지만 구조적인 적자가 커지고 있다. 한국은행 통계에 따르면 작년 지식서비스 무역수지 적자는 약 102억 5000만 달러로, 전년보다 30% 가까이 확대됐다. 이는 역대 네 번째로 큰 규모다. 온라인 동영상 서비스(OTT), 인공지능(AI) 구독료 등이 적자의 주범이었다. AI 에이전트 시대가 본격화되기도 전에 이미 지능의 대가를 해외에 치르며 적자를 키워 온 셈이다. 멀티 에이전트 시대가 본격화되면 토큰 소비는 폭증한다. 단발성 질의응답이 아니라, 에이전트가 또 다른 에이전트를 호출하고 추론을 반복하며 일을 처리하는 구조로 넘어가기 때문이다. 한 번의 사용자 요청이 수십수백 번의 모델 호출로 증폭된다. 기존 소프트웨어 수입이 사용자 수에 비례해 선형으로 늘었다면 에이전트 경제의 토큰 소비는 에이전트가 에이전트를 부르며 복리로 증식한다. 더 결정적인 문제는 우리가 소비하는 토큰 대부분이 외산 모델과 외산 클라우드 위에서 발생한다는 점이다. 결제 통화는 달러이고 청구서 수취인은 해외 사업자다. 여기서 우리나라가 처한 비대칭 본질이 드러난다. 반도체는 한 번 팔면 끝나는 재고지만 AI 서비스는 매달 청구서가 날아오는 구독이다. 우리가 받은 대금은 일회성이고 우리가 치르는 비용은 영속적이다. 가치는 지금 그릇에서 내용물로, 하드웨어에서 그 위에 얹힌 지능으로 이동하는 중인데 우린 가장 무겁고 마진 얇은 층을 지키며 가장 가볍고 마진이 두꺼워질 층을 내주고 있다. 이 비대칭은 곧 악순환의 엔진이 된다. 이미 적자인 지식서비스수지가 토큰 소비 곡선을 따라 가파르게 확대되면 반도체 흑자가 떠받치던 경상수지의 균형은 흔들린다. 경상수지가 적자로 기울면 원화는 약세로 간다. 환율이 오르면 달러로 청구되는 AI 사용료의 원화 부담은 더 커진다. 부담이 커진 만큼 적자는 더 벌어지고 적자는 다시 환율을 밀어 올린다. 한번 돌기 시작하면 멈추기 어려운 순환이다. 반도체 흑자와 AI 서비스 적자는 별개 장부가 아니라 하나의 국제수지 안에서 상쇄되는 항목이다. 반도체로 아무리 많이 벌어도 그 돈이 토큰 청구서로 고스란히 빠져나간다면 국가 전체 부(富)는 늘지 않는다. 지금 초과이익·초과세수 논의는 부분균형의 시야에 갇혀 있다. 반도체란 한 부문 이익에만 초점을 맞추고 그 이익을 어떻게 거두어 어떻게 재분배할 것인가를 따진다. 국가 전체의 일반균형으로 시야를 넓히면 그림은 달라진다. 반도체가 벌어들인 흑자가 결국 AI 서비스 적자를 메우는 데 소진된다면 우리가 나누자고 다투는 초과이익은 회계상의 착시에 가깝다. 더 위험한 것은 시점 불일치다. 반도체 흑자는 사이클을 탄다. 슈퍼사이클은 언젠가 반드시 꺾이지만 토큰 적자는 구조적이다. 초과이익을 거둬 소비로 재분배하는 방식은 그 순간 분배 정의에 기여할지 몰라도 적자 구조 자체를 바꾸지는 못한다. 오히려 호황기에 마련해야 할 구조 전환의 골든타임을 흘려보내는 비용이 될 수 있다. 진짜 질문은 누가 얼마를 가져갈 것인가가 아니라 이 흑자를 어디에 심어야 다가오는 적자 구조를 끊어낼 것인가다. 미중 패권 경쟁은 본질적으로 AI 생태계 패권 경쟁으로 흘러가고 있다. 모델과 데이터, 칩, 그 위에서 굴러가는 소프트웨어와 에이전트 경제 전체가 전장이다. 이 경쟁에서 한국이 미국·중국에 이어 3대 강국 자리를 노린다면 메모리 반도체란 하드웨어 레버리지를 무기로 삼아야 한다. AI 인프라 병목이 메모리에 걸려 있는 한 우리나라는 협상 테이블에서 결코 작은 플레이어가 아니다. 다만 이 레버리지엔 유효기간이 있다. 메모리 우위는 영구 자산이 아니다. 중국의 추격과 아키텍처 변화 속에서 협상력은 점점 줄어들 수 있다. 한국은 하드웨어 분야에서 세계 최정상이지만 소프트웨어 존재감은 옅다. IDC의 2025년 추산에 따르면 국산 서비스형 소프트웨어(SaaS) 시장 규모는 약 2조 5500억원으로, 글로벌 시장의 0.35%(약 723조원)에 그친다. 세계 메모리 시장 점유율과 비교하면 거의 100배에 달하는 비대칭이다. 0.35%는 매출 규모가 아니라 표준의 부재다. 모델 컨텍스트 프로토콜(MCP)을 비롯한 에이전트 프로토콜, 플랫폼 계층, 데이터 인터페이스 계층을 누가 쥐느냐가 앞으로 수십 년의 지대를 결정한다. 표준을 쥔 자가 토큰 흐름을 설계하고 그 흐름 위에서 항구적인 임대료를 거둔다. 소프트웨어 경쟁력을 갖지 못하면 영원히 남이 설계한 토큰 경제 위에서 사용료만 치르는 순수입국으로 남는다. 하드웨어 레버리지를 소프트웨어 경쟁력을 키우는 지렛대로 전환해야 하는 이유다. 반도체에서 번 자본과 협상력을 AI 모델·플랫폼·SaaS·에이전트 생태계란 소프트웨어 자산으로 옮겨야 한다. 여기서 삼성전자와 SK하이닉스 역할을 다시 정의할 수 있다. 두 기업이 호황의 성과를 한국 AI 생태계에 기여하는 것이야말로 진정한 의미의 초과이익 공유라고 본다. 이때 공유는 세금으로 거둬 흩뿌리는...",mock
AI 반도체 초과이익 재분배 / 사회연대임금,AI 반도체 초과이익 재분배 / 사회연대임금 관련 세부 쟁점,AI 반도체 초과이익 재분배 / 사회연대임금;hani.co.kr;정책,https://www.hani.co.kr/arti/opinion/column/1261991.html,"반도체·AI 호황, 축복인가 또다른 편중인가 [아침햇발]",hani.co.kr,갈등_구도,중립적,정부,"'반도체·AI 호황, 축복인가 또다른 편중인가 [아침햇발]' 기사에서 hani.co.kr가 어떤 주체와 강조점을 전면에 두는지 기준으로 생성한 mock 태깅 결과입니다.","박현 논설위원 자산가격 상승세가 심상치 않다. 불과 1년 전 2000대에서 맴돌던 코스피는 9000선을 바라보고, 수도권 아파트값도 지역에 따라 상승률 연 10%를 웃돈다. 우량주와 수도권 주택을 보유한 이들은 자산가치 상승의 수혜를 누리는 반면, 그렇지 못한 이들은 상대적 박탈감에 직면해 있다. 여기에 반도체 기업들의 수억대 성과급까지 더해지면서 자산가격 오름세는 더 이어질 가능성도 적지 않다. 삼성전자와 에스케이(SK)하이닉스의 성과급은 올해만 50조원을 웃돌 전망이다. 세후 기준으로도 30조원 이상이 시장에 풀릴 수 있다. 상당 부분이 주식과 수도권 부동산으로 유입될 가능성이 높다. 증시로의 자금 유입은 기업가치 상승과 소비 확대를 통해 경제 전반에 긍정적 파급효과를 낳을 수 있지만, 주택시장은 사정이 다르다. 공급이 제한된 상황에서 대규모 유동성이 유입되면 가격 상승 압력은 더욱 커질 수밖에 없다. 이는 무주택 서민·중산층의 주거 부담을 한층 가중시키는 요인으로 작용한다. 삼전·닉스 직원들의 통근 셔틀버스가 다니는 이른바 ‘셔세권’ 아파트값이 들썩이는 게 징후일 수 있다. 한국이 인공지능(AI) 초호황의 수혜국으로 부상한 것은 모두가 축하할 일이다. 관련 기업과 종사자는 임금과 자산가치 상승의 혜택을 누리고, 올해 성장률도 기존 2%에서 2.5~3%로 상향되는 등 거시지표도 확연히 개선되고 있다. 특히 추락하던 잠재성장률을 반전시킬 계기가 마련됐다는 점에서 의미가 크다. 그러나 이런 기회가 자동으로 사회 전체의 후생으로 이어지지는 않는다. 단기적으로는 수도권 주민들의 주거 여건 악화, 중장기적으로는 인공지능·로봇 확산에 따른 고용 불안이 동시에 커질 수 있다. 주거와 일자리라는 삶의 두 축이 흔들리면 사회적 불안정성은 확대될 수밖에 없다. 흔히 석유 부국을 일컫는 데 ‘자원의 저주’라는 용어가 사용된다. 중동과 남미 산유국은 막대한 자원을 보유하고도 부의 편중과 부패가 판치는 정실 자본주의의 전형을 보이는 경우가 많은 탓이다. 소수 특권층이 석유 이권을 쥐고 이익을 독식하면서 경제 전반의 균형이 무너지고, 이는 결국 정치·사회적 불안으로 이어졌다. 인공지능 시대 반도체는 ‘21세기의 석유’다. 반도체 등 인공지능 수혜 기업이 높은 진입장벽과 기술 우위를 바탕으로 이익을 독점하고, 그 성과가 사회 전체로 확산되지 못하면 자산 버블과 격차 확대를 초래할 수 있다. 격차 확대는 포퓰리즘을 낳고 민주주의를 흔든다. 미국은 셰일가스 호황과 인공지능 성장 속에서 불평등이 1930년대 대공황 당시 수준으로 확대됐고, 이는 정치적 양극화와 포퓰리즘의 토양이 됐다. 도널드 트럼프라는 희대의 포퓰리스트가 두차례나 정권을 거머쥔 것도 이런 배경에서다. 반대로, 적절한 제도 설계를 통해 초과이윤을 사회 전체의 자산으로 전환함으로써 ‘자원의 축복’을 실현한 나라도 있다. 노르웨이는 석유 수익을 국부펀드로 축적해 미래세대를 위한 투자 재원으로 활용하며 잘 작동되는 민주주의 체제를 유지하고 있다. 핵심은 제도 설계다. 우리는 우리에게 맞는 해법을 찾아야 한다. 선택지는 다양하게 존재한다. 초과이윤에 한정한 추가 과세, 로봇세나 컴퓨트(연산능력)세와 같은 새로운 세제 도입이 한 축이다. 다만 기업의 조세 회피 유인을 자극하거나 재정 집행 과정에서 비효율이 발생할 수 있다. 다른 접근은 지분 보유 방식이다. 국부펀드를 통해 인공지능 관련 기업에 투자하거나, 국민이 해당 기업 지분을 보유하도록 장려해 성장의 과실을 보다 직접적으로 배분하는 것이다. 다소 급진적으로 보이나, 과세를 통한 재분배와 본질적으로 유사한 효과를 낸다. 퇴직연금 등을 통해 상당수 국민이 관련 기업 지분을 보유하고 있다는 점을 고려하면 그리 낯선 방안도 아니다. 최근 정부 내에서도 다양한 방안이 제기되고 있다. 구윤철 부총리와 박홍근 기획예산처 장관, 김정관 산업통상부 장관은 생산적 재투자에, 김영훈 고용노동부 장관은 사회연대임금에 주안점을 둬야 한다고 했다. 결국 이재명 대통령이 중심이 돼서 인공지능 시대 초과이윤 활용 방식에 대한 큰 방향을 잡아나가야 한다. 중요한 것은 어느 한쪽에 치우치기보다, 성장과 분배의 선순환을 구현할 수 있는 균형 잡힌 조합이다. 인공지능 초과이윤을 노동자 성과급과 주주 배당에 머물게 하지 않고, 미래 투자와 사회적 환원으로 연결하는 정책 패키지를 서둘러 구체화해야 한다.",failed
AI 반도체 초과이익 재분배 / 사회연대임금,노동부 장관의 반도체 초과이익 재분배 제안 비판,초과이익 재분배;사회연대임금;노동부 장관;정책 비판;시장경제,https://news.google.com/rss/articles/CBMiVkFVX3lxTE9EN3pQOXIxbUx4V0hCZUNPczQ3LXpzQ2MtNzNrTEh4bXh3ekdXU2RBNFBDbG42bVZBS2ZmbzRodVFzZlZnWEJIbWIyMXFWTFRiQV9lUHhB?oc=5&hl=en-US&gl=US&ceid=US:en,[사설] 반도체 ‘초과이익’ 분배하자는 노동부 장관 - 중앙일보,중앙일보,시장경제_원칙,부정적,중앙일보_사설,중앙일보 사설이 노동부 장관의 반도체 초과이익 재분배 제안에 대해 시장경제 원칙에 어긋난다는 비판적 입장을 표명한다.,[사설] 반도체 ‘초과이익’ 분배하자는 노동부 장관 중앙일보,partial
AI 반도체 초과이익 재분배 / 사회연대임금,반도체 초과세수 활용 방안 및 입법 논의,반도체 초과세수;국민배당금;재분배;입법 논의;정책 논란,https://news.google.com/rss/articles/CBMiXkFVX3lxTE1aWVhNVHFCaHdtejV5WFJOM1NHd0pXcXJEdklka2RNTWZKMDg1Y3hFMDNmVTBlSDlhc2pvUlY0MmQwSXAxR2w4dUlBUkhQX2RCY2h2aFROa0FOTE95UlE?oc=5&hl=en-US&gl=US&ceid=US:en,"반도체 초과세수 논란 ""국민배당금? 현 구조상 못쓴다..입법 논의해야"" - YTN",YTN,재분배_필요,중립적,정책 관계자,"이 기사는 반도체 초과세수를 국민배당금으로 활용하는 방안에 대한 논란과 현 구조적 한계, 그리고 입법 논의의 필요성을 중립적으로 보도하고 있다.","반도체 초과세수 논란 ""국민배당금? 현 구조상 못쓴다..입법 논의해야"" YTN",partial
AI 반도체 초과이익 재분배 / 사회연대임금,반도체 초과이익 국민 배당 제안,반도체 이익;국민 배당;이익 재분배;김용범,https://news.google.com/rss/articles/CBMigwFBVV95cUxONDdBUGJoWlkyaVhUdkZFNGdlS2xob05RSkdsbnJrdGR3WGZZQWJNejhvNmRPS0xrY0I5LXhPZGg2amxkSDRyVllwQjN1ZkpISThEU3BLNkhyLVJzU0RNa1NpWlNlYy0zckR2T2ozcW5Kbl9kSzFOYWNjWXp3OXhuVHp6WQ?oc=5&hl=en-US&gl=US&ceid=US:en,반도체 이익 ‘국민 배당’ 띄운 김용범 - 조선일보,조선일보,재분배_필요,중립적,김용범 (정치인/정책 제안자),"기사는 반도체 이익의 국민 배당 제안을 소개하며, 이는 초과 이익의 재분배 필요성을 다루는 것으로 해석된다.",반도체 이익 ‘국민 배당’ 띄운 김용범 조선일보,partial
AI 반도체 초과이익 재분배 / 사회연대임금,반도체 초과이익 재분배 정책의 부작용 우려,AI 반도체 초과이익 재분배;국민배당금;기업경쟁력;정책비판,https://news.google.com/rss/articles/CBMijgFBVV95cUxOMkxxdElfcjZfdkRsSzNDZWV2bW5Kem5XTTRnTk9uZEt5RXU1V1paaWxfeWN1TWtMNzRVQVE0RS1wVmFqcHo2VlNpWGZndlZuS1ZLb0l4cFF1QjVnNWtRTGpJT1ZyYXVSMzhQUmRmR21WVE9YNm10TWx1Z0N1aXlsTEdfZFh3dUs4VkxwUnJB?oc=5&hl=en-US&gl=US&ceid=US:en,[사설] 반도체 국민배당금 ‘거위의 배’를 가르자는 것인가 - 국제신문,국제신문,포퓰리즘_비판,부정적,언론사,이 사설은 '반도체 국민배당금' 정책을 '거위의 배를 가르는 행위'에 비유하며 기업의 부담과 경제적 부작용을 우려하고 포퓰리즘적 정책으로 비판한다.,[사설] 반도체 국민배당금 ‘거위의 배’를 가르자는 것인가 국제신문,partial
AI 반도체 초과이익 재분배 / 사회연대임금,AI 초과이익 국민 재분배 논의,AI 이익 재분배;배당국가;초과이익;국민배당;청와대 정책,https://news.google.com/rss/articles/CBMiT0FVX3lxTE0tUkdLQlBFSjJyRU00RXdua2JtbFBEM2NyT0JvMjJUZkNJRGNEWThZTVNEUGFEbkRYZWk5QzVSNTRuODEtTlVxQkVCMjBvVkU?oc=5&hl=en-US&gl=US&ceid=US:en,"“삼성·SK가 번 AI 돈, 국민도 나눠 갖나”… 청와대가 꺼낸 ‘배당국가’ 실험 - v.daum.net",v.daum.net,재분배_필요,중립적,청와대,"The article introduces the concept of a 'dividend state' and the idea of redistributing AI-generated profits to the public, presented as a policy discussion initiated by the 청와대.","“삼성·SK가 번 AI 돈, 국민도 나눠 갖나”… 청와대가 꺼낸 ‘배당국가’ 실험 v.daum.net",partial
AI 반도체 초과이익 재분배 / 사회연대임금,AI 반도체 초과이익 재분배 / 사회연대임금 관련 세부 쟁점,AI 반도체 초과이익 재분배 / 사회연대임금;mk.co.kr;정책,https://www.mk.co.kr/article/12060939,반도체 ‘잭팟’…행복의 나라?- 매경ECONOMY,mk.co.kr,갈등_구도,중립적,정부,'반도체 ‘잭팟’…행복의 나라?- 매경ECONOMY' 기사에서 mk.co.kr가 어떤 주체와 강조점을 전면에 두는지 기준으로 생성한 mock 태깅 결과입니다.,"삼성전자 임금협상 잠정합의안이 최종 가결됐지만, 삼성은 물론 산업계와 우리 사회는 값비싼 청구서를 받아들게 됐다. 삼성 내부에서는 반도체와 비(非)반도체 간 대립과 반목이 극에 달했다. 노조와 노조, 직원과 주주 사이 균열도 한꺼번에 드러났다. 오늘날 삼성을 일군 성과주의 원칙과 사업부 간 견제와 균형 등 경영 원칙이 훼손됐다는 지적도 거세다. 재계 기준점 역할을 해온 삼성전자가 ‘영업이익 N% 성과급’을 받아들인 것을 산업계는 예사롭지 않은 시선으로 바라본다. 일각에서는 제조업 보상 체계 변곡점으로 기록될 가능성을 점친다. 노동 시장 전체 임금 기대 수준을 올릴 수 있단 우려도 나온다. 천문학적인 반도체 이익 분배 방식을 두고 사회 각계는 논쟁이 가열된다. 기록적인 호황의 과실이 일부 산업과 직군에 집중되지만, 고환율·고금리·고물가 부담은 국민 경제 전체가 짊어져서다. 삼성 성과급 갈등이 쏘아올린 청구서 내역을 들여다본다. AI 호황 덮친 ‘성과급의 난’ “내 몫부터”…분배 갈등 시대 1인당 6억~7억원에 달하는 삼성전자 반도체 부문(DS) 성과급 파장이 산업계는 물론 우리 사회를 흔들고 있다. 영업이익 일정 비율을 성과급으로 나눠주기 시작한 것은 SK하이닉스였지만, 재계 ‘룰 세터(설계자)’ 역할을 해오던 삼성전자마저 ‘영업이익 N% 성과급’을 받아들인 파장은 전 산업계를 집어삼킬 조짐이다. 반도체 초호황에 따른 천문학적인 이익의 분배 방식과 크기에 대한 논쟁은 사회 각계로 확산하고 있다. 삼성과 노조의 성과급 합의안은 파업 못지않은 값비싼 청구서를 한국 사회에 요구할 것으로 전문가들은 진단한다. 지난 5월 27일 삼성전자 임금협상 잠정합의안이 최종 가결됐다. 이번 합의안은 반도체 부문에 영업이익 10.5%를 재원으로 하는 특별경영성과급을 신설하고 기존 OPI(초과이익성과급) 재원도 EVA(경제적 부가가치)에서 영업이익 10%로 바꾸는 내용을 담았다. 올해 삼성전자 영업이익을 300조원으로 가정하면 메모리사업부 직원은 특별경영성과급과 OPI를 합쳐 최대 6억원 안팎을 받는다. DX 부문은 600만원 상당 자사주에 그칠 가능성이 높다. 잠정 합의안을 두고는 내부 균열을 확인한 결과에 가깝다는 시각이 많다. 삼성전자 노조 공동교섭본부에 따르면, 찬반투표 결과 전체 찬성률은 73.7%에 달했지만, 반도체 DS 부문과 완제품 DX 부문 표심은 정반대로 갈렸다. 반도체 조합원이 다수인 초기업노조에서는 찬성률이 80.6%에 달한 반면, DX 부문 비중이 높은 전국삼성전자노동조합(전삼노) 찬성률은 21.1%에 그쳤다. DX 부문 중심 동행노조가 별도로 진행한 자체 투표에서도 반대 8909표, 찬성 47표가 나온 것으로 알려졌다. 이번 갈등은 오늘날 삼성을 일군 ‘삼성 DNA’의 균열을 드러냈다. 과거 삼성은 무노조 경영, 철저한 성과주의, 사업부 간 경쟁과 협업 체계를 통해 고도 성장을 일궜고, 산업계 표준적인 성장 공식으로 자리 잡았다는 게 대체적인 평가다. 성과급 합의 과정에서 반도체·비(非)반도체 부문 간 갈등이 극에 달해 훼손된 조직문화를 단기간 재건하기 쉽지 않을 것이란 우려가 팽배하다. 특히, 삼성전자는 종합반도체 기업으로 DX 부문 등 완제품 사업에서 창출되는 현금흐름이 반도체 불황기 설비투자 재원이 됐다는 데 이견이 없다. 이는 반도체 부문이 벌어들일 천문학적 영업이익이 반도체사업부 직원만의 성과로 볼 수 있는지에 대한 논란으로 확산한다. 서로 현금흐름 사이클이 다른 이종(異種) 산업 간 결합으로 상당한 시너지를 누린 삼성전자였기에 이번 노노(勞勞) 갈등이 큰 충격과 후유증을 남길 것이란 우려가 나온다. 삼성 성과급 갈등은 대기업 전반의 보상 기준 논의로 확산하는 분위기다. 소수 초호황 기업의 막대한 성과급은 공정성 논쟁과 사회적 비교 심리를 자극하고 노동 시장 전체 임금 기대 수준을 끌어올릴 가능성이 있다. 임금 기대 상승이 기업 비용 부담을 키우고 비용 증가가 다시 물가 상승 압력으로 번지는 ‘임금·물가 상승 악순환’ 우려가 나오는 배경이다. 비(非)반도체 업종 종사자의 박탈감 등 통계에 드러나지 않는 부정적 외부효과도 상당할 전망이다. 익명을 원한 경제연구소 연구원은 “성과급은 기업별 업황, 이익 구조, 자본집약도, 투자 사이클을 반영하는 매우 특수한 보상”이라며 “초호황 기업 사례가 반복 노출되면, 예외적 성과급이 전체 노동 시장의 정상 보상 기준처럼 받아들여지는 현상이 확산하면서 노동 시장 전체 기대 수준이 왜곡될 수 있다”고 우려했다. 미래 재원, 현재 보상으로 지급 제조업 장기 경쟁력 훼손 우려 특히, 한국처럼 제조업 기반 국가에서 영업이익 연동 성과급이 산업계 전반으로 확산할 경우, 단기 보상과 장기 경쟁력 간 긴장이 커질 수밖에 없다. 호황기마다 영업이익 고정 비율이 성과급 재원으로 먼저 빠져나가면 내부 유보와 투자 재원으로 남을 몫이 그만큼 줄어든다. 미래 투자 여력을 현재 보상으로 앞당겨 쓰는 우를 범할 수 있다는 우려가 나오는 이유다. 오지윤 명지대 경상통계학부 교수는 “반도체는 첨단공정에서 먼저 생산량을 확보한 기업이 학습 곡선을 타고 비용 우위를 잡는다”며 “선도투자를 놓치면 구조적 경쟁력 상실로 이어질 수 있다”고 지적했다. ‘초귀족 노조’ 출현을 우려하는 목소리도 높다. 고임금 노동자라는 이유로 단체교섭권과 정당한 성과 공유 요구가...",mock
AI 반도체 초과이익 재분배 / 사회연대임금,AI 반도체 초과이익 재분배 / 사회연대임금 관련 세부 쟁점,AI 반도체 초과이익 재분배 / 사회연대임금;segye.com;정책,https://www.segye.com/newsView/20260531508041?OutUrl=naver,초과이익 분배 논란 확산에… 기업 투자 경쟁력 약화 위기감 [뉴스 투데이],segye.com,갈등_구도,중립적,정부,'초과이익 분배 논란 확산에… 기업 투자 경쟁력 약화 위기감 [뉴스 투데이]' 기사에서 segye.com가 어떤 주체와 강조점을 전면에 두는지 기준으로 생성한 mock 태깅 결과입니다.,"노조들 요구에 “주주 권리 침해” “성과급, 현금보다 주식” 권고도 김정관 “생산적 재투자에 쓸 시기” 김영훈 “원청에만 이익 배분 문제” 사회적 재분배 놓고 부처간 엇박자 일각 “투자자 고려 국제기준 검토” 한국경영자총협회(경총)가 잇따른 노동조합의 기업 이익 배분 요구와 관련한 문제점을 지적하고, 김정관 산업통상부 장관이 ‘초과이익의 재투자’ 필요성을 언급한 것은 글로벌 시장 주도권 및 기술 경쟁이 격화하는 상황에서 투자 여력 등 국내 기업들의 경쟁력 약화를 막아야 한다는 위기감과 무관치 않아 보인다. 주요 대기업 노조의 ‘영업이익 N% 성과급 제도화’ 요구나 사회적 재분배 논란 차단과 함께 기업의 초과이윤을 미래 기술 선점 등 경쟁력 강화를 위해 써야 한다는 공감대에 따른 것으로 풀이된다. ◆경영계 권고와 산업부 장관의 호소 경총은 31일 회원사에 전달한 경영계 특별권고를 통해 노조의 영업이익 직접 배분 요구가 고유한 경영 판단이자 주주 권리를 침해하는 행위임을 명확히 했다. 최근 주요 대기업 노조가 성과급 산정 기준을 단체협약에 명문화하려는 움직임에 제동을 건 것이다. 앞서 SK하이닉스의 거액 성과급에 자극받은 삼성전자 노조가 ‘총파업 카드’로 사실상 ‘영업이익 연동형’ 보상 체계를 이끌어낸 후 자동차·조선·정보통신기술(ICT) 대기업 노조를 중심으로 ‘영업익 N%’ 성과급 요구가 확산하고 있다. 너도나도 “성과급 기준을 삼성전자와 SK하이닉스와 같게 해 달라”며 목소리를 높이고 있다. 이와 관련, 경총은 기업 이익의 배분 기준을 제도화하는 것은 기업의 고유한 경영 판단에 해당해 단체교섭 대상이 될 수 없다고 못 박았다. 노조법상 의무적 단체교섭 대상은 임금·근로시간·복지·해고 등 근로조건에 한정되는데, 이익 배분은 임금도 복지도 아니라는 논리다. 경총은 노조의 이익 배분 요구가 처음 제기된 시점부터 단체교섭 대상이 아님을 분명히 밝혀야 한다고 회원사들에 주문했다. 아울러 노조가 영업이익 등을 미리 나눠주도록 요구하는 건 자본시장 원칙과 국제 표준에도 맞지 않는다고 지적했다. 기업의 이익에는 주주를 비롯한 투자자의 자본 기여분이 포함된 만큼 주주 권리를 제약하는 결과로 이어질 수 있다는 것이다. 경총은 해외 글로벌 기업에서도 이익의 일정 비율을 근로자에게 배분하기로 사전 약정하는 제도를 두는 경우는 찾아보기 어렵다고 덧붙였다. 그러면서 성과급 제도 운영 원칙을 제시했다. 성과급은 단기 실적에 매몰되지 않고 중장기 투자계획과 기업 유동성 등을 종합적으로 고려해 결정하되, 근로자 생산성 향상과 기업 성과 창출을 유인하는 보상 수단으로 활용해야 한다는 것이다. 경총은 단기적 현금 위주 보상보다 조건부 주식보상 등 회사와 근로자 이익을 중장기적으로 일치시키는 방향이 바람직하다고 권고했다. 경총 관계자는 “기업 이익의 활용 방안은 노조와의 교섭이 아닌 경영 판단에 따라 결정·운영돼야 한다”며 “이번 권고를 토대로 회원사들이 원칙에 입각해 대응해 줄 것을 당부한다”고 말했다. 김정관 장관이 삼성전자 초과이익에 대해 노조 성과금 배분보다 ‘생산적 재투자’가 필요하다고 호소한 것도 비슷한 맥락이다. 그는 지난 29일 페이스북에 “지금은 대한민국 대도약을 위한 투자 골든타임”이라며 “인공지능(AI) 호황을 전략적으로 활용해 대한민국의 산업 대도약의 성장 엔진을 확보해야 한다”고 강조했다. 앞서 김영훈 고용노동부 장관이 대기업의 초과이익을 사회적으로 재분배해야 한다고 불을 지피자 산업부 장관이 진화에 나선 모양새다. 김영훈 장관은 27일 출입기자 간담회에서 “삼성전자 노사 성과급 합의를 계기로 기업의 초과이익에 대한 사회적 재분배 방안을 논의하는 토론회를 개최하겠다”면서 “오늘날 삼성전자의 성공은 해당 노사의 헌신적 노력에 더해 국가, 지역, 사회의 노력이 합쳐진 것”이라며 사회적 재분배 방안에 대한 각계 전문가들의 지혜를 모아달라고 요청했다. 하지만 김정관 장관은 “AI 시대의 승부는 압도적인 속도와 규모에서 갈린다. 단 한 번의 투자 실기조차 산업 생태계를 붕괴시키고, 우리 기업들을 회복하기 어려운 패자의 길로 내몰 수 있다”며 “기업 이익 활용의 최우선 원칙은 ‘생산적 재투자’여야 한다”고 김영훈 장관과 결이 다른 목소리를 냈다. 조동근 명지대 경제학과 명예교수는 “(상장기업의 초과이익을 어떻게 배분할지는) 상법에 따라 주총에서 결정하면 되고, 주주의 판단에 따라 재투자가 필요하면 그렇게 결정하는 것이 시장 원리”라고 말했다. ◆초과이익 공유 논란 이어질 듯 그럼에도 초과이익 배분을 둘러싼 찬반 논란은 쉽게 가라앉지 않을 전망이다. 삼성전자와 SK하이닉스 구성원들이 막대한 성과급을 받는 것과 관련해 정부 지원과 공공 인프라의 혜택을 본 기업들의 엄청난 이익을 해당 기업 임직원들의 주머니에만 몰아주는 것에 대한 문제의식이 작지 않아서다. 김영훈 장관도 “초과이익의 공유가 원청 정규직에만 한정되는 게 옳은 것인지, 원·하청 동반성장의 길은 없는 것인지가 저의 문제의식”이라고 했다. 김성희 고려대 노동대학원 교수 역시 “(삼성전자와 SK하이닉스의 막대한 이익은 반도체 산업 발전에) 전력망 등 많은 국가 자원이 한곳에 쏠린 (덕도 본) 만큼 사회적 재투자 관점에서 하청 업체 및 노동자에게도 (초과이익이) 배분돼야 한다”고 했다. 다만 정부 의도가 불분명하다는 지적도 나온다....",mock
AI 반도체 초과이익 재분배 / 사회연대임금,노동장관의 AI 반도체 초과이윤 사회적 재분배 및 사회연대임금 제안 논란,초과이윤;사회연대임금;재분배;기업투자;정부개입,https://www.newsis.com/view/NISX20260530_0003650331,노동장관이 띄운 '초과이윤' 배분 논란…사회적 대화로 풀릴까,newsis.com,갈등_구도,중립적,노동장관,이 기사는 노동장관이 제안한 AI 반도체 초과이윤 재분배 및 사회연대임금에 대한 정부 내외의 다양한 찬반 의견과 논란을 중립적으로 보도하고 있다.,"노동장관이 띄운 '초과이윤' 배분 논란…사회적 대화로 풀릴까 김영훈 노동장관, 삼성전자 합의 후 '사회연대임금' 토론 제안 '초과이윤 사회적 재분배'…'반도체는 공공재' 발언 두고 논란 야권 ""거위 배 가르기"" 강력 비판…산업장관도 ""재투자 우선"" 靑은 공론화 필요성 언급…노동부, 내달 1일 토론회 잠정 연기 전문가들 ""논의 자체는 필요하지만 정부 역할·표현 신중해야"" [서울=뉴시스] 고홍주 기자 = 삼성전자 노사 갈등에서 출발한 '초과이윤' 배분을 둘러싼 논란이 확산하고 있다. 김영훈 고용노동부 장관이 반도체를 '공공재'로 표현하며 한국형 사회연대임금 논의를 제안한 데 대해 야권을 중심으로 '거위 배 가르기'라며 반발하고 있고, 여기에 김정관 산업통상부 장관도 ""반도체 산업의 이윤은 미래를 위한 생산적 재투자로 연결해야 한다""고 반박하면서 정부 내 시각차도 불거지는 모습이다. 31일 고용노동부에 따르면 정부는 내달 가칭 '한국형 사회연대임금 정책 가능성 모색에 관한 토론회'를 개최할 예정이다. ""반도체는 공공재""…靑은 공론화, 야권은 반발 또 개별 기업 노사 합의에 정부가 지나치게 개입한 것 아니냐는 지적에 대해서도 ""삼성전자는 사기업이지만 인공지능(AI) 시대를 살아가는 우리에게 반도체는 이미 공공재가 됐다""고 했다. 이어 ""삼성전자에 투여된 자본 속에는 세금이 있고, 국민 10명 중 1명이 주주일 정도로 국민기업이며 전력과 용수도 투입이 됐다""며 ""정부가 마땅히 주요 사업장에 대한 중재 노력을 기울였어야 한다고 생각한다""고 강조했다. 이 같은 발언이 보도되자 곧장 논란이 이어졌다. 특히 야권은 정부가 기업 이익 배분에 개입하려는 것 아니냐며 '거위 배 가르기'라고 비판하고 나섰다. 송언석 국민의힘 원내대표는 29일 기자간담회에서 ""경쟁국들은 정부와 기업이 한 몸이 돼 최첨단 산업의 연구개발과 시설 투자를 위한 금융·세제·재정 지원 등에 올인하는데, 이 정부는 철 지난 낡은 이념에 사로잡혀 거위의 배를 가르겠다고 팔을 걷어붙이고 있는 꼴""이라고 했다. 청와대는 김 장관 발언에 대해 당장 선을 긋기보다 공론화 필요성에 동의하는 입장을 냈다. 강유정 청와대 수석대변인은 28일 브리핑에서 ""다양한 사회적 문제점, 그리고 앞으로 논의돼야 할 사회적 과제들이 제기된 만큼 우리 사회가 터놓고 논의해 봐야 할 문제라고 노동장관이 언급한 것 같다""면서 ""향후 토론회를 통해 다양한 공론화의 기회가 있었으면 좋겠다""고 밝혔다. 반면 산업정책을 담당하는 김정관 산업통상부 장관은 다른 결의 메시지를 냈다. 김 장관은 29일 자신의 페이스북에 ""지금은 대한민국 대도약을 위한 투자 골든타임""이라며 ""지금은 반도체 산업이 만들어내는 이윤을 미래를 위한 생산적 재투자로 연결해야 하는 절체 절명의 시간으로, 인공지능(AI) 호황을 전략적으로 활용해 대한민국의 산업 대도약의 성장 엔진을 확보해야 한다""고 강조했다. 노동부는 당초 6월 1일로 예정됐던 토론회를 잠정 연기한 상태다. 노동부는 ""보다 다양한 의견 수렴을 위해 개최 일정 등을 다시 조율 중""이라고 설명했으나, 사실상 6·3 지방선거를 앞두고 추가적인 논란 확산을 피하기 위한 것 아니냐는 해석이 제기된다. 여기에 내달 1~12일 스위스 제네바에서 열리는 국제노동기구(ILO) 총회 일정까지 겹치면서 토론회 개최는 6월 중순 이후로 밀릴 가능성도 거론된다. 과거 초과이익공유제 논란 재소환…초과세수 논란과도 겹쳐 당시에도 재계는 물론 정부 내부에서도 반대와 회의론이 거셌다. 초과이익의 기준이 불명확하고, 기업 이익을 사실상 외부에서 배분하려는 것 아니냐는 비판이 제기됐기 때문이다. 고(故) 이건희 삼성그룹 회장도 ""어릴 때부터 기업가 집안에서 자랐고 경제학 공부를 해왔으나 이익공유제라는 말은 들어보지도 못했고 이해도 안 가고 도무지 무슨 말인지를 모르겠다""며 ""도대체 누가 만들어낸 말인지, 사회주의 국가에서 쓰는 말인지, 자본주의 국가에서 쓰는 말인지, 공산주의 국가에서 쓰는 말인지 모르겠다""고 강하게 비판한 바 있다. 이후 '협력이익배분제'로 명칭이 완화됐으나, 법 제정을 통한 배분 방식 제도화보다는 기업 간 자율 약정과 정부 인센티브를 통한 확산 방식으로 흡수됐다. 이번 논란도 당시와 닮았다는 평가가 나온다. 김 장관이 '초과이익의 사회적 재분배', '반도체는 공공재', '한국형 사회연대임금'이라는 표현을 쓴 것도 논란을 키우는 촉매제가 됐다 여기에 김용범 대통령실 정책실장의 'AI 국민배당' 발언 논란도 다시 언급되고 있다. 김 실장은 11일 자신의 페이스북에 ""AI인프라 시대의 과실 일부는 전 국민에게 구조적으로 환원돼야 한다""는 글을 올렸다. 이를 두고 AI·반도체 호황으로 발생한 기업의 초과이윤을 정부가 국민에게 배당하려는 것 아니냐는 해석이 나왔다. 논란이 되자 이재명 대통령은 직접 13일 엑스(X·옛 트위터)에 ""김 실장이 한 말은 'AI 부문 초과이윤으로 발생하는 국가의 초과세수를 국민배당하는 방안 검토'였다""고 반박한 바 있다. 김 장관의 발언은 김 실장의 AI 국민배당 논란과 달리 국가 초과세수 활용이 아니라 협력업체나 비정규직 등 노동시장 내 배분 문제에 초점이 맞춰져 있다. 다만 두 논의 모두 AI·반도체 시대 초과성과의 사회적 환원을 언급한 만큼, 기업 이익을 정부가 환수·배분하려는 것 아니냐는 해석으로 이어지고...",ok
AI 반도체 초과이익 재분배 / 사회연대임금,AI 반도체 초과이익 재분배 / 사회연대임금 관련 세부 쟁점,AI 반도체 초과이익 재분배 / 사회연대임금;yna.co.kr;정책,https://www.yna.co.kr/view/AKR20260529099100003?input=1195m,반도체 초과이익 두고 노동장관 '분배'…산업장관은 '투자' | 연합뉴스,yna.co.kr,갈등_구도,중립적,정부,'반도체 초과이익 두고 노동장관 '분배'…산업장관은 '투자' | 연합뉴스' 기사에서 yna.co.kr가 어떤 주체와 강조점을 전면에 두는지 기준으로 생성한 mock 태깅 결과입니다.,"김정관 ""재투자로 연결해야 하는 절체절명의 시간"" 김영훈 ""사회적 재분배해야…대화 필요"" (서울=연합뉴스) 신창용 기자 = 총파업 직전까지 치달았던 삼성전자 사태를 계기로 촉발된 반도체 대기업의 초과이익 처분 문제를 두고 관련 부처 장관들 사이에서도 온도차가 감지되고 있다. 김영훈 고용노동부 장관이 대기업의 초과이익을 사회적으로 재분배해야 한다고 화두를 던지자 김정관 산업통상부 장관이 지금은 투자가 최우선이라고 규정했다. 김정관 장관은 29일 자신의 페이스북에 ""인공지능(AI) 시대의 승부는 압도적인 속도와 규모에서 갈린다""며 ""지금은 반도체 산업이 만들어내는 이윤을 미래를 위한 '생산적 재투자'로 연결해야 하는 절체절명의 시간""이라고 강조했다. 이어 ""단 한 번의 투자 실기조차 산업 생태계를 붕괴시키고, 우리 기업들을 회복하기 어려운 패자의 길로 내몰 수 있다""며 ""지금 필요한 것은 머뭇거림이 아니라 결단이며, 분산이 아니라 집중""이라고 지적했다. 김 장관이 이날 강조한 '생산적 재투자'는 김영훈 고용노동부 장관의 최근 발언에 대한 산업부 수장 차원의 의견 개진으로 풀이된다. 앞서 김영훈 장관은 이틀 전인 지난 27일 출입기자단 차담회에서 ""대기업의 초과이익을 어떻게 사회적으로 분배할 것인가에 대한 유일한 해법은 사회적 대화밖에 없다""며 내달 1일 노동부 주관 긴급토론회를 열 계획이라고 밝혔다. 이를 두고 정부가 대기업의 이윤을 뺏어 나눠주려는 것이 아니냐는 지적이 일자 김영훈 장관은 전날 자신의 페이스북에 ""정부는 기업의 정당한 이익에 강제적으로 관여할 권한도, 생각도 없다""고 밝혔다. 이날에는 한 유튜브 채널에 출연해 ""거위 배 가르기가 아니다""라며 ""양극화 해소, 기업경쟁력 제고라는 동반성장 제안""이라고 재차 반박했다. 그러면서 ""삼성전자는 이미 성과 인센티브(OPI) 제도가 있다""며 ""이런 성과 공유가 정규직, 원청으로 한정되는 것이 옳은가 하는 문제의식""이라고 설명했다. 김 장관은 ""노동부 입장에서 원하청 상생의 방법을 찾자고 제안하는 것""이라며 ""양극화를 해소하고 결국에는 기업경쟁력을 높이기 위한 것""이라고 강조했다. 정부 내에서 산업·노동 정책을 총괄하는 두 장관이 민간 기업의 이익 처분을 두고 결이 다른 메시지를 낸 것이다. 청와대는 공론화 필요성을 인정하고 있다. 강유정 청와대 수석대변인은 전날 브리핑에서 ""노동장관의 발언은 노동장관 입장에서 성과 배분의 필요성을 언급한 것""이라며 ""만약 산업부 장관이라면 그는 산업의 입장에서 기업의 초과 영업이익이나 이윤에 대해 말할 것""이라고 말했다. 그러면서 강 수석대변인은 ""청와대 역시 향후 토론회를 통해 다양한 공론화의 기회가 있었으면 좋겠다""고 밝혔다. changyong@yna.co.kr 제보는 카카오톡 okjebo <저작권자(c) 연합뉴스, 무단 전재-재배포, AI 학습 및 활용 금지> 2026/05/29 14:20 송고 2026년05월29일 14시20분 송고",mock
AI 반도체 초과이익 재분배 / 사회연대임금,AI 반도체 초과이익 재분배 / 사회연대임금 관련 세부 쟁점,AI 반도체 초과이익 재분배 / 사회연대임금;mbn.mk.co.kr;정책,http://mbn.mk.co.kr/pages/news/newsView.php?category=mbn00009&news_seq_no=5196674,"″초과이익 분배하자″…″아니, 투자해야지″ 엇갈린 두 장관",mbn.mk.co.kr,갈등_구도,중립적,정부,"'″초과이익 분배하자″…″아니, 투자해야지″ 엇갈린 두 장관' 기사에서 mbn.mk.co.kr가 어떤 주체와 강조점을 전면에 두는지 기준으로 생성한 mock 태깅 결과입니다.","총파업 직전까지 치달았던 삼성전자 사태를 계기로 반도체 대기업의 초과이익 처분 문제가 사회적 화두로 떠오르면서, 관련 부처 장관들 사이에서도 온도차가 감지되고 있습니다. 김영훈 고용노동부 장관은 대기업의 초과이익을 사회적으로 재분배해야 한다며 '사회적 토론' 필요성을 꺼내든 반면, 김정관 산업통상부 장관은 투자가 최우선이라고 역설했습니다. 김정관 장관은 오늘(29일) 자신의 페이스북에 ""인공지능(AI) 시대의 승부는 압도적인 속도와 규모에서 갈린다""며 ""지금은 반도체 산업이 만들어내는 이윤을 미래를 위한 '생산적 재투자'로 연결해야 하는 절체절명의 시간""이라고 강조했습니다. 이어 ""단 한 번의 투자 실기조차 산업 생태계를 붕괴시키고, 우리 기업들을 회복하기 어려운 패자의 길로 내몰 수 있다""며 ""지금 필요한 것은 머뭇거림이 아니라 결단이며, 분산이 아니라 집중""이라고 지적했습니다. 김 장관이 이날 강조한 '생산적 재투자'는 김영훈 고용노동부 장관의 최근 발언에 대한 산업부 수장 차원의 의견 개진으로 풀이됩니다. 앞서 김영훈 장관은 이틀 전인 지난 27일 출입기자단 차담회에서 ""대기업의 초과이익을 어떻게 사회적으로 분배할 것인가에 대한 유일한 해법은 사회적 대화밖에 없다""며 내달 1일 노동부 주관 긴급토론회를 열 계획이라고 밝혔습니다. 이를 두고 정부가 대기업의 이윤을 뺏어 나눠주려는 것이 아니냐는 지적이 일자 김영훈 장관은 전날 자신의 페이스북에 ""정부는 기업의 정당한 이익에 강제적으로 관여할 권한도, 생각도 없다""고 밝혔습니다. 이날에는 한 유튜브 채널에 출연해 ""거위 배 가르기가 아니다""라며 ""양극화 해소, 기업경쟁력 제고라는 동반성장 제안""이라고 재차 반박했습니다. 그러면서 ""삼성전자는 이미 성과 인센티브(OPI) 제도가 있다""며 ""이런 성과 공유가 정규직, 원청으로 한정되는 것이 옳은가 하는 문제의식""이라고 설명했습니다. 김 장관은 ""노동부 입장에서 원하청 상생의 방법을 찾자고 제안하는 것""이라며 ""양극화를 해소하고 결국에는 기업경쟁력을 높이기 위한 것""이라고 강조했습니다. 정부 내에서 산업·노동 정책을 총괄하는 두 장관이 민간 기업의 이익 처분을 두고 결이 다른 메시지를 낸 것입니다. 이에 대해 강유정 청와대 수석대변인은 전날 브리핑에서 ""노동장관의 발언은 노동장관 입장에서 그러면서 강 수석대변인은 ""청와대 역시 향후 토론회를 통해 다양한 공론화의 기회가 있었으면 좋겠다""고 밝혔습니다. [박예은 디지털뉴스부 인턴기자 press.parkk@gmail.com]",mock
AI 반도체 초과이익 재분배 / 사회연대임금,AI 반도체 초과이익 재분배 / 사회연대임금 관련 세부 쟁점,AI 반도체 초과이익 재분배 / 사회연대임금;busan.com;정책,https://www.busan.com/view/busan/view.php?code=2026052916155984738,"산업장관, 반도체 초과이익에 '미래 위한 재투자해야'",busan.com,갈등_구도,중립적,정부,"'산업장관, 반도체 초과이익에 '미래 위한 재투자해야'' 기사에서 busan.com가 어떤 주체와 강조점을 전면에 두는지 기준으로 생성한 mock 태깅 결과입니다.","산업장관, 반도체 초과이익에 ""미래 위한 재투자해야"" - 가 조경건 부산닷컴 기자 pressjkk@busan.com 김정관 ""재투자로 연결해야 하는 절체절명의 시간"" 반도체 대기업의 초과이익을 두고 관계 부처 장관들이 엇갈린 의견을 표명하고 있다. 김영훈 고용노동부 장관은 초과이익을 사회적으로 재분배해야 한다는 입장이지만, 김정관 산업통상부 장관은 투자가 최우선이라고 보고 있다. 김정관 장관은 29일 자신의 페이스북에 올린 글에서 ""인공지능(AI) 시대의 승부는 압도적인 속도와 규모에서 갈린다""며 ""지금은 반도체 산업이 만들어내는 이윤을 미래를 위한 '생산적 재투자'로 연결해야 하는 절체절명의 시간""이라고 말했다. 이어 ""단 한 번의 투자 실기조차 산업 생태계를 붕괴시키고, 우리 기업들을 회복하기 어려운 패자의 길로 내몰 수 있다""며 ""지금 필요한 것은 머뭇거림이 아니라 결단이며, 분산이 아니라 집중""이라고 강조했다. 이 글에 김영훈 노동부 장관은 ""협력업체 동반성장으로 노동과 함께하는 진짜 성장을 만들자""는 댓글을 달았다. 앞서 김영훈 장관은 지난 27일 출입기자단 차담회에서 ""대기업의 초과이익을 어떻게 사회적으로 분배할 것인가에 대한 유일한 해법은 사회적 대화밖에 없다""며 오는 6월 1일 노동부 주관 긴급토론회를 개최할 계획이라고 밝혔다. 기업의 이익을 사회적으로 분배하겠다는 발언을 두고 논란이 일자 김영훈 장관은 전날 자신의 페이스북 글에서 ""정부는 기업의 정당한 이익에 강제적으로 관여할 권한도, 생각도 없다""고 밝혔다. 그는 이날 한 유튜브 채널에서도 ""거위 배 가르기가 아니다""라며 ""양극화 해소, 기업경쟁력 제고라는 동반성장 제안""이라고 재차 선을 그었다. 그러면서 ""삼성전자는 이미 성과 인센티브(OPI) 제도가 있다""며 ""이런 성과 공유가 정규직, 원청으로 한정되는 것이 옳은가 하는 문제의식""이라고 설명했다. 이어 ""노동부 입장에서 원하청 상생의 방법을 찾자고 제안하는 것""이라며 ""양극화를 해소하고 결국에는 기업경쟁력을 높이기 위한 것""이라고 강조했다. 이와 관련, 강유정 청와대 수석대변인은 전날 브리핑에서 ""노동장관의 발언은 노동장관 입장에서 성과 배분의 필요성을 언급한 것""이라며 ""만약 산업부 장관이라면 그는 산업의 입장에서 기업의 초과 영업이익이나 이윤에 대해 말할 것""이라고 했다. 아울러 ""청와대 역시 향후 토론회를 통해 다양한 공론화의 기회가 있었으면 좋겠다""고 덧붙였다. 조경건 부산닷컴 기자 pressjkk@busan.com ⓒ 부산일보(www.busan.com), 무단전재 및 수집, 재배포금지",mock
AI 반도체 초과이익 재분배 / 사회연대임금,AI 반도체 초과이익 재분배 / 사회연대임금 관련 세부 쟁점,AI 반도체 초과이익 재분배 / 사회연대임금;inews24.com;정책,http://www.inews24.com/view/1972617,'분배' 김영훈 vs '투자' 김정관…반도체 초과이익 시각차,inews24.com,갈등_구도,중립적,정부,''분배' 김영훈 vs '투자' 김정관…반도체 초과이익 시각차' 기사에서 inews24.com가 어떤 주체와 강조점을 전면에 두는지 기준으로 생성한 mock 태깅 결과입니다.,"[아이뉴스24 박지은 기자] 인공지능(AI) 반도체 호황으로 삼성전자와 SK하이닉스의 수익 확대가 예상되는 가운데 초과이익 활용 방안을 둘러싸고 정부 내부에서도 시각차가 드러나고 있다. 김영훈 고용노동부 장관은 대기업이 거둔 초과이익을 원청과 협력업체, 노동자가 함께 나누는 방안을 논의해야 한다고 주장한 반면, 김정관 산업통상부 장관은 반도체 산업 경쟁력 강화를 위한 재투자가 우선이라는 입장을 내놨다. 김정관 장관은 29일 자신의 페이스북에 ""AI 시대의 승부는 압도적인 속도와 규모에서 갈린다""며 ""지금은 반도체 산업이 만들어내는 이윤을 미래를 위한 생산적 재투자로 연결해야 하는 절체절명의 시간""이라고 밝혔다. 그러면서 ""단 한 번의 투자 실기조차 산업 생태계를 붕괴시키고 기업들을 회복하기 어려운 패자의 길로 내몰 수 있다""며 ""지금 필요한 것은 머뭇거림이 아니라 결단이며, 분산이 아니라 집중""이라고 강조했다. 이는 최근 김영훈 장관이 제기한 초과이익 배분 논의에 대해 산업 정책을 담당하는 주무 장관으로서 견해를 밝힌 것으로 해석된다. 김 장관은 이날 글에서 ""지금 반도체 산업은 초격차 기술 확보와 미래 시장 선점을 위한 대규모 투자가 필요한 시기""라며 ""기업이 창출한 이익은 연구개발(R&D)과 시설투자, 인재 확보로 이어져야 한다""고 강조했다. 반면 김영훈 장관은 지난 27일 출입기자단 간담회에서 ""대기업의 초과이익을 어떻게 사회적으로 분배할 것인가에 대한 해법은 사회적 대화""라며 관련 논의를 위한 토론회 개최 계획을 밝혔다. 김 장관은 이후 논란이 커지자 자신의 페이스북을 통해 ""정부가 기업의 정당한 이익에 강제적으로 관여할 권한도, 생각도 없다""고 해명했다. 이날 유튜브 방송에서도 ""거위의 배를 가르자는 것이 아니다""라며 ""양극화 해소와 기업 경쟁력 강화를 위한 동반성장 제안""이라고 설명했다. 특히 삼성전자 노사 협상 과정에서 성과 인센티브(OPI)가 사회적 관심을 받았던 점을 언급하며 ""이런 성과 공유가 정규직과 원청에만 한정되는 것이 적절한지 고민할 필요가 있다""고 말했다. 김 장관은 ""노동부 입장에서는 원하청 상생의 방법을 찾자는 것""이라며 ""양극화를 해소하고 결과적으로 기업 경쟁력을 높이기 위한 제안""이라고 강조했다. 대통령실은 공론화 필요성에 무게를 두고 있다. 강유정 대통령실 수석대변인은 전날 브리핑에서 ""노동장관은 노동의 관점에서, 산업부 장관은 산업의 관점에서 접근하는 것""이라며 ""향후 토론회를 통해 다양한 의견이 논의될 수 있을 것""이라고 말했다. 재계에서는 AI 반도체 호황이 본격화되는 시점에서 정부 내부에서도 초과이익 활용 방안을 두고 투자와 분배 사이의 논쟁이 시작됐다는 평가가 나온다. /박지은 기자(qqji0516@inews24.com)",mock
AI 반도체 초과이익 재분배 / 사회연대임금,AI 반도체 초과이익 재분배 / 사회연대임금 관련 세부 쟁점,AI 반도체 초과이익 재분배 / 사회연대임금;segye.com;정책,https://www.segye.com/newsView/20260529512154?OutUrl=naver,반도체 초과이익 두고 정부 내부 온도차…노동장관 ‘분배’·산업장관 ‘투자’,segye.com,갈등_구도,중립적,정부,'반도체 초과이익 두고 정부 내부 온도차…노동장관 ‘분배’·산업장관 ‘투자’' 기사에서 segye.com가 어떤 주체와 강조점을 전면에 두는지 기준으로 생성한 mock 태깅 결과입니다.,"김정관 산업부 “재투자로 연결해야 하는 절체절명의 시간” 인공지능(AI) 산업 확장으로 인한 반도체 수요 폭증 현상으로 국내 반도체 양강 삼성전자와 SK하이닉스가 향후 막대한 이익을 올릴 것으로 가운데, 이들 기업이 거둔 초과 이익을 어떻게 배분할 것인지가 사회적 문제로 떠올랐다. 특히 이익을 성과급으로 총파업 직전까지 치달았던 삼성전자 사태를 계기로 정부 관계자들이 본격적인 초과이익 배분 문제에 대해 의제를 띄우기 시작했다. 다만, 의견이 통일된 것은 아니다. 관련 부처 장관들 사이에서도 온도차가 감지되고 있다. 김영훈 고용노동부 장관이 대기업의 초과이익을 사회적으로 재분배해야 한다고 화두를 던지자 김정관 산업통상부 장관은 지금은 투자가 최우선이라고 규정했다. 김정관 장관은 29일 자신의 페이스북에 “인공지능(AI) 시대의 승부는 압도적인 속도와 규모에서 갈린다”며 “지금은 반도체 산업이 만들어내는 이윤을 미래를 위한 '생산적 재투자'로 연결해야 하는 절체절명의 시간”이라고 강조했다. 이어 “단 한 번의 투자 실기조차 산업 생태계를 붕괴시키고, 우리 기업들을 회복하기 어려운 패자의 길로 내몰 수 있다”며 “지금 필요한 것은 머뭇거림이 아니라 결단이며, 분산이 아니라 집중”이라고 지적했다. 김정관 장관이 이날 강조한 ‘생산적 재투자’는 김영훈 노동부 장관의 최근 발언에 대한 산업부 수장 차원의 의견 개진으로 풀이된다. 김영훈 장관은 김정관 장관의 게시물에 “협력업체 동반성장으로 노동과 함께하는 진짜 성장을 만들자”는 댓글을 달았다. 앞서 김영훈 장관은 이틀 전인 지난 27일 출입기자단 차담회에서 “대기업의 초과이익을 어떻게 사회적으로 분배할 것인가에 대한 유일한 해법은 사회적 대화밖에 없다”며 다음 달 1일 노동부 주관 긴급토론회를 열 계획이라고 밝혔다. 이를 두고 정부가 대기업의 이윤을 뺏어 나눠주려는 것이 아니냐는 지적이 일자김영훈 장관은 전날 자신의 페이스북에 “정부는 기업의 정당한 이익에 강제적으로 관여할 권한도, 생각도 없다”고 밝혔다. 이날에는 한 유튜브 채널에 출연해 “거위 배 가르기가 아니다”라며 “양극화 해소, 기업경쟁력 제고라는 동반성장 제안”이라고 재차 반박했다. 그러면서 “삼성전자는 이미 성과 인센티브(OPI) 제도가 있다”며 “이런 성과 공유가 정규직, 원청으로 한정되는 것이 옳은가 하는 문제의식”이라고 설명했다. 김영훈 장관은 “노동부 입장에서 원하청 상생의 방법을 찾자고 제안하는 것”이라며 “양극화를 해소하고 결국에는 기업경쟁력을 높이기 위한 것”이라고 강조했다. 정부 내에서 산업·노동 정책을 총괄하는 두 장관이 민간 기업의 이익 처분을 두고 결이 다른 메시지를 낸 것이다. 청와대는 공론화 필요성을 인정하고 있다. 강유정 청와대 수석대변인은 전날 브리핑에서 “노동장관의 발언은 노동장관 입장에서 성과 배분의 필요성을 언급한 것”이라며 “만약 산업부 장관이라면 그는 산업의 입장에서 기업의 초과 영업이익이나 이윤에 대해 말할 것”이라고 말했다. 그러면서 강 수석대변인은 “청와대 역시 향후 토론회를 통해 다양한 공론화의 기회가 있었으면 좋겠다”고 밝혔다. Copyright ⓒ 세계일보. 무단 전재 및 재배포 금지",mock
AI 반도체 초과이익 재분배 / 사회연대임금,AI 반도체 초과이익 재분배 / 사회연대임금 관련 세부 쟁점,AI 반도체 초과이익 재분배 / 사회연대임금;mt.co.kr;정책,https://www.mt.co.kr/economy/2026/06/01/2026053122382850693,"불황에 쓸 비상금인데 ""초과이익 나누자""…불붙은 '사회연대임금' 논쟁 - 머니투데이",mt.co.kr,갈등_구도,중립적,정부,"'불황에 쓸 비상금인데 ""초과이익 나누자""…불붙은 '사회연대임금' 논쟁 - 머니투데이' 기사에서 mt.co.kr가 어떤 주체와 강조점을 전면에 두는지 기준으로 생성한 mock 태깅 결과입니다.","반도체가 쏘아올린 사회연대임금 논란(上) 김영훈 고용노동부 장관이 띄운 기업의 초과이익에 대한 '한국형 사회연대 임금' 논란이 확산한다. 기업의 사회적 역할과 협력사와의 상생, 동반성장 등을 강조하는 취지지만 기업의 경영상 이익에 대해 정부가 사회적 대화로 논의하자는 것 자체가 문제라는 지적이다. 시장경제의 핵심인 사유재산권과 경영 자율성을 근본적으로 훼손할 수 있다는 점에서다. 정부 내부에서도 기업의 이익을 어떻게 사용할 지에 대한 이견이 감지된다. 사회연대임금은 지난 27일 김 장관이 기자간담회에서 ""대기업의 초과이익을 어떻게 재분배 할 것인지 논의하는 '한국형 사회연대 임금'의 가능성을 모색해야 한다""고 밝히며 처음 화두를 던졌다. 김 장관의 발언은 기업의 이익은 기업만의 노력으로 이뤄낸 성과가 아닌, 주주의 자본적 기여와 노동자의 노동력 제공, 정부의 사회적 인프라 구축 등이 복합적으로 작용한 결과인데 이를 정규직 노동자만 성과급으로 가져가는 것이 옳으냐는 지적이다. 김 장관의 취지는 막대한 초과이익을 정규직만 가져갈 게 아니라 비정규직과 협력사, 지역사회 등과 상생할 수 있는 방안을 모색하자는 것이었다. 정부가 특정 방향을 강제하진 않겠다고도 덧붙였다. 그러나 경영계에서는 경영상 판단에 해당하는 잉여이익의 활용에 대해 정부가 나서서 논의해 보자고 하는 것 자체가 부담이라고 토로한다. 무엇보다 정부가 말하는 초과이익이 무엇인지에 대한 정의도 모호하다. 김 장관은 ""세금, 재무비용, 판관비, 감가상각비 등을 다 떼고도 남은 이익""이라고 설명했다. 회계적으로 보면 임의적립금이 초과이익과 유사한 형태로 보인다. 임의적립금이란 투자 등 미래의 특정 목적을 위해 이익금 중 일부를 사내 유보금으로 남겨놓은 일종의 비상금이다. 삼성전자를 비롯해 국내 주요 상장사들은 이익의 80~90% 이상을 임의적립금으로 적립해 놓고 있다. 임의적립금 규모가 과도하다는 지적도 일부 있지만 미래 불확실성에 대비한 자금인 만큼 이를 온전한 초과이익으로 보기도 어렵다. 황인태 중앙대 명예교수는 ""삼성전자 영업이익이 300조원이라고 해도 미래 투자에 100조원을 쓸지, 200조원을 쓸지는 알 수 없는 것""이라며 ""초과이익을 정의하는 것 자체가 쉽지 않다""고 지적했다. 반면 경제계는 기업 이익은 위험을 감수하고 자본을 투자한 주주와 경영 성과를 낸 기업의 몫이라고 주장한다. 국가 인프라 지원을 받았다고 해서 초과 이윤을 공공의 것으로 보는 논리는 세금을 내고 정당한 대가를 지불하면서 인프라를 이용하는 기업에 대한 이중 과세라는 비판이다. 이 같은 분배 압박이 지속될 경우 기업은 공격적인 투자보다 정부의 눈치를 보는 소극적인 경영 행태를 보일 수밖에 없다는 지적도 나온다. 반도체는 호황기에 벌어들인 초과이윤을 불황기에 대비한 연구·개발(R&D)과 천문학적인 설비 투자에 쏟아부어야 생존할 수 있는 대표적인 사이클 산업이다. 정부 기조에 맞춰 이윤을 임의로 쪼개기 시작하면 미래를 위한 투자는 뒷전으로 밀릴 수밖에 없다. 독자들의 PICK! 정부 안에서 기업 이익의 사회적 재분배보다 미래 성장을 위한 투자에 집중하는 것이 바람직하다는 다른 의견이 나온다. 김정관 산업통상부 장관은 지난 29일 소셜미디어(SNS)를 통해 ""기업 이익 활용의 최우선 원칙은 '생산적 재투자'여야 한다""며 ""투자와 혁신의 속도가 주춤하는 순간 미래의 주도권은 다른 나라의 몫이 될 것""이라고 밝혔다. 노동부는 한국형 사회연대 임금 논의를 위해 오는 1일 토론회를 열 예정이었으나 다양한 의견 수렴을 위해 일정을 연기했다. 정부가 화두로 던진 '한국형 사회연대 임금'은 오래 전부터 이어져 왔던 논쟁 거리였다. 대한민국 헌법에 담긴 경제민주화에서 이익공유의 개념을 찾기도 하고 보수 정부의 총리를 지냈던 정운찬 전 국무총리도 '초과이익공유'를 주장하기도 했다. 스웨덴에서는 1950년대부터 사회연대임금을 도입했다. 핵심은 지속가능한 자본주의를 위해 대기업, 중소기업, 지역사회가 동반성장하는 상생 모델을 모색해야 한다는 것이다. 하지만 한국의 노동시장 구조와 글로벌 산업 경쟁력 등을 감안하면 한국형 사회연대 임금을 적용하기엔 현실적으로 쉽지 않다는 지적도 있다. 김영훈 고용노동부 장관이 언급한 한국형 사회연대 임금은 기업이 예상을 뛰어넘는 막대한 이익을 거뒀을 때 이를 사회적으로 어떻게 재분배할지를 모색해야 한다는 것이다. 직접 노동력을 제공한 노동자뿐 아니라 비정규직과 협력사, 자본적 기여를 한 주주, 지역사회까지도 고려해야 한다는 취지다. ◆ 기업의 이익을 공유? 지속적 논쟁거리 기업의 이익을 여러 주체와 공유해야 한다는 개념은 지속적인 논쟁 거리였다. 기업의 이익이 온전히 기업의 노력만으로 이뤄낸 게 아닌 만큼 기업도 일정 부분 사회적 역할을 해야 한다는 것이다. 물론 기업도 이익에 대한 세금을 내고 전기 등 각종 인프라 이용을 위한 공공요금을 납부한다. 하지만 산업 육성을 위한 정부의 각종 지원 정책과 외교적 노력, 기업이 안정적으로 경영할 수 있도록 하는 민주주의 시스템과 사회 치안 등 무형의 가치도 기업의 성과에 함께 고려할 요소다. 이익 공유 근거를 헌법에서 찾는 시각도 있다. 대한민국 헌법 119조에는 '경제민주화' 개념이 명시돼 있다. 국가는 균형있는 국민경제의 성장과 적정한 소득 분배를 유지할 의무가 있고 경제의 민주화를...",mock
AI 반도체 초과이익 재분배 / 사회연대임금,AI 반도체 초과이익 재분배 / 사회연대임금 관련 세부 쟁점,AI 반도체 초과이익 재분배 / 사회연대임금;nocutnews.co.kr;정책,https://www.nocutnews.co.kr/news/6525460?utm_source=naver&utm_medium=article&utm_campaign=20260601062603,삼성 초과이윤 나누자는데…사회연대임금 논의 첫발부터 '삐걱',nocutnews.co.kr,갈등_구도,중립적,정부,'삼성 초과이윤 나누자는데…사회연대임금 논의 첫발부터 '삐걱'' 기사에서 nocutnews.co.kr가 어떤 주체와 강조점을 전면에 두는지 기준으로 생성한 mock 태깅 결과입니다.,"반도체 호황으로 빚어진 삼성전자의 천문학적 초과이윤을 원·하청이 공유하자는 '사회연대임금' 논의가 촉발된 가운데, 1일로 예정됐던 고용노동부의 관련 긴급토론회가 잠정 연기됐다. 1일 노동부에 따르면 이날 김영훈 노동부 장관 주재로 열릴 예정이던 초과이익 배분을 위한 '가칭 사회연대임금 모색 긴급토론회'는 잠정 연기됐다. 당초 노동부는 반도체 초호황으로 발생한 천문학적 이익을 원·하청이 공유하는 이른바 한국형 사회연대임금 정책의 가능성을 공론화하려 했다. 그러나 참석자 조율에 난항을 겪으며 일정을 미루게 됐다. 일부 친노동계 인사들의 참석은 결정됐지만 경영계 측 참석자 조율이 쉽지 않았던 것으로 알려졌다. 노동부 관계자는 ""경영계 등 더 다양한 시각을 반영하기 위해 일정을 늦추게 됐다""고 설명했다. 일각에서는 경영계의 거센 반발과 지방선거를 앞둔 정무적 부담이 영향을 미쳤다는 분석도 나온다. 내주 김 장관의 해외 일정을 고려하면 이번 주 개최가 무산될 경우 토론회는 빨라야 다음 주 후반이나 6월 중순에야 열릴 수 있다. 논의의 첫 물꼬를 트고 동력을 마련할 계기로 기대됐던 만큼, 일정 연기로 논의가 반짝 관심에 그칠 수 있다는 관측도 나온다. 초과이익의 사회적 환원인가, 시장경제 훼손인가 이번 토론회 연기는 반도체 초과이윤 배분을 둘러싼 우리 사회의 극명한 시각차를 보여주는 상징적 장면이라는 평가가 나온다. 김 장관은 지난달 27일 기자간담회에서 ""대기업의 초과이윤을 어떻게 사회적으로 재분배할 것인가, 한국형 사회연대임금 정책의 가능성을 모색하는 시론을 열고 싶다""며 ""해법은 사회적 대화가 될 수밖에 없다""고 운을 띄웠다. 여기서 언급된 사회연대임금 정책은 대·중소기업 간 격차나 정규직·비정규직 간 임금 불평등을 완화하기 위한 노동·분배 정책의 하나다. 고임금 노동자의 임금 인상률을 낮추고 저임금 노동자의 임금을 끌어올려 임금 격차를 완화하며, 그렇게 마련된 재원을 취약 노동자의 임금 인상이나 복지에 사용하는 것을 골자로 한다. 대표 사례로는 1950~1970년대 스웨덴 경제 발전의 기반으로 평가받는 '렌-마이드너 모델(Rehn-Meidner Model)'이 꼽힌다. 초과이윤 배분의 필요성을 주장하는 측은 삼성전자의 막대한 이익이 노사의 노력뿐 아니라 국가의 세제 지원, 공공 인프라, 협력업체의 기여 등이 결합된 사회적 총노동의 산물이라고 강조한다. 가장 구체적인 방안으로는 초과이윤을 기금화하는 방식이 제시된다. 최근 참여연대 등 3개 기관이 주최한 긴급 좌담회에서 토론자로 참여한 안정화 노동포럼 나무 대표는 노동·시민사회도 함께 운영 주체가 되는 '노동사회연대기금(가칭)' 조성을 대안으로 제시했다. 안 대표에 따르면 이 기금은 기술 변화에 대한 사회적 대응과 산업 전환 교육·훈련 등 적극적 노동시장 정책을 수행하게 된다. 또한 동일가치노동 동일임금에 기초한 연대임금과 초과이윤 재분배를 지원하고, 노동자와 시민사회의 경영·의사결정 참여를 확대하는 역할을 맡게 된다. 특히 제조업 특성상 경기 변동에 따른 수입과 지출의 변동성 위험을 완화하기 위해 현금 흐름이 아닌 기금 형태가 적합하며, 노동과 시민사회가 수탁자 책임의 주체가 돼 인내자본(patient capital) 역할을 수행해야 한다는 것이 안 대표의 설명이다. 글로벌 패권 경쟁 속 ""탁상공론"" 비판도 거세 반면 사회연대임금과 초과이익 공유를 탁상공론이자 시장경제 훼손으로 보는 반대 목소리도 적지 않다. 재계와 일부 전문가들은 초과이익의 산정 기준 자체가 모호할 뿐 아니라 글로벌 인공지능(AI) 패권 경쟁 속에서 매년 수십조 원 규모의 설비투자와 연구개발이 필요한 반도체 산업의 현실을 외면한 주장이라고 비판한다.개별 기업의 이익 배분에 정부가 인위적으로 개입하는 것은 낡은 이념에 얽매인 '거위 배 가르기식 발상'에 불과하다는 것이다. 특히 과거 스웨덴의 렌-마이드너 모델이 대기업 경쟁력 저하와 자본 유출을 초래한 끝에 폐기됐다는 점을 반면교사로 삼아야 한다는 지적도 나온다. 정부 내 엇박자도 감지된다. 김 장관이 토론회 구상을 공개한 지 이틀 뒤인 지난달 29일 김정관 산업통상부 장관은 페이스북을 통해 ""지금은 대한민국 대도약을 위한 투자 골든타임""이라며 ""반도체 산업이 창출한 이윤을 미래를 위한 생산적 재투자로 연결해야 할 절체절명의 시간""이라고 강조했다. 대기업 선의에 기댄 '상생 기금'의 한계… 구조적 해법 필요 무엇보다 제도의 실효성과 진정성을 두고 노동계 내부와 전문가들 사이에서도 회의적인 시각이 나온다. 특히 지금까지 대기업의 시혜적 선의에 기대어 조성된 상생 기금이나 재단 등이 실질적인 성과를 내지 못했다는 점이 지적된다.과거 대기업들이 위기 모면이나 여론 무마 차원에서 내놓은 각종 기금은 대부분 일회성 사업에 그쳤고, 하청 노동자의 실질적 처우 개선이나 산업 생태계 전반의 구조적 변화로 이어지지 못한 채 흐지부지된 경우가 많았다. 이 때문에 정부가 내세우는 상생 기금이나 선언적 대화가 오히려 근본적인 격차 해소를 가로막는 면죄부로 작용할 수 있다는 우려도 나온다. 노동문제연구소 해방 오민규 실장은 현재 논의되는 사회연대임금에 대해 ""실체가 없다""며 사회연대임금이라는 모호한 개념보다는 공급망 전체를 아우르는 최저임금 인상과 하청 노동자의 실질적 교섭력 강화를 근본적 해법으로 제시했다. 오 실장은...",mock
AI 반도체 초과이익 재분배 / 사회연대임금,AI 반도체 초과이익 재분배 / 사회연대임금 관련 세부 쟁점,AI 반도체 초과이익 재분배 / 사회연대임금;ekn.kr;정책,https://www.ekn.kr/web/view.php?key=20260603024030129,“영업이익의 N% 성과급 달라” 분출…노사 갈등 ‘새 뇌관’으로 [재계 성과급 전쟁],ekn.kr,갈등_구도,중립적,정부,'“영업이익의 N% 성과급 달라” 분출…노사 갈등 ‘새 뇌관’으로 [재계 성과급 전쟁]' 기사에서 ekn.kr가 어떤 주체와 강조점을 전면에 두는지 기준으로 생성한 mock 태깅 결과입니다.,"재계에서 '성과급 전쟁'이 시작됐다. 대기업의 초과 이익을 나누는 과정에서 노동조합이 자신들의 몫을 달라고 큰 목소리를 내면서다. 삼성전자에서 본격화한 노사 갈등이 현대차그룹, 카카오 등으로 번지며 새로운 사회문제로 대두되고 있다. 각계에서 다양한 의견이 나오고 정부도 중재 노력을 하고 있지만 좀처럼 출구가 보이지 않는다. ◇ 주요 대기업 노조 '투쟁 모드' 본격화 3일 재계와 노동계 등에 따르면 삼성전자에서 '성과급 대란'이 일단락된 이후 그 후폭풍은 대기업 전반으로 번져나가고 있다. 우선 삼성그룹 계열사들 곳곳에서 잡음이 나온다. 삼성바이오로직스 노조는 지난달 1∼5일 창사 이래 첫 전면 파업을 단행했다. 성과급 상한을 없애고 올해 영업이익의 20%를 재원으로 쓰라는 게 이들의 요구사항이다. 사측이 영업비밀 자료 유출 혐의로 노조 위원장을 고소하는 등 노사 갈등의 골은 계속 깊어지는 양상이다. 삼성SDI, 삼성전기, 삼성디스플레이 등에서는 직원들 불만이 폭발할 조짐이 보인다. 이들 3사는 올해 초 이미 2026년 임금협상을 끝낸 상태다. 그럼에도 삼성전자 직원들이 '역대급 성과급'을 받았다는 소식이 전해지자 상대적 박탈감을 호소하며 협상을 다시 해야 한다는 목소리가 커지고 있다. 가까스로 합의안을 만들어낸 삼성전자도 무풍지대는 아니다. 스마트폰·가전·TV 등이 포함된 디바이스경험(DX) 구성원들이 교섭 결과에 크게 반발하고 있다. 반도체 사업을 담당하는 디바이스솔루션(DS) 직원들은 수억원대 성과급을 받지만 자신들은 600만원가량만 받을 가능성이 높기 때문이다. 내부적으로 노-노 갈등 양상이 빚어지고 있다는 점도 회사 경쟁력을 위협하는 요소로 꼽힌다. 다른 산업군 노조들도 영업이익의 'N%'를 성과급으로 지급하라고 사측을 압박하고 있다. HD현대중공업 노조는 올해 단체교섭 요구안에 영업이익의 30% 성과 공유를 넣었다. LG유플러스 역시 같은 주장을 하고 있다. 현대자동차와 기아 노조는 순이익의 30%를 달라고 제안한 상태다. 셀트리온에서는 창사 이래 처음으로 노조가 만들어졌다. 이들 역시 투명한 초과이익 성과급 기준을 산정하자고 요구하고 있다. 카카오 노조는 영업이익의 13∼14% 정도를 성과급으로 지급하라고 사측과 대립하고 있다. 노사 협상에 난항을 겪어 이달 중 파업이 예고된 상태다. 현대제철 노조의 경우 전년 대비 성과급 액수를 150% 인상해야 한다는 안건을 교섭장에 들고 나왔다. 다른 기업들 역시 사정권이다. 아직 노사 상견례를 시작하지 않은 제조·IT·서비스 기업 노조 대부분이 협상 요구안에 'N% 성과급' 문구를 넣을지를 고민 중이라고 전해졌다. 문제는 각 업체별 처지가 모두 다르다는 점이다. 재계 '성과급 전쟁'을 촉발시킨 곳은 SK하이닉스다. 이 회사 노사는 성과급 상한을 없애고 영업이익의 10%를 재원으로 삼기로 작년 합의했다. 반도체 호황기를 맞아 수백조원대 이익이 예상되는 가운데 직원들 사이에서 보상을 확대해달라는 요구가 거세진 데 따른 것이다. SK하이닉스는 우여곡절을 많이 겪은 것으로 유명하다. 파산 직전까지도 회사를 지키기 위해 노력한 임직원들이 호황기에 보상을 받는 개념인 셈이다. 삼성전자 노조는 SK하이닉스와 보상 격차를 문제삼으며 성과급 투쟁을 시작했다. 업계 만년 2위였던 SK하이닉스의 처우가 자신들보다 좋다는 점을 참지 못하겠다는 단순한 논리다. 이를 두고 갈등이 증폭된 것은 사측의 태도 때문이기도 하다. 그간 '무노조 경영'에 익숙했던 경영진은 노사 대화에 대한 경험이 부족해 구성원들의 마음을 읽지 못했다. 삼성전자와 SK하이닉스 모두 평소 대비 '지나치게 많은' 이익이 난 것이 성과급 투쟁의 근본 원인이다. SK하이닉스의 올해 1분기 영업이익률은 70%가 넘는다. 이들을 보고 '패턴 교섭'에 나선 다른 기업들은 상황이 전혀 다르다. 자산이 충분하고 실적을 꾸준히 내는 대기업이라는 점은 사실이지만 '초과이익'을 나눌 수준은 전혀 아니다. 삼성바이오로직스의 경우 대표적인 성장 기업이다. 아직 수익성보다는 몸집 불리기가 중요한 시점이라 시설투자에 매년 천문학적인 돈을 쏟아야 한다. LG유플러스나 카카오 등도 반도체 업체들과 비교하면 회사가 남기는 이윤이 초라한 수준이다. 자동차·조선업계는 경쟁 심화와 중국의 추격 등을 따돌릴 연구개발(R&D) 투자 강화가 절실한 시점이다. 철강 업종은 당장 생존을 걱정해야 하는 형국이다. ◇ 각계각층 첨예한 대립…주주들도 '격분' 단체 행동 나서 이번 성과급 전쟁을 두고 각계각층에서는 다양한 의견이 제기되고 있다. 재계에서는 걱정스러운 반응이 나온다. 기업이 노조의 이익 배분 요구에 응할 법적 의무가 없다는 해석도 제기된다. 한국경영자총협회(경총)는 지난달 31일 회원사에 배포한 '경영계 특별 권고'를 통해 “(영업이익의 일정 비율을 배분하는 제도를 명문화하는) 노조의 요구는 기존 성과급 제도와는 성격이 전혀 다른 것으로 기업 이익의 직접적 배분을 요구하고 있는 것""이라고 밝혔다. 경총은 “기업의 이익은 지속가능성과 미래 경쟁력 확보를 위해 투자, 고용, 연구개발, 재무구조 개선 등에 활용돼야 하는 경영 자원""이라며 “노조가 기업 이익의 선제적 배분을 요구하는 것은 주주의 권리를 제약하는 결과로 이어질 우려도 있다""고 했다. 그러면서 “해외 글로벌 기업에서도 이익의 일정 비율을 근로자에게...",failed
AI 반도체 초과이익 재분배 / 사회연대임금,AI 반도체 초과이익 재분배 / 사회연대임금 관련 세부 쟁점,AI 반도체 초과이익 재분배 / 사회연대임금;biz.heraldcorp.com;정책,https://biz.heraldcorp.com/article/10760829?ref=naver,김영훈發 ‘초과이익 공유’ 논쟁 확전…경총 “교섭 불가” vs 한국노총 “시대착오”,biz.heraldcorp.com,갈등_구도,중립적,정부,'김영훈發 ‘초과이익 공유’ 논쟁 확전…경총 “교섭 불가” vs 한국노총 “시대착오”' 기사에서 biz.heraldcorp.com가 어떤 주체와 강조점을 전면에 두는지 기준으로 생성한 mock 태깅 결과입니다.,"한국노총 “성과 공유 논의 봉쇄” 경총 특별권고 정면 비판 임금성·교섭대상·쟁의행위 정당성 놓고 노사 법리전 확산 노동부는 ‘공유’·산업부는 ‘재투자’…정부 내부도 온도차 [헤럴드경제=김용훈 기자] 김영훈 노동부 장관이 던진 ‘초과이익 사회적 공유’ 화두를 둘러싼 노사 갈등이 격화하고 있다. 한국노동조합총연맹(한국노총)은 1일 한국경영자총협회(경총)가 기업 이익 배분 요구를 단체교섭 대상에서 배제해야 한다고 주장한 데 대해 “성과 공유 논의를 원천 봉쇄하려는 시대착오적 발상”이라고 반발했다. 전날 경총이 회원사에 특별권고를 배포한 데 대한 공개 반격이다. 논란은 김 장관이 지난달 27일 기자간담회와 29일 오마이TV 인터뷰 등을 통해 대기업의 초과이익을 사회적으로 공유하는 방안을 논의할 필요가 있다고 언급하면서 촉발됐다. 김 장관은 반도체 산업 등을 예로 들며 원청 대기업과 협력업체 간 격차를 완화하고 산업 생태계 경쟁력을 높이기 위한 사회적 대화가 필요하다고 주장해 왔다. “교섭대상 배제는 시대착오” 한국노총 반발 한국노총은 이날 논평을 통해 “성과 배분을 교섭 대상에서 배제하려는 시대착오적 권고를 철회하라”며 “경총은 교섭대상 문제와 임금성 법리를 의도적으로 혼용하고 있다”고 주장했다. 한국노총은 노동조합이 요구하는 것은 단순한 이익 배분이 아니라 기업이 창출한 성과를 노동자와 어떤 기준으로 공유할 것인지에 대한 논의라고 설명했다. 성과급과 복지제도, 고용안정, 교육훈련, 주식보상제도 등도 현실에서는 노사 교섭을 통해 결정되고 있는 만큼 성과 공유 역시 교섭 대상이 될 수 있다는 논리다. 특히 경총이 영업이익 배분은 임금이 아니므로 교섭 대상도 될 수 없다고 주장하는 데 대해 “성과급의 임금성 여부와 노사가 성과 배분 기준을 논의할 수 있는지는 별개의 문제”라고 반박했다. 노조법 해석을 둘러싼 시각차도 드러났다. 한국노총은 노동조합 및 노동관계조정법이 교섭 대상을 임금이라는 형식적 개념에만 한정하지 않으며 노동자의 경제적·사회적 지위에 영향을 미치는 사항이라면 교섭 대상이 될 수 있다고 주장했다. 해외 사례를 둘러싼 공방도 이어졌다. 한국노총은 독일 공동결정제도와 프랑스 법정 이익분배제도, 미국·유럽 기업의 이익공유제 등을 거론하며 “성과 공유 자체를 금기시하는 나라는 찾아보기 어렵다”고 밝혔다. 경총 “기업 이익 배분은 교섭 대상 아니다” 이에 앞서 경총은 지난달 31일 회원사에 ‘노동조합의 기업 이익 배분 요구에 대한 경영계 특별 권고’를 배포했다. 최근 일부 대기업 노조가 영업이익의 일정 비율을 조합원에게 배분하는 제도를 단체협약에 명문화하려는 움직임에 대응하기 위한 조치다. 경총은 영업이익 배분 요구가 기존 성과급 제도와는 성격이 다르다고 주장한다. 성과급은 기업이 경영 상황과 성과를 고려해 자율적으로 지급 여부와 규모를 결정하는 제도인 반면, 영업이익의 일정 비율을 사전에 배분하도록 제도화하는 것은 기업 이익 자체를 노조가 요구하는 것이라는 설명이다. 경총은 올해 대법원 판례를 근거로 영업이익 배분이나 경영성과급은 임금에 해당하지 않는다고 주장했다. 경영 실적에 따라 지급 여부와 규모가 달라지는 성과 배분은 근로자가 제공한 노동의 양과 질에 대한 직접적인 대가가 아니라는 것이다. 특히 경총은 노조법상 의무적 단체교섭 대상은 임금·근로시간·복지·해고·근로자의 지위 기타 대우 등 근로조건에 한정된다고 강조했다. 기업 이익 배분은 이에 해당하지 않는 만큼 사용자가 교섭에 응할 법적 의무가 없으며, 이를 목적으로 한 쟁의행위 역시 목적상 위법성이 인정될 수 있다는 주장이다. 경총은 또 기업 이익은 투자와 고용, 연구개발(R&D), 재무구조 개선 등에 활용돼야 하는 경영 자원이라고 강조했다. 특히 반도체와 배터리, 자동차 등 대규모 선제 투자가 필요한 산업에서는 이익의 일정 비율을 사전에 배분하도록 강제할 경우 기업 경쟁력과 투자 여력이 약화될 수 있다고 우려했다. 재투자냐 재분배냐…정부 내부도 온도차 이번 논쟁은 단순한 성과급 갈등을 넘어 반도체 호황으로 발생한 이익을 어디에 써야 하느냐는 정부 안팎의 노선 차이로도 번지고 있다. 노동계와 노동부는 원·하청 격차 완화와 성과 공유에 방점을 찍는 반면, 산업·재정 당국은 초과이익과 초과세수를 미래 산업 재투자에 활용해야 한다는 쪽에 무게를 두고 있다. 김정관 산업통상부 장관은 지난달 29일 페이스북에 “지금은 반도체 산업이 만들어내는 이윤을 미래를 위한 ‘생산적 재투자’로 연결해야 하는 절체절명의 시간”이라며 “AI 호황을 전략적으로 활용해 대한민국 산업 대도약의 성장엔진을 확보해야 한다”고 밝혔다. 반도체 호황을 기업 투자와 첨단산업 경쟁력 강화의 지렛대로 삼아야 한다는 취지다. 재정당국도 비슷한 기류다. 구윤철 부총리 겸 재정경제부 장관은 지난달 30일 유튜브 채널 ‘삼프로TV’에 출연해 반도체 호황에 따른 초과세수 활용 방안과 관련해 “제2의 메모리반도체에 과감하게 투자해야 한다”고 밝혔다. 박홍근 기획예산처 장관도 같은 날 “첨단산업 미래 먹거리에 과감하게 투자하되, 이로 인해 발생하는 사회적 격차에 따라 사회안전망에도 투자해야 한다”고 언급했다. 반면 김영훈 노동부 장관은 김정관 산업부 장관의 게시물에 “협력업체 동반성장으로 노동과 함께하는 진짜 성장을 만들자”는 댓글을 남기며 다른 결의 메시지를 냈다....",mock
AI 반도체 초과이익 재분배 / 사회연대임금,AI 반도체 초과이익 재분배 / 사회연대임금 관련 세부 쟁점,AI 반도체 초과이익 재분배 / 사회연대임금;news1.kr;정책,https://www.news1.kr/economy/trend/6180726,삼전이 쏘아올린 '초과이익 성과급' 갈등…'사회연대임금' 논의로 확산,news1.kr,갈등_구도,중립적,정부,'삼전이 쏘아올린 '초과이익 성과급' 갈등…'사회연대임금' 논의로 확산' 기사에서 news1.kr가 어떤 주체와 강조점을 전면에 두는지 기준으로 생성한 mock 태깅 결과입니다.,"초과이익 성과급 요구…카카오, 현대차 등 산업계 전반 확산원·하청 막론한 임금 재분배 요구…최저임금 논의에도 '영향'삼성전자 임단협이 최종 타결된 27일 서울 삼성전자 서초사옥에 깃발이 나부끼고 있다. 삼성전자 노동조합 공동교섭단은 이날 '2026년 임금·단체협약 잠정 합의안' 찬반 투표 결과 73.7%의 찬성률로 가결됐다고 밝혔다. 2026.5.27 ⓒ 뉴스1 안은나 기자김영훈 고용노동부 장관이 27일 세종시 정부세종청사 고용노동부 기자실에서 열린 출입기자단 차담회에서 발언하고 있다. 2026.5.27 ⓒ 뉴스1 김기남 기자관련 키워드SK하이닉스삼성전자이정현 기자 농촌 왕진버스·공공병원 확충까지…정부, 농어촌 '삶의 질' 개선 속도한난, 올해 신입직원 72명 채용…청년고용 확대 나선다관련 기사젠슨 황 방한에 맥 못춘 테마주…SK 6%·LG 5%↓[핫종목](종합)브로드컴 쇼크·고환율에 '팔천피' 위태…코스닥 1000선 턱걸이[시황종합]젠슨 황, 전세기 타고 입국…""韓에 줄 깜짝 선물 있다"" (종합)젠슨 황 ""韓, 제조업·메카트로닉스·AI 독보적…로봇 공학에 완벽""아문디 ""삼전닉스 급등한다고 거품은 아냐…진짜 변수는 연준""",mock
AI 반도체 초과이익 재분배 / 사회연대임금,AI 반도체 초과이익 재분배 / 사회연대임금 관련 세부 쟁점,AI 반도체 초과이익 재분배 / 사회연대임금;newsis.com;정책,https://www.newsis.com/view/NISX20260601_0003651508,"현대차·기아로 번진 성과급 논란…업계 ""이익 배분은 교섭 대상 아냐""",newsis.com,갈등_구도,중립적,정부,"'현대차·기아로 번진 성과급 논란…업계 ""이익 배분은 교섭 대상 아냐""' 기사에서 newsis.com가 어떤 주체와 강조점을 전면에 두는지 기준으로 생성한 mock 태깅 결과입니다.","현대차·기아로 번진 성과급 논란…업계 ""이익 배분은 교섭 대상 아냐"" 현대차·기아 노조, 영업익·순이익의 30% 성과급 요구 이익 배분은 기업 경영 판단 영역…교섭 의무 없어 경총, 대법원 ""성과급은 임금 영역 아냐"" 판례 제시 [서울=뉴시스]김민성 기자 = 반도체 업계에서 불붙은 성과급 논쟁이 현대자동차와 기아 등 자동차 업계로 번지고 있다. 현대차와 기아 노동조합은 회사 이익의 일정 비율을 성과급으로 지급하라고 요구하고 있지만, 업계에서는 이익 배분은 통상적인 임금으로 보기 어려운 만큼 단체교섭 대상에 해당하지 않는다는 해석이 나온다. 1일 업계에 따르면 현대차 노조는 올해 교섭 요구안에 전년도 순이익의 30%를 성과급으로 지급하는 방안을 담았다. 현대차의 지난해 연결 기준 당기순이익은 10조3648억원이다. 노조 요구안을 단순 적용하면 성과급 재원은 약 3조1094억원이다. 기아 노조도 전년도 영업이익의 30%를 성과급으로 지급하라고 요구하고 있다. 기아의 지난해 영업이익은 9조781억원으로 전년 대비 28.3% 감소했다. 같은 기준을 적용하면 성과급 재원은 약 2조7234억원이다. 기업 이익과 연동한 성과급 요구는 반도체 업계에서 먼저 부각됐다. SK하이닉스 노사가 영업이익의 10%를 초과이익분배금(PS·Profit Sharing) 재원으로 활용하는 방안에 합의하자 삼성전자 노조에서도 영업이익의 일부를 성과급 재원으로 활용하고 지급 상한을 폐지하라고 요구했다. 다만 업계에서는 회사 이익의 일정 비율을 미리 성과급으로 배분하도록 제도화하는 것은 임금 인상 요구와 구분해야 한다는 목소리가 나온다. 기업 이익은 임직원의 기여뿐 아니라 업황과 환율, 원자재 가격, 시장 상황 등 다양한 변수에 따라 달라지기 때문이다. 한 업계 관계자는 ""물론 영업이익률이 높은 반도체 산업의 특수성이 있지만, 영업이익의 일부를 성과급으로 지급하는는 선례가 생긴 것 같아 우려스러운 부분이 있다""며 ""회사가 어려울 때도 있고 잘될 때도 있는건데, 이것을 고정해서 성과급으로 지급할 수 있는 것인가에 한 의문이 있다""고 말했다. 한국경영자총협회도 회원사에 배포한 '노동조합의 기업 이익 배분 요구에 대한 경영계 특별 권고'에서 같은 취지의 입장을 밝혔다. 기업 이익의 배분 기준을 제도화하는 것은 고유한 경영 판단 영역인 만큼 기업이 노조 요구에 응할 법적 의무는 없다는 것이다. 경총은 ""일반적으로 기업의 이익 배분은 임금이 아니며 복지나 기타 대우에도 해당한다고 보기 어렵다""고 주장했다. 경총은 대법원 판례를 근거로 들었다. 대법원은 지난 1월 당기순이익 실현 여부 등에 따라 지급 규모가 달라지는 특별성과급의 임금성을 판단하면서 근로 제공 외에도 시장 상황과 경영 판단 등 다른 요인이 상당한 영향을 미친다고 봤다. 이에 따라 해당 성과급은 평균임금 산정의 기초가 되는 임금으로 보기 어렵다고 판단했다. 경총은 ""글로벌 기업에서도 이익의 일정 비율을 근로자에게 배분하기로 사전에 약정하는 제도를 두는 경우는 찾아보기 어렵다""며 ""기업 이익의 활용 방안은 노조와의 교섭을 통해 결정할 사안이 아니라 경영판단에 따라 결정·운영돼야 한다""고 말했다. ◎공감언론 뉴시스 [email protected] Copyright © NEWSIS.COM, 무단 전재 및 재배포 금지",mock
AI 반도체 초과이익 재분배 / 사회연대임금,기업 이익 배분 요구와 경영계 반대,초과이익 재분배;성과급;경영권;노사갈등;주주권리,https://www.segye.com/newsView/20260531508043?OutUrl=naver,"경총 “영업익 배분, 교섭대상 아냐”… 성과급 논란 제동",segye.com,시장경제_원칙,부정적,경영계,이 기사는 한국경영자총협회가 노동조합의 기업 이익 배분 요구에 대해 경영권 침해와 주주 권리 제약을 이유로 반대하는 입장을 주로 다루고 있다.,"“임금 해당 안 돼… 배분 의무 없어 경영권·주주 권리 제약 우려도” 최근 삼성전자, SK하이닉스 등 주요 대기업 노동조합의 ‘영업이익 N% 성과급’ 제도화 요구가 잇따르자 경영계가 제동을 걸고 나섰다. 한국경영자총협회(경총)는 노조의 이익 배분 요구가 고유의 경영권을 침해하고 주주의 권리를 제약할 수 있다며 회원사들에 원칙적인 대응을 당부했다. 경총은 31일 이 같은 내용이 담긴 ‘노동조합의 기업 이익 배분 요구에 대한 경영계 특별권고’를 회원사에 배포했다고 밝혔다. 경총은 “노조의 기업 이익 배분 요구는 기존 성과급 제도와 성격이 전혀 다르고, 노조가 이익의 선제적 배분을 요구하는 것은 주주의 권리를 제약하는 결과로 이어질 것”이라며 영업이익 등 경영성과를 배분하는 금품은 임금에 해당하지 않는다는 점을 명확히 해야 한다고 강조했다. 대법원이 ‘경영실적에 따라 지급 여부나 수준이 달라지는 성과배분은 근로 제공과 밀접한 관련성이 없다’며 임금 범주에 포함되지 않는다고 일관되게 판시해 왔다는 점을 근거로 들었다. 경총은 “기업 이익의 배분 기준을 제도화하는 것은 기업의 고유한 경영판단에 해당해 단체교섭 대상이 될 수 없다. 기업은 노조의 이익 배분 요구에 응할 법적 의무가 없다”며 “일반적으로 노조가 기업 이익 배분을 주된 목적으로 벌이는 파업 등 쟁의행위는 위법한 행위가 될 수 있다”고 했다. 경총은 기업의 성과급 제도가 기업의 지속가능성과 성과주의 원칙에 기반해 합리적으로 운영돼야 한다고 강조했다. 앞서 김정관 산업통상부 장관도 지난 29일 페이스북에 “지금은 반도체 산업이 만들어내는 이윤을 미래를 위한 생산적 재투자로 연결해야 하는 절체절명의 시간”이라고 경총과 비슷한 목소리를 냈다. 김영훈 고용노동부 장관 등 일각에서 제기된 ‘대기업의 초과이익 재분배론’에 선을 그은 것이다. Copyright ⓒ 세계일보. 무단 전재 및 재배포 금지",ok
AI 반도체 초과이익 재분배 / 사회연대임금,AI 반도체 초과이익 재분배 / 사회연대임금 관련 세부 쟁점,AI 반도체 초과이익 재분배 / 사회연대임금;kmib.co.kr;정책,https://www.kmib.co.kr/article/view.asp?arcid=1780217278&code=11151400&cp=nv,"경영계 “영업이익 N% 성과급, 단체교섭 대상 아냐”",kmib.co.kr,갈등_구도,중립적,정부,"'경영계 “영업이익 N% 성과급, 단체교섭 대상 아냐”' 기사에서 kmib.co.kr가 어떤 주체와 강조점을 전면에 두는지 기준으로 생성한 mock 태깅 결과입니다.","SK하이닉스에 이은 삼성전자의 노사 합의를 계기로 대기업 노동조합을 중심으로 ‘영업이익 연동 성과급’ 제도화 요구가 분출하자, 경영계가 “기업 이익 배분은 단체교섭 대상이 아니다”라고 선을 긋고 나섰다. 한국경영자총협회(경총)는 31일 회원사에 배포한 ‘노동조합의 기업 이익 배분 요구에 대한 경영계 특별 권고’를 통해 이같이 밝혔다. 경총은 일부 노조가 영업이익의 ‘N%’를 성과급 재원으로 고정하고 이를 명문화할 것을 요구하는 데 대해 “기존 성과급 제도와 달리 기업 이익의 직접적인 배분을 요구하는 것”이라며 “법과 판례를 거스르는 행위”라고 지적했다. 우선 경영실적에 따라 지급되는 성과급은 임금에 해당하지 않는다는 게 경총 주장이다. 기업의 이익이 개인의 근로와 밀접한 관련성이 없고 경영 환경과 환율 등 외부 변수에 의해 결정되는 영향이 크기 때문에 임금의 일종으로 간주할 수 없다는 대법원 판례를 근거로 들었다. 또 성과급을 비롯한 이익 배분 방식은 기업 고유의 경영 판단 사항으로, 단체교섭의 대상이 될 수 없다고 강조했다. 노조법상 의무 단체교섭 대상은 임금과 근로시간, 복지 등에 한정된다는 설명이다. 경총은 “기업이 노조의 이익 배분 요구에 응할 법적 의무는 없으며 이와 관련한 파업 등 쟁의행위도 위법 소지가 크다”고 말했다. 경총이 이같은 특별 권고를 낸 건 최근 산업계 전반으로 퍼지는 ‘기업 초과 이익 분배 담론’을 의식한 것으로 풀이된다. 반도체 초호황에서 발생한 기업 초과 이윤을 놓고 노조의 성과급 제도 개편 요구가 잇따르는 상황에서 경영계 차원의 대응 원칙을 공식화한 것이다. 경총은 “기업의 이익은 투자와 고용, 연구개발(R&D) 등 기업 경쟁력 확보에 활용돼야 하는 경영 자원”이라며 “노조가 기업 이익의 선제적 배분을 요구하는 것은 주주 권리 침해로도 이어질 수 있다”고 우려했다. 앞서 이재명 대통령도 지난 20일 국무회의에서 삼성전자 노조를 겨눠 “세금도 떼기 전에 영업이익의 일정 비율을 제도적으로 나눠 갖는다? 그건 투자자도 할 수 없는 일”이라고 비판한 바 있다. 이주은 기자 juny@kmib.co.kr GoodNews paper ⓒ 국민일보(www.kmib.co.kr), 무단전재, 수집, 재배포 및 AI학습 이용 금지",mock
호황의 이면 / 청년 체감경기 괴리,호황의 이면 / 청년 체감경기 괴리 관련 세부 쟁점,호황의 이면 / 청년 체감경기 괴리;biz.heraldcorp.com;정책,https://biz.heraldcorp.com/article/10760069?ref=naver,코스피 8000·성장률 1.7%…반도체가 끌었지만 청년은 못 웃었다,biz.heraldcorp.com,갈등_구도,중립적,정부,'코스피 8000·성장률 1.7%…반도체가 끌었지만 청년은 못 웃었다' 기사에서 biz.heraldcorp.com가 어떤 주체와 강조점을 전면에 두는지 기준으로 생성한 mock 태깅 결과입니다.,"GDP·수출·증시 ‘트리플 호황’에도 체감경기 냉랭 반도체 제외 제조업 증가율 0.2%…양극화·부동산·환율은 숙제 [헤럴드경제=김용훈 기자] 출범 1년을 맞은 이재명 정부의 경제 성적표는 숫자만 놓고 보면 화려하다. 국내총생산(GDP) 성장률은 주요 선진국 가운데 최고 수준으로 반등했고, 수출과 경상수지는 사상 최대 수준을 기록했다. 코스피는 사상 처음 8000선을 돌파했다. 하지만 경제 회복의 온기가 산업 전반과 가계로 확산됐느냐는 질문에는 다른 답이 나온다. 반도체를 제외하면 제조업 회복세는 미미했고, 청년 고용난과 소득 양극화는 오히려 심화됐다. 경제지표와 체감경기 사이의 괴리가 이재명 정부 2년차의 최대 과제로 떠오르고 있다. GDP 1.7%·코스피 8000…숫자로 증명한 ‘반도체 호황’ 31일 관계부처에 따르면 올해 1분기 실질 GDP 성장률은 전기 대비 1.7%를 기록했다. 지난해 1분기 -0.2% 역성장에서 1년 만에 반등한 수치다. 한국은행은 올해 성장률 전망치를 기존 2.0%에서 2.6%로 상향 조정했고, 반도체 수출 증가세가 이어질 경우 3% 성장도 가능하다고 보고 있다. 수출도 가파른 회복세를 보였다. 올해 1분기 수출은 2206억달러를 기록하며 세계 5위에 올랐고, 경상수지는 738억달러 흑자로 역대 최대 규모를 나타냈다. 인공지능(AI) 투자 확대에 따른 반도체 슈퍼사이클이 본격화하면서 삼성전자와 SK하이닉스를 중심으로 수출이 급증한 영향이다. 자본시장 역시 호황을 누렸다. 코스피는 지난 29일 8476.15로 거래를 마치며 연일 사상 최고치를 경신했다. 지난해 6월 이 대통령 취임 당시 2770선과 비교하면 1년 새 3배 이상 뛰었다. 정부는 주가조작 근절, 상장폐지 제도 정비, 이사 충실의무 확대를 골자로 한 상법 개정, 국민성장펀드 조성 등을 통해 이른바 '코리아 디스카운트' 해소에 나선 점을 주요 성과로 평가하고 있다. 청년은 못 웃었다…체감경기와 멀어진 경제 회복 문제는 이 같은 회복세가 산업 전반과 고용시장으로 확산되지 못하고 있다는 점이다. 올해 1분기 제조업 생산은 전 분기보다 3.0% 증가하며 5년여 만에 가장 큰 폭으로 늘었지만, 반도체를 제외하면 증가율은 0.2%에 불과했다. 반도체가 사실상 제조업 전체를 끌어올린 셈이다. 서비스업도 업종별 양극화가 뚜렷했다. 금융·보험업은 증시 호황에 힘입어 큰 폭의 성장세를 기록했지만 숙박·음식점업과 문화·여가 서비스업은 부진을 벗어나지 못했다. 고용시장도 사정은 비슷하다. 올해 1분기 청년 실업자는 27만2000명으로 전체 실업자의 4분의 1 수준을 차지했다. 청년층 '쉬었음' 인구 증가와 제조업·건설업 부진이 이어지면서 체감 고용 상황은 좀처럼 개선되지 않고 있다. 소득 양극화 역시 심화됐다. 올해 1분기 소득 상위 20%와 하위 20%의 소득 배율은 6.59배로 2020년 이후 가장 높은 수준을 기록했다. 대기업 성과급과 금융자산 가격 상승이 상위 계층 소득 증가를 이끌었지만 저소득층의 소득 개선 속도는 상대적으로 더뎠다. 부동산 시장도 여전히 불안 요인이다. 정부는 6·27 가계부채 관리대책과 9·7 주택공급 확대 방안을 내놓으며 시장 안정에 나섰지만 서울 아파트 가격 상승세는 강남권을 넘어 한강벨트까지 확산되는 모습이다. 전세 물량 부족과 월세화 가속화도 부담으로 꼽힌다. 원·달러 환율 역시 위험 요인으로 남아 있다. 지난해 말 이후 해외투자 확대와 중동 정세 불안이 겹치면서 환율은 한때 1540원에 육박했다. 정부와 한국은행은 대외건전성을 고려할 때 위기 수준은 아니라는 입장이지만, 중동 리스크 장기화 여부에 따라 변동성이 확대될 가능성은 남아 있다. 이재명 정부 경제정책의 성패는 반도체와 증시가 이끈 회복세를 고용과 소비, 내수로 얼마나 확산시키느냐에 달려 있다는 평가가 나온다. 코스피 8000과 GDP 반등이라는 성과에도 불구하고 청년과 자영업자, 건설업 종사자들이 경기 회복을 체감하지 못한다면 숫자의 호황'에 그칠 수 있다는 지적이다. fact0514@heraldcorp.com",mock
호황의 이면 / 청년 체감경기 괴리,호황의 이면 / 청년 체감경기 괴리 관련 세부 쟁점,호황의 이면 / 청년 체감경기 괴리;economist.co.kr;정책,https://economist.co.kr/article/view/ecn202605280001,경제 성장률 2.5%·코스피 8000시대에 가려진 그늘[한국경제 K자형 성장의 그림자]①,economist.co.kr,갈등_구도,중립적,정부,'경제 성장률 2.5%·코스피 8000시대에 가려진 그늘[한국경제 K자형 성장의 그림자]①' 기사에서 economist.co.kr가 어떤 주체와 강조점을 전면에 두는지 기준으로 생성한 mock 태깅 결과입니다.,"산업 일반 경제 성장률 2.5%·코스피 8000시대에 가려진 그늘[한국경제 K자형 성장의 그림자]① - 삼성·SK하이닉스가 끌어올린 성장률…한국경제는 왜 얼어붙었나 AI·반도체 슈퍼사이클이 만든 산업·고용·소득 양극화 [이코노미스트 원태영 기자]국책연구기관인 한국개발연구원(KDI)이 올해 대한민국 경제성장률 전망치를 2.5%로 상향 조정하고 주식시장이 반도체 슈퍼사이클에 힘입어 사상 최고치를 향해 가고 있지만, 현장에서 느끼는 체감경기는 차갑게 얼어붙어 있다. 거시경제 지표의 화려한 숫자와 바닥 민생경제의 냉혹한 현실이 철저하게 분리되는 이른바 디커플링 현상이 심화하고 있는 것이다. 서울 종로의 한 골목에서 만난 자영업자는 수출이 잘되고 경제가 성장한다는데 서민들은 외환위기 때보다 더 살기 퍽퍽하다고 호소하며 손님이 끊겨 저녁 장사를 공치는 날이 허다하다고 전했다. 한국 경제가 외형적으로는 성장하고 있지만 내부적으로는 특정 산업만 독주하고 나머지는 고사하는 K자형 양극화의 짙은 그늘에 가려져 있음을 보여주는 단면이다. KDI가 올해 한국 경제성장률 전망치를 기존보다 높게 잡은 배경에는 인공지능(AI) 열풍에 따른 반도체 수요 폭발이 자리 잡고 있다. 삼성전자와 SK하이닉스를 필두로 한 반도체 기업들이 역대급 실적을 갈아치우며 증시와 수출을 강력하게 견인한 결과다. 주식시장 역시 기술주 중심의 랠리가 이어지며 온기가 도는 듯 보이지만, 정작 이러한 온기는 경제 전반으로 퍼지지 못하고 반도체 대기업이라는 한정된 영역에만 머물고 있다. 통계학적 착시가 민생의 고통을 가리고 있는 셈이다. 사라진 낙수효과, 자본집약적 AI 성장의 그늘 반도체를 제외한 나머지 제조 분야와 내수 시장은 극심한 가뭄을 겪고 있다. 고물가로 인해 가계의 실질 구매력이 떨어지면서 소비 부진의 늪에 빠진 모습이다. 자영업자들은 불어난 대출 이자와 인건비를 감당하지 못해 최근 몇 년 새 폐업이 속출하고 있는 상황이다. 실제로 2024년 폐업 신고 사업자는 100만8282명으로 처음 100만명을 넘어섰다. 아울러 지난해 자영업자 실업급여 수급자는 3820명, 지급액은 205억2600만원으로 각각 역대 최고 수준을 기록했다. 중소기업 가동률 역시 하락세를 면치 못하고 있다. 외형상 경제는 커졌는데 국민의 지갑은 더 얇아지는 기이한 불황이 지속되는 모습이다. 한국 경제의 가장 큰 약점인 특정 산업 외골수 구조는 이번 슈퍼사이클을 계기로 더욱 고착화됐다. 전체 수출에서 반도체가 차지하는 비중은 무려 37%를 돌파하며 단일 품목에 대한 의존도가 위험 수위에 도달했다. 지난해부터 이어진 수출 회복세와 무역수지 흑자의 대부분이 반도체 한 곳에서 발생한 착시인 것이다. 과거 한국 경제를 지탱하던 전통적인 주력 산업들은 중국의 기술 추격과 글로벌 공급과잉 속에서 구조적 침체에 허덕이는 모습이다. 세계 시장을 호령하던 철강과 석유화학 업종은 수익성 악화로 감산과 공장 가동 중단을 고심하는 처지다. 원자재 가격 상승과 부동산 프로젝트파이낸싱(PF) 부실 여파로 건설업 역시 고사의 기로에 서 있다. 그나마 사상 최대 실적을 기록 중인 조선업 정도를 제외하면 반도체의 독주를 받쳐줄 우군이 전무한 실정이다. 전문가들은 한 나라의 국가 경제가 단 하나의 산업 엔진에만 의존하는 구조는 극도로 위험하다고 경고한다. 반도체 사이클이 하강 국면에 진입하는 순간, 한국 경제 전체가 순식간에 차갑게 식어버릴 수 있는 시한폭탄을 안고 있는 것과 다름없기 때문이다. 반도체 중심의 성장이 가진 또 다른 한계는 고용 유발 효과가 현저히 떨어진다는 점이다. 반도체와 AI 산업은 대규모 장치와 기술이 중심이 되는 자본집약적 산업이다. 수조원의 투자가 이뤄져도 실제 창출되는 직접 고용 인원은 전통 제조업이나 서비스업에 비해 턱없이 부족하다. KDI에 따르면 생산액 10억원이 증가할 때 발생하는 취업자 수는 반도체 산업이 2.1명으로 전체 제조업 평균(6.2명)의 3분의 1 수준에 불과하다. 이로 인해 대기업의 막대한 수익이 가계 소득 증대와 고용 확대로 이어지는 낙수효과는 사실상 소멸했다는 지적이 나온다. 실제로 국가데이터처가 발표한 4월 고용동향에 따르면, 반도체 등 일부업종의 수출 호황에도 제조업은 5만5000명, 건설업은 8000명 줄며 각각 22개월, 24개월 연속 감소했다. 이 같은 고용 구조의 변화는 청년 세대에게 직격탄을 날렸다. 4월 고용동향을 보면 지난 4월 15세 이상 취업자는 2896만1000명으로 지난해 같은 달보다 7만4000명(0.3%) 증가했다. 이는 16개월 만에 최저 수준이다. 특히 청년층 취업자는 1년 전보다 19만4000명 감소했다. 이는 2022년 11월부터 42개월 연속 감소세다. 청년층 고용률 역시 1년 전보다 1.6%포인트 하락한 43.7%로 2024년 5월 이후 24개월 연속 하락세다. 청년층 실업률은 7.1%로 전년보다 0.2%p 하락했다. 청년들이 원하는 양질의 일자리는 반도체와 AI 등 일부 첨단 분야에 한정돼 있는데, 이들 기업의 채용 문턱은 갈수록 높아지고 있다. 반면 청년들을 흡수해야 할 중소기업과 도소매업, 서비스업은 침체로 인해 신규 채용을 극도로 꺼리고 있다. 결과적으로 소수의 첨단 산업 종사자들은 성과급 잔치를 벌이는 반면, 대다수 청년과 서민들은 일자리조차 구하지 못해 소득 양극화가 벼랑...",mock
호황의 이면 / 청년 체감경기 괴리,호황의 이면 / 청년 체감경기 괴리 관련 세부 쟁점,호황의 이면 / 청년 체감경기 괴리;topstarnews.net;정책,https://www.topstarnews.net/news/articleView.html?idxno=16076663,"이재명 대통령 1년, 코스피 8000 시대 열었다",topstarnews.net,갈등_구도,중립적,정부,"'이재명 대통령 1년, 코스피 8000 시대 열었다' 기사에서 topstarnews.net가 어떤 주체와 강조점을 전면에 두는지 기준으로 생성한 mock 태깅 결과입니다.","(톱스타뉴스 김시현 기자) 이재명 대통령 취임 1년 만에 코스피가 2770선에서 8476선까지 치솟고 성장률도 -0.2%에서 1.7%로 반등했다. 반도체 슈퍼사이클과 자본시장 개혁이 맞물리며 한국 증시는 사상 최고치를 경신했다. 반면 부동산 가격 불안과 1500원 안팎의 원·달러 환율, 청년고용 부진, 산업별 양극화는 여전히 경제 전반의 부담 요인으로 남아 있다. ○ 반도체 슈퍼사이클이 끌어올린 성장률 비상계엄 사태 이후 침체 우려 속에 출범한 이재명 정부는 취임 직후 비상경제점검 태스크포스(TF)를 가동하고 31조8000억원 규모 추가경정예산을 편성했다. 소비 진작 정책과 경기 대응책이 동시에 추진되면서 소비심리도 회복세를 보였다. 가장 큰 변화는 반도체 산업이었다. 인공지능(AI) 반도체 수요 폭증으로 삼성전자와 SK하이닉스를 중심으로 수출이 급증했다. 올해 1분기 한국 수출은 2206억달러를 기록하며 세계 5위에 올랐고 경상수지는 738억달러 흑자로 사상 최대 수준을 나타냈다. 실질 국내총생산(GDP) 성장률은 지난해 1분기 -0.2%에서 올해 1분기 1.7%로 상승했다. 한국은행도 올해 성장률 전망치를 2.6%로 높여 잡았으며 반도체 수출 확대가 이어질 경우 3% 성장 가능성도 언급했다. 중동전쟁에 따른 국제유가 급등 국면에서도 소비자물가 상승률은 2%대 초반에서 관리됐다. 정부는 유류세 인하와 석유 최고가격제, 생활물가 관리 정책 등을 병행했다. ○ 이재명 대통령의 첫 승부수는 증시였다 지난 1년 동안 가장 극적인 변화는 주식시장에서 나타났다. 코스피는 취임 당시 2770.84에서 지난 29일 8476.15까지 상승했다. 시가총액은 7500조원을 넘어섰고 한국 증시는 세계 주요 시장 가운데 가장 강한 상승세를 기록했다. 이재명 대통령은 취임 직후 첫 현장 일정으로 한국거래소를 방문해 '코리아 디스카운트' 해소를 핵심 과제로 제시했다. 이후 금융당국은 주가조작 근절 합동대응단을 출범시키고 포상금 상한 폐지, 부실기업 퇴출 강화, 불공정거래 감시 확대 등을 추진했다. 상법 개정을 통한 주주권 강화도 증시 재평가의 주요 요인으로 꼽힌다. 여기에 150조원 규모 국민성장펀드 조성과 모험자본 공급 확대 정책이 더해지며 국내 증시로 자금이 유입됐다. 국민참여형 국민성장펀드는 출시 첫날 모집 물량의 87%가 소진될 정도로 투자자들의 관심을 끌었다. ○ 반도체 빼면 체감경기는 여전히 냉랭 경제지표 개선에도 모든 산업이 같은 속도로 회복된 것은 아니다. 올해 1분기 제조업 생산은 전 분기보다 3.0% 증가했지만 반도체를 제외하면 증가율은 0.2%에 불과했다. 금융·보험업은 증시 활황 덕분에 크게 성장한 반면 숙박·음식점업과 문화·여가 서비스업은 감소세를 기록했다. 소득 격차도 확대됐다. 상위 20%와 하위 20% 가구의 소득 배율은 6.59배로 코로나19 시기 이후 가장 높은 수준을 기록했다. 청년 고용시장도 어려움을 겪고 있다. 올해 1분기 청년 실업자는 27만2000명으로 전체 실업자의 4분의 1 수준에 달했다. 증시 역시 삼성전자와 SK하이닉스 등 반도체 대형주 중심으로 상승했다는 점에서 시장 집중도 문제가 남아 있다는 지적이 나온다. ○ 부동산과 환율, 아직 끝나지 않은 시험대 부동산은 이재명 정부 경제정책의 최대 난제로 꼽힌다. 정부는 지난해 6·27 가계부채 관리대책과 9·7 주택공급 확대방안을 잇달아 내놨고, 이후 서울 집값 과열이 이어지자 추가 수요억제 대책까지 시행했다. 다주택자 양도세 중과 유예 종료와 공급 확대 정책이 병행되면서 일부 지역에서는 급매물이 증가했지만 전세 물량 부족과 월세 전환 가속화 등 임대차 시장 불안은 완전히 해소되지 않았다. 정부가 오는 7월 발표할 세제개편안에는 다주택자와 고가주택 보유자에 대한 세부담 조정 방안이 포함될 것으로 예상된다. 환율 역시 부담이다. 원·달러 환율은 해외 주식 투자 확대와 중동전쟁 여파로 한때 1540원에 근접했다. 최근에는 다소 안정됐지만 여전히 1500원 안팎의 높은 수준을 유지하고 있다. 다만 한국은행은 대외금융자산 규모와 경제 펀더멘털을 고려하면 현재 환율 수준을 금융위기로 해석할 단계는 아니라는 입장을 유지하고 있다. 정부는 이달 말 발표 예정인 '2026년 하반기 경제성장전략'을 통해 신성장동력 육성과 지방주도 성장, 양극화 완화 방안을 제시할 예정이다. 반도체 호황이 만들어낸 성장세를 경제 전반으로 확산시킬 수 있을지가 이재명 정부 2년 차의 핵심 과제가 될 전망이다. 2026/06/01 07:42송고 | reporter@topstarnews.co.kr",mock
호황의 이면 / 청년 체감경기 괴리,K자형 양극화와 민생경제 불안,K자형 양극화;청년고용 불안;체감경기 괴리;부동산 시장 불안;환율 변동성,https://www.newsgn.com/news/articleView.html?idxno=554731,코스피 ‘8천 시대’ 축포 쐈지만…‘K자 양극화·환율’은 과제,newsgn.com,체감경기_괴리,혼합,정부,"The article highlights the disparity between strong macro-economic growth, largely due to the semiconductor industry, and the deepening K-shaped polarization, youth unemployment, and real estate instability, leading to a significant gap in the public's perceived economic well-being.","GDP 성장률 1.7% 급반등… 반도체 훈풍 속 경상수지 최대 흑자 국민성장펀드 등 자본시장 활성화로 ‘코리아 디스카운트’ 해소 반도체 제외 시 체감경기 냉골…청년고용 한파·임대차 불안 가중 7월 세제개편안 ‘보유세 강화’ 예고…내달 말 하반기 경제전략 발표 비상계엄의 파고 속에서 출범한 이재명 정부가 내달 4일로 취임 1주년을 맞이한다. 지난 1년간 인공지능(AI) 반도체 슈퍼사이클에 힘입어 거시경제 지표가 크게 반등하고 코스피 8000시대를 여는 등 자본시장 활성화에서 독보적인 성과를 거뒀다는 평가가 나온다. 그러나 특정 산업에 쏠린 ‘K자형 양극화’와 부동산 임대차 시장 불안, 1500원 선을 위협하는 원·달러 환율 등은 지속 가능한 성장을 위해 정부가 풀어야 할 무거운 숙제로 남았다. ◆ 반도체 훈풍 타고 경제 지표 반등…‘8000피’ 축포 지난 5월 31일 관계부처에 따르면 이재명 정부 출범 이후 실질 국내총생산(GDP) 성장률은 지난해 1분기 -0.2%에서 올해 1분기 1.7%로 급반등하며 OECD 주요국 중 최고 수준을 기록했다. 출범 직후 31조8000억원 규모의 추경 편성 및 민생 소비쿠폰 지급 등 선제적 정책 대응과 반도체 수출 호조가 맞물린 결과다. 한국은행은 올해 성장률 전망치를 2.6%로 상향했으며, 수출 가속화 시 3.0% 달성도 가능할 것으로 내다봤다. 중동전쟁 여파 속에서도 유류세 인하 등을 통해 물가를 2%대로 방어한 점도 성과로 꼽힌다. 특히 지난 1년간의 성과가 가장 극적으로 반영된 곳은 자본시장이다. 지난 5월 29일 코스피는 사상 최고치인 8,476.15로 마감하며, 취임 당시(2770.84) 대비 3배 가까이 폭등했다. 정부는 주가조작 근절 합동대응단 출범, 부실기업 퇴출 요건 신설, 150조 원 규모의 국민성장펀드 조성 등 강력한 ‘코리아 디스카운트’ 해소 대책을 쏟아내며 증시 체질을 개선했다. ◆ ‘반도체 착시’가 가린 K자형 양극화…내수·청년고용 한파 외형적 성장세 뒤에 가려진 ‘K자형 그늘’은 깊다. 1분기 제조업 생산은 전 분기 대비 3.0% 증가했으나, 반도체를 제외하면 증가율은 0.2%에 그쳐 심각한 쏠림 현상을 보였다. 금융·보험업은 호황을 누린 반면 숙박·음식점업 등 골목상권과 내수 지표는 오히려 감소했다. 소득 상위 20%와 하위 20%의 격차를 나타내는 소득분배배율은 6.59배로 벌어졌고, 청년 실업자는 27만명을 웃돌며 청년 4명 중 1명이 실업 상태에 놓이는 등 체감경기는 여전히 차갑다. ◆ 부동산·환율 리스크 여전…7월 ‘보유세 강화’ 세제개편 주목 부동산과 외환시장도 불안한 흐름을 이어가고 있다. 정부는 출범 직후 주택담보대출 상한 제한(6·27 대책)과 공급 확대(9·7 대책), 다주택자 양도세 중과 유예 종료 등 강도 높은 규제책을 구사했으나, 최근 서울 한강벨트를 중심으로 다시 과열 양상이 나타나고 있다. 특히 규제 강화 여파로 전월세 가격이 급등하는 등 임대차 시장 불안이 새로운 뇌관으로 부상했다. 시장의 이목은 다주택자 및 고가 주택 보유자에 대한 보유세 강화 등이 담길 정부의 ‘7월 세제개편안’에 쏠리고 있다. 원·달러 환율 역시 중동전쟁 등의 여파로 1500원을 넘나들며 우려를 키우고 있다. 외환당국은 한국 경제의 펀더멘털을 고려할 때 위기 수준은 아니라는 입장이지만, 수입 물가 자극에 대한 경계감은 여전하다. 정부는 구조적 문제를 해결하기 위해 내달 말 ‘2026년 하반기 경제성장전략’을 발표할 예정이다. 구윤철 경제부 장관은 “중동전쟁 등 대외 파고를 넘어 신성장동력을 육성해 초혁신경제로의 이행을 가속화하겠다”며 “양극화 폐해를 극복하고 잠재성장률을 반등시킬 구조 개혁 방안을 구체화하겠다”고 밝혔다.",ok
호황의 이면 / 청년 체감경기 괴리,호황의 이면 / 청년 체감경기 괴리 관련 세부 쟁점,호황의 이면 / 청년 체감경기 괴리;ohmynews.com;정책,https://www.ohmynews.com/NWS_Web/View/at_pg.aspx?CNTN_CD=A0003235788&CMPT_CD=P0010&utm_source=naver&utm_medium=newsearch&utm_campaign=naver_news,"반도체 호황이 만든 초과세수, 이렇게 쓰자... 4가지 원칙",ohmynews.com,갈등_구도,중립적,정부,"'반도체 호황이 만든 초과세수, 이렇게 쓰자... 4가지 원칙' 기사에서 ohmynews.com가 어떤 주체와 강조점을 전면에 두는지 기준으로 생성한 mock 태깅 결과입니다.","▲김용범 정책실장이 13일 호텔현대 바이 라한 울산에서 열린 이재명 대통령 주재 K-조선 미래비전 간담회에 참석해 있다.연합뉴스 김용범 대통령실 정책실장은 최근 페이스북에 '차원이 다른 나라: AI 시대 한국의 장기 전략'이라는 글을 올렸다. AI 인프라 공급망에서 한국이 차지한 전략적 위치, 반도체 호황이 가져올 구조적 초과세수, 그리고 그 재원을 어떻게 설계할 것인가에 관한 문제 제기였다. 적지 않은 논란이 있었지만, 단순한 해프닝으로 넘길 일이 아니다. 한국 경제가 곧 마주하게 될 중요한 질문을 앞당겨 드러낸 사건이었기 때문이다. 일부 외신과 국내 언론은 이를 기업의 초과이윤을 정부가 국민에게 나눠주려는 구상으로 해석했고, ""김용범 발언 때문에 코스피가 급락했다""는 인과관계를 덧씌웠다. 그러나 이는 오비이락에 가깝다. 5월 11일 한국 증시가 장중 크게 흔들린 것은 사실이지만, 당시 동아시아 주요 증시 역시 중동 불확실성 확대, 차익실현 압력, 단기 과열 경계감이 겹치며 유사한 변동성을 보였다. 이후 대통령실은 블룸버그가 '초과세수'를 '초과이익'으로 해석했다며 공식 사과를 요구하기도 했다. 더욱 중대한 문제는, 이러한 혼선으로 인해 정작 다루어져야 할 핵심 쟁점이 충분히 부각되지 못했다는 데 있다. 기업의 사적 이윤을 정부가 환수하자는 논의와, 법에 따라 거둬들인 추가세수를 국가가 어떻게 사용할 것인가에 대한 논의는 전혀 다르다. 전자는 시장경제의 원칙과 기업지배구조의 문제이고, 후자는 재정제도와 사회계약의 문제다. 두 문제를 섞으면 시장에는 불필요한 공포를 주고, 공론장에는 이념 논쟁만 남는다. 김용범 대통령실 정책실장은 최근 페이스북에 '차원이 다른 나라: AI 시대 한국의 장기 전략'이라는 글을 올렸다. AI 인프라 공급망에서 한국이 차지한 전략적 위치, 반도체 호황이 가져올 구조적 초과세수, 그리고 그 재원을 어떻게 설계할 것인가에 관한 문제 제기였다. 적지 않은 논란이 있었지만, 단순한 해프닝으로 넘길 일이 아니다. 한국 경제가 곧 마주하게 될 중요한 질문을 앞당겨 드러낸 사건이었기 때문이다. 일부 외신과 국내 언론은 이를 기업의 초과이윤을 정부가 국민에게 나눠주려는 구상으로 해석했고, ""김용범 발언 때문에 코스피가 급락했다""는 인과관계를 덧씌웠다. 그러나 이는 오비이락에 가깝다. 5월 11일 한국 증시가 장중 크게 흔들린 것은 사실이지만, 당시 동아시아 주요 증시 역시 중동 불확실성 확대, 차익실현 압력, 단기 과열 경계감이 겹치며 유사한 변동성을 보였다. 이후 대통령실은 블룸버그가 '초과세수'를 '초과이익'으로 해석했다며 공식 사과를 요구하기도 했다. 더욱 중대한 문제는, 이러한 혼선으로 인해 정작 다루어져야 할 핵심 쟁점이 충분히 부각되지 못했다는 데 있다. 기업의 사적 이윤을 정부가 환수하자는 논의와, 법에 따라 거둬들인 추가세수를 국가가 어떻게 사용할 것인가에 대한 논의는 전혀 다르다. 전자는 시장경제의 원칙과 기업지배구조의 문제이고, 후자는 재정제도와 사회계약의 문제다. 두 문제를 섞으면 시장에는 불필요한 공포를 주고, 공론장에는 이념 논쟁만 남는다. ▲2026년 5월 11일 KOSPI·니케이·가권·STI 오전 9~11시 추이. 현지 시각을 한국 시각으로 전환·비교한 뒤 Yahoo Finance를 이용해서 그렸다. ⓒ우석진 제공 반도체 사이클 한복판 속 역대급 초과세수가 온다 한국경제는 지금 반도체 사이클의 한복판에 있다. AI 서버와 데이터센터 투자가 폭발하면서 고대역폭메모리, D램, 낸드 수요가 동시에 살아나고 있다. 그 결과 SK하이닉스는 2025년 연결 기준 영업이익 47조 2063억원의 역대 최대 실적을 기록했고, 삼성전자의 2025년 영업이익도 43조 5300억원 수준이었다. 두 회사의 합산 영업이익만 약 90조 7000억 원이었다. 더 놀라운 것은 향후 전망이다. 노무라증권 전망을 인용한 일부 보도에서는 양사의 합산 영업이익이 2026년 432조 원, 2027년 589조 원 수준에 이를 수 있다고 전했다. 확정치는 아니다. 실제 세수는 세액공제, 이월결손금, 연결납세, 과세표준 조정 등에 따라 달라질 수 있다. 윤석열 정부의 감세 조치로 법인세 부담이 줄어든 부분도 있다. 그럼에도 시나리오별로 보면, 2026년 합산 영업이익을 370조 원으로 가정하고 한계세율 25%를 적용하면 추가 법인세만 약 70조 원이다. 500조원 시나리오라면 추가세수는 약 102조 원에 달한다. 성과급 증가에 따른 소득세, 소비 증가에 따른 부가가치세까지 고려하면 추가세수는 역대급 규모가 될 가능성이 크다. 반도체 사이클 한복판 속 역대급 초과세수가 온다 한국경제는 지금 반도체 사이클의 한복판에 있다. AI 서버와 데이터센터 투자가 폭발하면서 고대역폭메모리, D램, 낸드 수요가 동시에 살아나고 있다. 그 결과 SK하이닉스는 2025년 연결 기준 영업이익 47조 2063억원의 역대 최대 실적을 기록했고, 삼성전자의 2025년 영업이익도 43조 5300억원 수준이었다. 두 회사의 합산 영업이익만 약 90조 7000억 원이었다. 더 놀라운 것은 향후 전망이다. 노무라증권 전망을 인용한 일부 보도에서는 양사의 합산 영업이익이 2026년 432조 원, 2027년 589조 원 수준에 이를 수 있다고 전했다. 확정치는 아니다. 실제 세수는 세액공제, 이월결손금,...",failed
호황의 이면 / 청년 체감경기 괴리,호황의 이면 / 청년 체감경기 괴리 관련 세부 쟁점,호황의 이면 / 청년 체감경기 괴리;segye.com;정책,https://www.segye.com/newsView/20260531508044?OutUrl=naver,반도체 생산 13% 늘 때 일자리 1.9% 증가,segye.com,갈등_구도,중립적,정부,'반도체 생산 13% 늘 때 일자리 1.9% 증가' 기사에서 segye.com가 어떤 주체와 강조점을 전면에 두는지 기준으로 생성한 mock 태깅 결과입니다.,"고용 확대 등 경제 낙수효과 미미 반도체 경기의 전례 없는 호황으로 한국 경제가 높은 성장세를 보이고 있지만, 그 성과가 고용 확대나 소득 증대로 이어지지 않고 있다. 수억원의 성과급을 받은 임직원이나 코스피 호황을 누린 투자자를 제외하면, 반도체를 통한 경제 전반의 낙수효과가 크지 않았던 것이다. 반도체로의 과도한 편중 속에 고물가·고금리의 부담이 더해지며, 성장 불균형이 심화하는 ‘K자형 양극화’가 지속될 수 있다는 우려가 나온다. 31일 국가데이터처에 따르면 4월 제조업 생산지수(원지수)는 전년 동기 대비 1.6% 상승했다. 중동사태에 따른 공급망 불안 속에서도 반도체를 중심으로 하는 제조업이 선방했다는 평가가 나온다. 실제 반도체의 경우 생산지수가 전년 대비 13.0% 뛰었다. 하지만 반도체를 제외한 제조업의 생산지수를 보면 4월 기준으로 전년 대비 1.2% 하락한 것으로 나타났다. 1∼4월 평균으로 봐도 제조업 생산지수가 2.7% 올랐지만, 반도체를 빼면 0.7% 오르는 데 그쳤다. 고용으로 보면 반도체 효과는 미미한 수준이다. 지난해 4분기 반도체 제조업의 임금 근로 일자리 수는 17만2000개로 전년 대비 3000개(1.9%) 늘었다. 지난해 반도체 제조업 생산이 12.8% 증가한 것을 고려하면, 생산 증가에 비례하는 고용 확대로는 이어지지 않은 셈이다. 지난해 4분기 기준 전체 제조업 임금 근로 일자리 430만7000개 중 반도체 제조업의 임금 근로 일자리 수는 4.0%에 그쳤다. ‘일자리 없는 성장’ 실질소득·성장률 격차 키워 일자리 없는 성장이 지속되면서 1분기 가계의 실질 소득은 월평균 462만8718원으로 전년 대비 0.4% 증가하는 수준에 머물렀다. 실질 소득 증가율은 지난해 1분기 2.3%를 기록한 뒤 2분기 0%로 보합세를 보이다가, 3분기에 1.5%, 4분기에 1.6%로 확대됐다. 그러나 올해 1분기에는 0%대로 다시 주저앉았다. 1분기 실질 국내총생산(GDP) 성장률이 전년 대비 3.6%로 ‘깜짝 성장’을 이뤘다는 점에서 실질 소득과 경제 성장률 간의 격차가 크게 벌어진 것이다. 실질 소득 증가율과 경제 성장률 간의 격차를 단순 계산하면 지난해 1분기엔 실질 소득 증가율이 2.3%포인트 앞섰다. 그러나 2분기엔 경제 성장률이 0.6%포인트 앞섰고, 이 격차가 3분기 0.3%포인트, 4분기 0%포인트, 올해 1분기 3.2%포인트로 확대된 것이다. 실질 소득 가운데 실질 근로소득은 1.7% 줄었다. 1분기 기준으론 2024년(-4.0%) 이후 가장 낮은 수준이다. 자영업자 소득인 실질 사업소득은 1분기 기준으론 2023년(-10.9%) 이후 가장 낮은 0.5% 증가하는 데 그쳤다. 상위 20%(5분위)의 소득을 하위 20%(1분위)의 소득으로 나눈 값인 균등화처분가능소득 5분위 배율은 6.59배로 2020년 1분기(6.89배) 이후 가장 높게 나타났다. 5분위 배율의 수치가 높다는 것은 그만큼 분배 상황이 나쁘다는 것을 의미한다. 실제 전체 소득에서 5분위가 차지하는 소득 점유율은 45.2%로 2023년(45.5%) 이후 가장 높은 수준을 보였다. 그 사이 가계의 살림은 더 빠듯해졌다. 1분기에 1분위 가구의 실질 흑자액은 -43만8000원으로 집계됐다. 1분기 기준으론 2019년 통계 작성 이후 가장 큰 규모의 적자다. 흑자액은 세금 등을 제외한 처분가능소득에서 소비지출을 뺀 값인데, 마이너스를 기록했다는 것은 가계의 소득만으로 지출을 충당하지 못한 상태를 뜻한다. 반면 1분기에 5분위의 실질 흑자액은 344만5000원으로 1분기 기준 2022년 이후 최대치를 기록했다. 1분위와 5분위의 흑자액 격차는 소득과 소비 흐름에 기인했다. 1분위 가구의 경우 소득이 정체된 반면 지출이 늘면서 적자가 확대됐다. 1분위의 실질 처분가능소득은 79만2000원으로 전년 대비 0.1% 감소했는데, 실질 소비지출은 123만1000원으로 5.1% 늘었다. 식료품(3.3%)과 보건(6.5%) 등의 필수 지출이 증가했고, 교통·운송(33.8%), 오락·문화(23.4%) 등의 선택적 소비도 늘었다. 반면 5분위에선 실질 처분가능소득이 814만6000원으로 3.0% 늘었고, 실질 소비지출은 470만원으로 4.8% 증가했다. 전문가들은 이 같은 흐름이 지속될 경우 양극화가 심화할 가능성이 크다고 우려했다. 중동사태에 따른 물가 상승이 저소득층의 소비지출 부담을 늘리고, 고소득층에선 나홀로 소득 여건이 개선되는 K자형 양극화가 심화할 수 있다는 것이다. 양준모 연세대 교수(경제학)는 “반도체 투자를 확대하는 과정에서 연관 산업을 키웠어야 하는데, 각종 규제로 인해 투자가 활발하게 이뤄지지 못했다”며 “특히 고용 경직성을 해소했다면 더 많은 고용이 발생했을 것”이라고 지적했다. 강성진 고려대 교수(경제학)는 “이미 물가가 오른 상태에서 정부가 경기진작을 위한 정책을 쓰긴 어렵다”며 “청년층을 비롯한 취약계층의 일자리를 늘려서 소득 격차를 좁히는 것이 양극화 극복에 가장 빠른 대책이 될 것”이라고 말했다. Copyright ⓒ 세계일보. 무단 전재 및 재배포 금지",mock
호황의 이면 / 청년 체감경기 괴리,호황의 이면 / 청년 체감경기 괴리 관련 세부 쟁점,호황의 이면 / 청년 체감경기 괴리;mk.co.kr;정책,https://www.mk.co.kr/article/12064738,"“韓 반도체 의존, 사우디 석유보다 심해”…‘초과세수 샴페인’ 경고한 거시경제통 - 매일경제",mk.co.kr,갈등_구도,중립적,정부,"'“韓 반도체 의존, 사우디 석유보다 심해”…‘초과세수 샴페인’ 경고한 거시경제통 - 매일경제' 기사에서 mk.co.kr가 어떤 주체와 강조점을 전면에 두는지 기준으로 생성한 mock 태깅 결과입니다.","“반도체, 성장·물가·세수 좌우 명목성장률도 10% 끌어올릴것 특정산업 의존도 지나치게 커져 초과세수 활용에는 신중할 필요 인플레 위험속 부양 논할때아냐” 성과급을 둘러싼 삼성전자 노사 갈등이 총파업 직전에 가까스로 봉합됐지만 논란은 산업계 전반으로 불붙고 있다. 반도체 슈퍼사이클 덕분에 기업 이익과 정부 세수가 동시에 불어나면서 이른바 ‘초과 수익’ 활용 방식을 둘러싼 사회적 논의도 이어지고 있다. 한국의 대표적 실전형 경제학자인 조동철 전 한국개발연구원(KDI) 원장은 한국 경제를 관통하는 키워드로 주저 없이 ‘반도체 공화국’을 내세웠다. 국책연구기관인 KDI를 3년간 이끌었던 그에게 반도체가 수출과 증시, 성장과 물가까지 뒤흔드는 지금의 경제 상황에 대해 물었다. 그는 반도체 호황을 마냥 축복으로만 볼 수 없다며 경계심을 주문했다. 특정 산업에 대한 의존도가 지나치게 커지면서 그만큼 리스크도 확대됐다는 것이다. ◆올해 명목성장률 10% 넘을 것 조 전 원장은 “반도체가 지난달 전체 수출액에서 차지하는 비중이 40%를 넘어섰고, 주식시장에서도 시가총액의 절반가량을 차지한다”며 “사우디아라비아도 석유 의존도가 높지만, 석유 비중이 경제에서 이 정도까지 크지는 않다”고 말했다. 그는 올해 한국의 실질 국내총생산(GDP) 성장률이 2.5%를 넘어설 가능성이 높다고 봤다. 한국은행은 지난달 발표한 수정 경제 전망에서 올해 GDP 성장률 전망치를 기존 2.0%에서 0.6%포인트 높인 2.6%로 제시했다. 조 전 원장은 “국민들이 실제로 체감하는 것은 명목 성장률”이라며 “올해는 반도체 가격 상승 영향으로 명목 성장률이 10%를 넘어설 수 있을 것”이라고 말했다. 한국은행에 따르면 올해 명목GDP 성장률이 10%를 넘어설 경우 이는 2002년 11.0% 이후 24년 만에 처음이다. 다만 조 전 원장은 치솟은 반도체 가격이 ‘GDP 디플레이터(명목GDP를 실질GDP로 나눈 값)’를 밀어올리는 동시에 경제 전반에 팽창 압력을 키우고 있다고 진단했다. ◆구조 개혁 없인 단기 호황에 그친다 조 전 원장은 반도체 슈퍼사이클이 ‘코리아 디스카운트’에 시달렸던 국내 증시의 재평가를 이끌고 자본시장 활성화로 이어진 것은 의미가 크다고 평가했다. 그는 “많은 시장 참여자가 기업 활동에 관심을 갖고 나라 전체의 부가 자본시장을 통해 생산적인 투자처로 흘러가는 것은 바람직하다”고 말했다. 미국처럼 자본시장이 발달할수록 경제 전반의 역동성이 커진다는 설명이다. 다만 조 전 원장은 반도체 호황의 과실을 활용하되 구조 개혁이 병행되지 않으면 지금의 호황이 장기 성장으로 이어지기 어렵다고 지적했다. 그는 “성장성이 높은 부문에서 고용이 늘고 그 효과가 경제 전체로 확산되도록 해야 한다”며 “정부 지원도 스스로 경쟁력을 키우려는 부문을 뒷받침하는 방식이어야 한다”고 말했다. ◆인플레 압력 커… 부양할 시점 아냐 조 전 원장은 “반도체 호황이 영원히 지속되는 것이 아니라면 초과 세수 활용에도 신중해야 한다”고 강조했다. 거시경제정책 방향 역시 확장보다 긴축에 무게를 둬야 한다고 봤다. 그는 “경제 전체로 보면 인플레이션 압력이 커지고 성장률도 높아지고 있다”며 “거시경제정책은 경기가 팽창할 때는 조심하고 수축될 때 부양하는 것인데, 지금은 경기를 부양할 시점이 아니다”고 말했다. 조 전 원장은 빌 클린턴 행정부 시절 미국이 세수 증가분을 국가채무 상환에 활용한 사례를 들며 재정건전성 확보의 중요성을 강조했다. 그는 “당시 미국은 세수가 늘었을 때 빚을 갚는 데 썼고, 그 덕분에 닷컴버블 붕괴와 9·11 테러, 글로벌 금융위기 때 정책 여력을 동원할 수 있었다”며 “건전한 재정은 한 번 놓치면 되돌리기 어렵다”고 말했다. ◆친노동 좋지만 ‘친노조’ 정책은 곤란 조 전 원장은 한국 경제의 최우선 구조 개혁 과제로 노동 개혁을 꼽았다. 대기업·공기업 노조의 기득권이 커질수록 청년과 중소기업 노동자가 오히려 피해를 볼 수 있다는 이유에서다. 그는 “청년 세대는 저성장, 자산 격차, 고용 불안을 동시에 겪고 있다”며 노란봉투법 등 최근 노동정책 흐름에 우려를 나타냈다. 이어 “문제는 노동정책이 친노동이 아니라 친노조로 흐르는 것”이라고 지적했다. 법적 정년 연장 논의에 대해 그는 “호봉제를 그대로 둔 채 정년만 늘리면 청년들이 더 어려워지는 구조”라고 진단했다. 또한 “정년 연장의 수혜자는 노조가 강한 대기업이나 공기업의 기존 직원들이고, 피해자는 그 안에 들어가고 싶지만 들어가지 못하는 청년들이 될 것”이라고 말했다.",mock
호황의 이면 / 청년 체감경기 괴리,호황의 이면 / 청년 체감경기 괴리 관련 세부 쟁점,호황의 이면 / 청년 체감경기 괴리;fnnews.com;정책,http://www.fnnews.com/news/202606041825334567,반도체 슈퍼사이클·확장재정 성과 '성장률 2%대 중후반'으로 반등 [이재명정부 1년],fnnews.com,갈등_구도,중립적,정부,'반도체 슈퍼사이클·확장재정 성과 '성장률 2%대 중후반'으로 반등 [이재명정부 1년]' 기사에서 fnnews.com가 어떤 주체와 강조점을 전면에 두는지 기준으로 생성한 mock 태깅 결과입니다.,"경제 추경 조기편성·AI 전략도 한몫 고용시장 'K자형 양극화' 불안 3高 리스크로 민생 격차도 심화 4일 정부 등에 따르면 경제협력개발기구(OECD) 등 주요 기관들은 올해 한국 경제성장률 전망치를 최대 2.6%로 일제히 상향 조정했다. 최근 한달 사이에 OECD는 1.7%에서 2.6%로, 한국은행은 2.0%에서 2.6%로, KDI는 1.9%에서 2.5%로 성장률을 올려 잡았다. 이재명 정부 출범 1년 즈음에 가시화된 성장률 반등의 기세에 재정경제부 등 경제당국은 한껏 고무된 분위기다. 이날 구윤철 부총리 겸 재정경제부 장관도 SNS에 ""OECD는 지난 3월 (중동전쟁 발발로) 중동 에너지 의존도가 높은 점을 우려해 우리의 성장 전망을 0.4%p 낮춘 지 3개월 만에 극적인 반전이 일어난 것""이라고 했다. 경제당국은 이번 성장률 반등이 석유 최고가격제 등 선제적 물가 억지 조치, 신속한 추가경정예산 편성과 확장재정, 인공지능(AI) 초혁신 경제전략의 성과라고 자평했다. 증시 상승과 반도체 등 일부 업종 호황에 따른 국민의 '자산 효과'와 내수부양을 위한 재정 투입에 따른 소비심리 상승 등의 시너지가 나타나고 있다는 점에는 전문가들도 동의한다. 그러나 반도체 호황이 경제 전반의 구조적 위험요인을 덮어버리는 함정에 빠져서는 안 된다는 지적이다. 성장과 엇박자로 장기침체 중인 고용시장과 가장 취약한 청년층의 고용난, 대·중소기업과 산업 간, 세대 간 부의 격차가 '악어의 입'처럼 벌어지는 'K자형 양극화'는 눈앞에 직면한 현실이다. 물가와 환율은 불안하다. 정부가 수조원의 재정을 써서 누르고 있는 석유 최고가격제도는 지속가능하지 않다. 중동전쟁 이후 '배럴당 100달러 유가'가 계속됨에 따라 이미 석유 최고가격 등 정책의 물가 인하 효과는 반감하고 있다. 5월 물가상승률은 3.1%로, 이 중 최고가격제와 유류세 인하가 전체 물가를 0.3%p 낮추는 효과에 그쳤다. 원·달러 환율은 중동전쟁과 국내 증시 급등과 맞물려 지난 3월 말에 이어 1500원대로 급등한 상황이다. 임박한 기준금리 인상까지 더해 고환율·고물가·고금리의 '3고'는 부의 양극화와 민생 격차를 심화시킬 것으로 보인다. 이런 이유에서 이재명 대통령도 지난 2일 국무회의에서 ""물가 안정 없이는 경제 성장도, 양극화 개선도, 국가의 지속적 발전도 불가능하다는 건 분명하다""고 했다. 호황이 끝나면 씀씀이를 키운 나라의 재정 부담도 커질 수밖에 없다. 과거처럼 어려운 과제를 미뤄둔 채 '호황의 잔치'에 취하는 오류를 재연해서는 안 된다는 게 전문가들의 공통된 지적이다. 업계 한 전문가는 ""지금의 반도체 호황은 적어도 3~5년 전에 투자한 기반에서 나오는 성과라는 점에서 지금 AI와 인프라 미래 투자를 늘려야 다음 정부에서 성장을 이어갈 수 있다""고 했다. skjung@fnnews.com 정상균 기자 ※ 저작권자 ⓒ 파이낸셜뉴스, 무단전재-재배포 금지",mock
호황의 이면 / 청년 체감경기 괴리,2030세대 소득 감소 원인 분석,청년 소득 감소;고용 부진;소득 불균형;체감경기 괴리;산업구조 변화,https://www.hankyung.com/article/202605319247i,코로나 이후 5년 만의 '충격'…왜 2030세대만 소득 줄었나 [김익환의 부처 핸즈업],hankyung.com,체감경기_괴리,부정적,2030세대,"이 기사는 전반적인 경기 회복에도 불구하고 2030세대의 소득이 감소한 현상을 분석하며, 고용 부진과 산업 구조 변화 등 그 원인을 설명하고 있습니다.","코로나 이후 5년 만의 '충격'…왜 2030세대만 소득 줄었나 [김익환의 부처 핸즈업] 코로나 이후 5년 만의 청년 소득 감소 청년층 근로·재산소득 나란히 줄어 청년층 근로·재산소득 나란히 줄어 “채용 공고를 내도 지원자가 거의 없다…2030세대는 씨가 말랐다.” 방송인 장동민은 최근 한 방송에서 2030세대가 취업이 어렵다는 말에 이해하기 힘들다며 이같이 말했다. 그는 ""취업이 안 된다는 말은 이해하기 어렵다""며 ""주변 사업가들도 전부 일손 부족을 이야기한다""고 했다. 하지만 2030세대는 눈높이가 높다는 데 대해서는 갑론을박이 이어졌다. 이 와중에 2030 가구의 월평균 소득이 5년 만에 감소한 것으로 나타났다. 전 연령층의 소득이 고르게 늘어난 가운데 유독 2030 청년층만 소득이 쪼그라든 것이다. 청년층 고용 상황이 나빠지는 데다 경기 회복의 과실이 고임금 제조업과 장기 근속 근로자 중심으로 쏠린 영향으로 풀이된다. 1일 국가데이터처의 2026년 1분기 가계동향조사에 따르면 39세 이하인 가구주의 올 1분기 월평균 명목소득은 539만원으로 전년 동기(548만원) 대비 1.7%(9만원) 줄었다. 39세 이하 가구 소득이 전년 동기 대비 줄어든 것은 코로나19 충격이 이어진 2021년 2분기(-2.3%) 후 약 5년 만이다. 같은 기간 전체 가구 소득은 548만원으로 2.4%(13만원) 늘었다. 40대 가구주의 월평균 소득은 741만원으로 7.0% 급증했다. 50대도 증가세를 유지했고 60세 이상 역시 이전소득 등을 바탕으로 늘었다. 전 연령층 가운데 39세 이하만 나홀로 줄어들었다. 청년 가구 소득 감소를 끌어내린 것은 전체 소득 가운데 '근로소득'이었다. 39세 이하 가구의 근로소득은 올해 1분기 414만원으로 지난해 같은 기간보다 8만1000원(-1.9%) 감소했다. 반면 전체 가구의 근로소득은 0.3% 증가했고, 40대 가구의 근로소득은 6.0% 늘었다. 반도체·대기업 중심의 성과급 확대 효과가 상대적으로 근속 기간이 긴 중장년층에 더 크게 반영된 영향이라는 분석이 나온다. 청년층 고용 부진도 영향을 미친 것으로 풀이된다. 국가데이터처에 따르면 올 4월 청년층(15~29세) 취업자는 19만4000명이나 줄었다. 고용률은 1.6%포인트 하락한 43.7%를 나타냈다. 2024년 5월부터 24개월째 내리막길이다. 2005년 9월부터 금융위기 직후인 2009년 11월까지 51개월 연속 떨어진 후 최장 기간 하락세다. 인공지능(AI) 확산에 따른 기업 채용 구조 변화도 변수로 꼽힌다. 기업들이 AI 투자와 자동화에는 적극적으로 나서지만 신규 인력 채용에는 신중해지면서 청년층의 임금 상승 기회가 제한되고 있다는 분석이 제기된다. 지난 4월 변호사·회계사 등이 포함된 전문·과학 및 기술서비스업 취업자는 전년 대비 11만5000명 감소했다. 관련 통계 작성 이후 최대 감소 폭을 기록했다. 자산수입도 격차가 컸다. 2030세대의 경우 이자 및 배당수입 등 재산소득이 월평균 1만9745원으로 전년 동기 대비 14.2%나 감소했다. 전체 가구의 재산소득이 9.1% 증가했지만 청년층만 감소했다. 금융자산 축적 규모가 작은 청년층이 최근 증시 상승 효과를 상대적으로 덜 누리고 있다는 해석이 나온다. 소득이 줄면서 여윳돈도 감소했다. 39세 이하 가구의 흑자액(처분가능소득에서 소비지출을 제외한 금액)은 지난해 월평균 151만원에서 올해 142만원으로 6.4%(9만원) 줄었다. AI·반도체 중심 성장 구조에서는 경기 회복이 곧바로 청년층 소득 개선으로 이어지지 않을 수 있다고 지적했다. 과거 제조업 호황처럼 대규모 신규 채용으로 연결되기보다 기존 고숙련 인력과 자산 보유층에 성장 효과가 집중될 가능성이 커졌다는 것이다. 김익환 기자 lovepen@hankyung.com 방송인 장동민은 최근 한 방송에서 2030세대가 취업이 어렵다는 말에 이해하기 힘들다며 이같이 말했다. 그는 ""취업이 안 된다는 말은 이해하기 어렵다""며 ""주변 사업가들도 전부 일손 부족을 이야기한다""고 했다. 하지만 2030세대는 눈높이가 높다는 데 대해서는 갑론을박이 이어졌다. 이 와중에 2030 가구의 월평균 소득이 5년 만에 감소한 것으로 나타났다. 전 연령층의 소득이 고르게 늘어난 가운데 유독 2030 청년층만 소득이 쪼그라든 것이다. 청년층 고용 상황이 나빠지는 데다 경기 회복의 과실이 고임금 제조업과 장기 근속 근로자 중심으로 쏠린 영향으로 풀이된다. 1일 국가데이터처의 2026년 1분기 가계동향조사에 따르면 39세 이하인 가구주의 올 1분기 월평균 명목소득은 539만원으로 전년 동기(548만원) 대비 1.7%(9만원) 줄었다. 39세 이하 가구 소득이 전년 동기 대비 줄어든 것은 코로나19 충격이 이어진 2021년 2분기(-2.3%) 후 약 5년 만이다. 같은 기간 전체 가구 소득은 548만원으로 2.4%(13만원) 늘었다. 40대 가구주의 월평균 소득은 741만원으로 7.0% 급증했다. 50대도 증가세를 유지했고 60세 이상 역시 이전소득 등을 바탕으로 늘었다. 전 연령층 가운데 39세 이하만 나홀로 줄어들었다. 청년 가구 소득 감소를 끌어내린 것은 전체 소득 가운데 '근로소득'이었다. 39세 이하 가구의 근로소득은 올해 1분기 414만원으로 지난해 같은 기간보다 8만1000원(-1.9%) 감소했다....",ok
호황의 이면 / 청년 체감경기 괴리,호황의 이면 / 청년 체감경기 괴리 관련 세부 쟁점,호황의 이면 / 청년 체감경기 괴리;etoday.co.kr;정책,https://www.etoday.co.kr/news/view/2589269,반도체가 키운 성장의 그늘…명목성장률 10% 눈앞인데 가계 소득은 제자리,etoday.co.kr,갈등_구도,중립적,정부,'반도체가 키운 성장의 그늘…명목성장률 10% 눈앞인데 가계 소득은 제자리' 기사에서 etoday.co.kr가 어떤 주체와 강조점을 전면에 두는지 기준으로 생성한 mock 태깅 결과입니다.,"실질소득 증가율 0.4% 그쳐…성장 과실 일부 산업·계층 집중 4월 반도체 생산지수 13% 급등⋯작년 4분기 일자리는 1.9% 증가 그쳐 31일 국가데이터처와 한국은행 등에 따르면 올해 1분기 실질 국내총생산(GDP) 증가율은 3.6%(전년 동기 대비)를 기록했다. 중동 리스크에도 반도체 수출 호조가 이어지면서 1분기 기준으로는 2014년 이후 가장 높은 성장률을 나타냈다. 반도체 호황은 국가 경제지표를 끌어올리고 있다. 금융시장에서는 올해 명목 GDP 증가율이 10%를 웃돌 가능성이 제기된다. 현실화될 경우 2002년 이후 처음으로 두 자릿수 명목성장을 기록하게 된다. 명목 GDP가 늘어나면 분모 효과로 GDP 대비 가계부채비율과 국가채무비율도 개선된다. 정부의 가계부채 관리 목표가 유지된다는 가정 아래 올해 가계부채비율은 80%대 초반까지 하락할 수 있다는 전망이 나온다. 국가채무비율 상승 폭 역시 애초 예상보다 크게 줄어들 것으로 분석된다. 하지만 성장의 온기는 가계로 충분히 전달되지 못하고 있다. 올해 1분기 가계 실질소득은 월평균 462만8718원으로 지난해 같은 기간보다 0.4% 증가하는 데 그쳤다. 경제성장률과 실질소득 증가율 간 격차는 3.2%포인트(p)로 2년 만에 가장 크게 벌어졌다. 경제 규모는 빠르게 커졌지만, 가계가 실제로 손에 쥔 소득은 제자리걸음을 한 셈이다. 특히 중산층의 소득 정체가 두드러졌다. 소득 2분위와 3분위 증가율은 각각 1.5%, 1.2%로 2020년 이후 가장 낮았고 4분위 증가율은 관련 통계 작성 이후 최저 수준인 0.5%에 머물렀다. 양극화 지표도 악화했다. 상위 20%와 하위 20%의 소득 격차를 보여주는 균등화처분가능소득 5분위 배율은 6.59배로 2020년 이후 최고치를 기록했다. 전체 소득 가운데 상위 20%가 차지하는 비중도 45.2%로 높아졌다. 고용 효과도 더디다. 데이터처에 따르면 4월 제조업 생산지수(원지수)는 지난해 같은 기간보다 1.6% 상승했다. 반도체 생산지수가 1년 전보다 13% 급등한 덕분이다. 그러나 일자리로 연결되지는 않았다. 지난해 4분기 반도체 제조업의 임금 근로 일자리 수는 17만2000개로 1년 전보다 3000개(1.9%) 늘어나는데 그쳤다. 전문가들은 최근 성장세가 반도체 중심으로 이뤄지면서 경제 전반으로 파급되는 효과가 제한적이라고 분석한다. 김광두 국가미래연구원 원장은 ""이번 반도체 호황은 생산량 확대보다 가격 급등에 의해 수익이 늘어나는 구조""라며 ""고용 창출과 연쇄 효과가 제한될 수밖에 없다""고 진단했다. 이어 ""코스피 8000 돌파와 반도체 기업 실적 개선이 청년 일자리와 내수 회복으로 이어지지 못하고 있다""며 성장의 과실이 특정 산업과 계층에 집중되는 구조적 문제를 지적했다. 정부도 성장과 체감경기 간 괴리가 확대되는 점을 주목하고 있다. 정부 관계자는 ""양극화의 폐해를 극복하고 국가 경제 구성원이 모두 함께 성장할 수 있도록 구조 개혁을 하는 것도 하반기 경제성장전략의 기본 방향에 반영할 계획""이라고 밝혔다.",mock
호황의 이면 / 청년 체감경기 괴리,호황의 이면 / 청년 체감경기 괴리 관련 세부 쟁점,호황의 이면 / 청년 체감경기 괴리;newsis.com;정책,https://www.newsis.com/view/NISX20260520_0003638354,"""반도체 호황 낙수효과 작아…수요 둔화 시 제조업 전반 하방""",newsis.com,갈등_구도,중립적,정부,"'""반도체 호황 낙수효과 작아…수요 둔화 시 제조업 전반 하방""' 기사에서 newsis.com가 어떤 주체와 강조점을 전면에 두는지 기준으로 생성한 mock 태깅 결과입니다.","""반도체 호황 낙수효과 작아…수요 둔화 시 제조업 전반 하방"" 예정처, 'NABO 경제동향&이슈'에 보고서 게재 ""반도체 경기호황과 이외 업종의 정체 속에서 'K자형' 양극화 경기 회복 양상 보이고 있어"" 특히 반도체 중심의 성장 구조가 강화되면서 경제성장률과 수출, 증시 등 거시지표는 개선되고 있지만 고용·소비 등 체감경기와의 괴리가 커지고 있다는 지적이다. 예정처는 20일 'NABO 경제동향&이슈'(2026년 5월호)에 게재한 '최근 반도체와 반도체 이외 제조업의 경기양극화 현황과 시사점' 보고서에서 이 같은 진단을 내놨다. 보고서에 따르면 올해 1~4월 전체 수출에서 반도체가 차지하는 비중은 35.9%로 지난해 평균(24.2%)보다 11.7%포인트(p) 확대됐다. AI 투자 확대로 고대역폭메모리(HBM) 등 고부가 반도체 수요가 급증한 영향이다. 그러나 반도체 외 제조업 비중은 같은 기간 64.1%로 축소됐다. 고환율과 금리 부담, 글로벌 수요 둔화 등의 영향으로 반도체 부문과는 상반된 흐름을 보인 것이다. 특히 석유화학과 철강 등 전통 제조업은 중국과의 경쟁 심화와 공급 과잉 여파로 가동률이 낮아지고 구조조정 압박까지 받고 있는 실정이다. 실제 제조업 내 반도체와 비반도체 부문의 생산능력 추이를 보면 반도체 제조업 생산능력 지수(2020=100)는 2015년 54.3에서 2023년 143.5, 지난해 180.8까지 10년 새 3배 이상 급등한 반면, 비반도체 부문은 2015년 99.4에서 2023년 91.4, 지난해 86.0으로 하락했다. 비제조업 부문을 봐도 서비스업은 숙박·음식업 등 내수 관련 업종의 부진으로 회복 속도가 더디고, 건설업은 지방 부동산 침체와 공사비 상승 영향으로 장기 부진 국면이 이어지고 있다고 보고서는 지적했다. 보고서는 ""제조업 경기의 외견상 호조는 반도체 단일 부문의 사이클에 크게 의존하는 모습""이라며 ""국내 제조업 경기는 반도체 경기 호황과 이외 업종의 정체 속에서 소위 'K자형' 양극화 경기 회복 양상을 보이고 있다""고 진단했다. 특히 이런 반도체 편중 성장 구조는 단기적으로 제조업 경기 회복을 견인하지만, 특정 산업 의존 심화에 따른 경기 변동성 확대 우려도 키울 수 있다. 반도체 산업이 글로벌 AI 투자와 데이터센터 투자 등 대외 수요 변화에 민감한 구조인 만큼, 향후 수요가 꺾일 경우 제조업 전반의 경기 둔화로 이어질 수 있다는 지적이다. 국가데이터처와 예정처 자료에 따르면, 2006년 1월부터 올해 3월까지 반도체 제조업 생산 증가율의 표준편차는 22.8%포인트(p)로 반도체 외 제조업(6.9%p)의 약 3배 수준에 달했다. 표준편차가 크다는 것은 생산 증가율의 변동폭이 그만큼 크다는 의미로, 반도체 경기 사이클 변화에 따라 생산이 급증하거나 급감하는 등 제조업 전체 경기 흐름도 크게 흔들릴 수 있다는 뜻이다. 반도체 산업은 자본집약적 구조 특성상 매출 증가 대비 고용 창출 효과가 크지 않아 거시지표 개선이 곧바로 체감경기 회복으로 이어지지 않고 있다는 설명이다. 반도체 경기와 경제 전체 경기선행지수 순환변동치 간 동조성 추이를 보면, 2015년 이전에는 양측 간 단순 상관계수가 0.27로 사실상 유사한 흐름을 보였지만 이후에는 0에 근접한 것으로 나타났다. 경기선행지수 순환변동치는 향후 경기 흐름을 보여주기 위해 장기 추세를 제외한 경기 변동만 따로 나타낸 지표다. 즉 반도체 경기가 호조세를 보이더라도 과거처럼 경제 전반의 경기 흐름이 함께 개선되지 않고 있다는 의미다. 아울러 현재 경기 상황을 보여주는 경기동행지수 순환변동치와의 연관성도 뚜렷하지 않다고 보고서는 지적했다. 경기동행지수는 서비스업 생산·건설기성·소매판매 등 내수 관련 지표 비중이 큰 만큼, 반도체 경기 호조가 내수 전반의 체감경기 개선으로 이어지는 효과는 제한적일 수 있다는 분석이다. 보고서는 ""반도체 산업은 낙수효과가 작아 수요가 둔화될 경우 제조업 경기 전반에 하방 압력이 크게 작용할 위험이 있다""며 ""반도체 편중 구조에서 벗어나 내수 기반과 반도체 외 제조업의 회복력을 강화하는 정책 노력이 필요하다""고 밝혔다. 이어 ""AI 투자 붐이 반도체 기업에만 머무르지 않고 고용과 투자 확대를 통해 견실한 내수 회복으로 이어질 수 있도록 정책 대응이 필요하다""며 로봇·스마트제조·자율주행·방산·바이오 등 차세대 제조업 육성 필요성도 제시했다. ◎공감언론 뉴시스 [email protected] Copyright © NEWSIS.COM, 무단 전재 및 재배포 금지",mock
호황의 이면 / 청년 체감경기 괴리,호황의 이면 / 청년 체감경기 괴리 관련 세부 쟁점,호황의 이면 / 청년 체감경기 괴리;joongang.co.kr;정책,https://www.joongang.co.kr/article/25430916,"美 소비심리 바닥·증시는 최고…커지는 경제 괴리, 한국도 영향권 | 중앙일보",joongang.co.kr,갈등_구도,중립적,정부,"'美 소비심리 바닥·증시는 최고…커지는 경제 괴리, 한국도 영향권 | 중앙일보' 기사에서 joongang.co.kr가 어떤 주체와 강조점을 전면에 두는지 기준으로 생성한 mock 태깅 결과입니다.","미국 증시는 연일 최고가 행진인데 미국 소비자의 지갑은 좀처럼 열리지 않고 있다. 한국과 비슷한 흐름이다. 주가가 오르면 소비자도 웃는다는 오랜 경제 공식이 흔들리고 있다 뉴욕증권거래소에 따르면 22일(현지시간) 다우존스 지수는 전날보다 0.58% 오른 5만579.7로 마감했다. 1년 전(4만1859.09)보다 21% 치솟으며 역대 최고가를 다시 썼다. 스탠더드 앤드 푸어스(S&P) 500지수도 주간 종가 기준으로 8주 연속 상승세를 이어갔다. 증시와 달리 미국 소비자의 경제 심리는 얼어붙었다. 미시간대는 이날 5월 소비자심리지수(확정치)가 44.8로 전달보다 5포인트 하락했다고 밝혔다. 1952년 조사를 시작한 후 가장 낮다. 미시간대 소비자심리지수는 소비자의 체감 경기와 향후 소비 의향 변화를 반영해 경기 선행지표로 활용된다. 2000년 초 닷컴 버블 시기엔 미시간대 소비자심리지수가 현재의 2배 이상인 100선을 웃돌았다. 증시 호황과 소비자 낙관론이 동반했던 대표적인 시기였다. 다만 당시엔 물가가 안정됐고, 미국 정부의 재정 흑자가 뒷받침됐다. 주식시장이 현재 미국 경제의 흐름을 제대로 반영하지 못한 채 과열됐다는 분석이 나오는 이유다. 실제 미국 소비자들은 중동사태에 따른 고유가 충격과 물가 불안에 흔들리고 있다. 미시간대 소비자심리지수 통계를 담당하는 조안 슈 디렉터는 ”높은 물가로 가계 부담을 느낀다는 응답이 지난달 50%에서 57%로 늘었다”며 “특히 소비자들은 휘발유 가격 상승이 장기적으로 물가를 끌어올릴 것으로 우려했다”고 말했다. 실제 이날 미시간대가 발표한 5년 기대 인플레이션(물가 상승)은 4월 3.5%에서 5월 3.9%로 상승했다. 7개월 만에 가장 높다. 증시는 이를 외면한 채 인공지능(AI) 낙관론만 반영하고 있다는 지적이다. 증시 고평가 우려는 지표에서도 드러났다. 월스트리트저널(WSJ)에 따르면 S&P 500 지수는 현재 경기조정 주가수익비율(쉴러 PER) 기준으로 40.8배를 기록했다. 40배를 넘어선 것은 2000년대 닷컴버블 전후로 처음이다. 이는 투자자들이 기업의 장기 평균 이익의 40배가 넘는 가격에 주식을 사고 있다는 의미다. 쉴러 PER은 현재 주가를 물가를 반영한 10년 평균 이익으로 나눈 장기 PER 지표로, 로버트 쉴러 예일대 교수가 대중화했다. 최근 증시 랠리를 이끄는 AI 열풍이 역설적으로 미국인의 경제 불안을 증폭시키고 있다는 분석도 있다. 기업들이 AI를 활용해 인건비를 절감하고, 이윤을 획기적으로 확대하면 주식시장엔 호재로 작용한다. 하지만 사람들에겐 일자리와 소득을 위협하는 변수로 바뀐다. 존스홉킨스 대학교의 로버트 바베라 금융경제센터장은 23일 WSJ를 통해 “고공 행진하는 증시와 점점 우울해지는 가계는 서로 다른 현실이 아니라 같은 경제 변화를 반영하는 것”이라고 짚었다. 고용 불안에 더해 빚 부담도 커진다. 고유가 여파가 물가를 자극할 경우 미국 연방준비제도(Fed)의 긴축 기조가 강화될 수 있기 때문이다. CME페드워치에 따르면 올해 말까지 Fed가 기준금리를 0.25%포인트 이상 인상할 확률은 24일 오전 3시 40분(미국 동부시간) 67.9%로 한 달 전(0.6%)보다 크게 높아졌다. 반면 현재 기준금리(3.5~3.75%)를 유지할 확률은 같은 기간 61.3%에서 32.1%로 줄었다. 한국도 남의 일이 아니다. 반도체가 수출과 증시를 견인하는 사이 비(非)반도체·내수 업종은 정체되거나 후퇴하는 ‘K자형’ 성장 구조가 나타나고 있다. 여기에 물가 오름세가 뚜렷해지면 통화 긴축 압박도 커질 수 있다. 조용구 신영증권 연구원은 “고유가 이어지면 한국은행이 3·4분기 연속으로 (기준금리를) 0.25%포인트씩 올릴 수 있다”고 전망했다.",mock
호황의 이면 / 청년 체감경기 괴리,호황의 이면 / 청년 체감경기 괴리 관련 세부 쟁점,호황의 이면 / 청년 체감경기 괴리;newsian.co.kr;정책,http://www.newsian.co.kr/news/articleView.html?idxno=89890,5대 금융지주 “반도체 호황에 성장률 뛰었지만 경기 온도차 여전”,newsian.co.kr,갈등_구도,중립적,정부,'5대 금융지주 “반도체 호황에 성장률 뛰었지만 경기 온도차 여전”' 기사에서 newsian.co.kr가 어떤 주체와 강조점을 전면에 두는지 기준으로 생성한 mock 태깅 결과입니다.,"［뉴시안= 송서영 기자］국내 주요 금융지주들은 올해 한국 경제에 대해 반도체 경기 호황이 성장을 이끄는 가운데 체감 경기와의 괴리는 당분간 이어질 수 있다고 평가했다. 인공지능(AI) 인프라 투자 확대와 메모리 가격 상승에 힘입어 수출과 설비투자는 개선되고 있지만, 비반도체 제조업과 건설투자 부진이 동시에 나타나면서 경기 회복의 온기가 산업 전반으로 확산되기에는 시간이 필요하다는 분석이다. # 반도체가 밀어올린 성장률…비반도체 수출은 뒷걸음 신한금융지주는 분기보고서에서 “1분기 실질 국내총생산(GDP) 속보치가 전기 대비 1.7% 증가하며 2020년 3분기 이후 5년 6개월 만에 가장 높은 분기 성장률을 기록했다”고 설명했다. 1분기 누적 수출도 2193억 달러로 분기 기준 역대 최대치를 새로 썼다. 다만 성장의 중심은 뚜렷하게 반도체에 쏠렸다. 신한금융은 3월 수출에서 반도체가 차지하는 비중이 38.1%까지 높아진 반면 비반도체 품목 수출은 1% 내외 감소했다고 평가했다. KB금융도 한국 경제가 당초 예상보다 강한 흐름을 보였다고 분석했다. KB금융은 1분기 GDP 성장률이 한국은행의 예상 수준인 0.9%를 크게 웃돌았으며, 2분기부터 4분기까지 성장률이 0%에 그치더라도 연간 성장률은 2.5% 안팎을 기록할 수 있다고 봤다. 올해 성장 요인으로는 반도체 수출 호황과 26조2000억 원 규모의 추가경정예산, 민간소비 회복세를 꼽았다. 우리금융도 반도체 수출 개선이 대외건전성을 뒷받침할 것으로 봤다. 우리금융은 올해 경상수지 흑자 규모가 한국은행의 2026년 2월 전망치인 1700억 달러를 넘어설 것으로 예상했다. 에너지 수입금액은 크게 늘겠지만, 메모리 가격 상승에 따른 반도체 수출 증가세가 상품수지 흑자 확대를 이끌며 당초 예상을 웃돌 것이라는 설명이다. NH농협금융은 수출 지표에서도 반도체 쏠림이 뚜렷하다고 봤다. 농협금융은 한국의 2월 수출이 전년 대비 29% 증가했으며, 일평균 반도체 수출 증가율이 사상 처음으로 200%대를 기록했다고 설명했다. 반도체의 전체 수출 비중도 37%까지 올라갔다. 반면 자동차(-21%), 정유(-4%), 석유화학(-16%), 철강(-8%) 등 주요 비반도체 품목은 부진을 이어가면서 수출 개선세가 특정 산업에 집중되는 모습이 나타났다. # 외형은 회복세지만 체감은 더뎌…건설·내수가 변수 문제는 반도체 호조가 곧바로 체감 경기 개선으로 이어지지 않는다는 점이다. 신한금융은 민간소비가 완만한 회복세를 보였지만 고유가와 고환율이 소비심리를 누르며 회복 모멘텀을 일부 상쇄했다고 봤다. 또 반도체 관련 설비투자는 AI 인프라 확대에 힘입어 급증한 반면, 비반도체 업종은 관세 불확실성과 글로벌 수요 부진으로 위축세가 이어졌다고 평가했다. 건설투자도 경기 회복을 제약하는 요인으로 꼽힌다. 농협금융은 건설투자 부진이 장기화하며 내수경기의 상승세를 제약하고 있다고 분석했다. 하나금융 역시 2분기 국내 경제에 대해 반도체 경기 호황과 정부 경기부양책으로 급락 가능성은 제한적이지만, 건설투자는 공사비 인상과 재료 공급 차질 등으로 회복세가 약화될 가능성이 높다고 봤다. 금융시장 측면에서도 반도체는 핵심 변수로 부상했다. 하나금융은 1분기 국내 증시가 AI와 반도체 수출 호조, 기업 실적 개선, 증시 활성화 정책에 힘입어 역사적 강세장을 보였다고 설명했다. 특히 삼성전자와 SK하이닉스를 중심으로 한 대형 반도체주의 어닝 서프라이즈가 지수 상승을 견인했다는 평가다. 다만 대외 리스크는 여전히 크다. KB금융은 편중된 수출 구조와 중동 분쟁 장기화, 글로벌 무역 갈등을 성장 경로의 변수로 지목했다. 여기에 에너지 공급망 정상화 지연, 고령화, 가계부채 부담까지 고려하면 성장 폭이 예상보다 크지 않을 가능성도 있다고 봤다. 신한금융은 이 같은 산업 간 양극화로 외형적 성장세와 체감경기 간 괴리가 당분간 이어질 가능성이 높다고 봤다. 신한금융은 “AI 인프라 투자 확대에 따른 반도체 수요 강세가 수출과 설비투자의 양호한 흐름을 뒷받침하는 핵심 동력으로 작용할 것으로 예상되며, 추경 효과도 내수 회복을 점진적으로 지지할 것으로 기대된다”고 밝혔다. 이어 “다만 호르무즈 해협 봉쇄 우려에 따른 에너지·원자재 가격 상승과 물류 차질이 2분기 이후 제조업 비용 부담과 물가에 본격 반영될 수 있어 회복세의 강도와 지속성은 중동 사태 전개에 좌우될 것”이라고 전망했다.",mock
호황의 이면 / 청년 체감경기 괴리,호황의 이면 / 청년 체감경기 괴리 관련 세부 쟁점,호황의 이면 / 청년 체감경기 괴리;segye.com;정책,https://www.segye.com/newsView/20260509505368?OutUrl=naver,“개미는 웃는데 서민은 운다” 증시 호황 뒤 숨겨진 ‘역대급 파산’ 그늘,segye.com,갈등_구도,중립적,정부,'“개미는 웃는데 서민은 운다” 증시 호황 뒤 숨겨진 ‘역대급 파산’ 그늘' 기사에서 segye.com가 어떤 주체와 강조점을 전면에 두는지 기준으로 생성한 mock 태깅 결과입니다.,법인 파산도 1년 전보다 28% 급증…회생보다 파산 택하는 비극 심화 “양극화 성장 고착화 위험” 내수 회복 위한 근본 대책 절실 코스피지수가 연일 사상 최고치를 경신하고 있지만 그 온기가 서민과 중소기업으로까지 퍼지지 못하고 있다는 지적이 나온다. 고금리와 경기 둔화가 길어지면서 빚을 감당하지 못해 법원을 찾는 개인과 기업이 사상 최대 수준으로 늘었기 때문이다. 8일 법원행정처와 주요 언론 보도 등에 따르면 올해 1분기 개인회생 신청 건수는 3만9952건으로 집계됐다. 이는 지난해 같은 기간(3만5325건)보다 13.1% 증가한 수치로 1분기 기준 역대 최대 규모다. 개인파산 신청 역시 1만434건에 달하며 2021년 이후 최고치를 기록했다. 자산 시장의 호황과 달리 서민들의 체감 경기는 최악으로 치닫고 있다. 서울회생법원 조사 결과 지난해 개인파산 신청자 가운데 ‘생활비 지출 증가’를 이유로 든 비중이 48.8%로 가장 높았으며 실직 또는 소득 감소 등이 뒤를 이었다. 물가 상승과 이자 부담이 누적된 상황에서 소득 기반마저 약해지자 한계에 내몰린 채무자가 급증한 것으로 풀이된다. 기업 사정은 더욱 심각하다. 올 1∼3월 법인 파산 신청은 지난해 동기보다 28% 증가한 580건으로 나타났다. 이는 법원 통계 월보상 역대 1분기 기준 가장 많은 수치다. 특히 구조조정을 통해 회생을 도모하기보다 곧바로 문을 닫는 ‘파산’을 택하는 사례가 늘고 있어 중소기업과 자영업자의 연쇄 도산 우려가 커지고 있다. 경제 전문가들은 주식 시장과 실물 경제의 괴리가 실물 경제에 상당한 악영향을 미칠 수 있다고 경고한다. 한상용 한국금융연구원 연구위원은 “중소기업과 서민의 재정 상황은 계속 악화하는 불균형 성장 흐름을 보이고 있다”며 “기업과 개인이 연쇄 도산하면 실물 경제에 미치는 악영향이 상당한 만큼 내수 경기를 회복시킬 수 있는 근본적인 대책이 필요하다”고 지적했다. Copyright ⓒ 세계일보. 무단 전재 및 재배포 금지,mock
호황의 이면 / 청년 체감경기 괴리,호황의 이면 / 청년 체감경기 괴리 관련 세부 쟁점,호황의 이면 / 청년 체감경기 괴리;mk.co.kr;정책,https://www.mk.co.kr/article/12042217,“주식으로 돈 번 사람 넘치는데 우리 집은 왜?”…더 싸늘해진 체감경기 - 매일경제,mk.co.kr,갈등_구도,중립적,정부,'“주식으로 돈 번 사람 넘치는데 우리 집은 왜?”…더 싸늘해진 체감경기 - 매일경제' 기사에서 mk.co.kr가 어떤 주체와 강조점을 전면에 두는지 기준으로 생성한 mock 태깅 결과입니다.,"소비자심리 1년 만에 100 하회 최근 코스피가 사상 처음 7500선을 터치하고 반도체 수출도 전례없는 호황을 맞았지만, 체감 경기에는 온기가 돌지 않는 괴리 현상이 커지고 있다. 중동전쟁에 따른 고유가로 물가 부담이 커지고 청년층 고용 한파도 계속되며 서민들은 지갑을 닫고 있는 모습이다. 9일 한국은행에 따르면 소비지출전망 소비자심리지수(CSI)는 올해 1~3월 111을 유지하다가 지난달 108로 하락했다. 소비자심리지수가 100을 넘으면 낙관적, 100을 밑돌면 비관적임을 뜻한다. 다만 지난달 소비지출전망이 100 이상으로 나타난 것은 주거비 등 필수지출 부담이 크기 때문인 것으로 해석된다. 구체적으로 주거비 지출전망은 105를 기록했고 교통비 및 통신비 111, 의료·보건비 111 등으로 조사됐다. 반면 필수적이지 않은 소비분야 지출 전망은 중동사태 난 2월 이후 3개월 연속 감소 중이다. 교양·오락·문화생활비 91, 여행비 92, 외식비 93, 의류비 96, 내구재 94 등으로 나타났다. 고유가로 인한 물가 상승이 나타나며 여가·여행처럼 고비용 선택 항목부터 선별적으로 줄이는 ‘전략적 긴축’에 나서고 있는 셈이다. 향후 물가수준 전망 CSI는 지난해 말 140대에서 지난달 153으로 치솟았다. 고물가가 장기화될 경우 필수 지출까지 허리띠를 졸라매는 전방위적인 내수 침체가 올 것이란 경고음이 나온다. 중동 사태 여파로 올 하반기까지 물가 상승이 이어질 것으로 전망된다. 국가데이터처에 따르면 지난달 소비자물가지수는 전년 동기 대비 2.6% 상승했다. 1년9개월만에 가장 큰 오름폭이다. 특히 석유류가 21.9% 급등했고 국제항공료도 15.9% 올랐다. 취업기회전망 역시 82로 3개월째 내리막길을 걷고 있다. 기업 구조조정과 인공지능(AI)의 일자리 대체 등으로 인한 채용시장 한파가 반영된 것으로 보인다. 전체 소비자심리지수는 99.2로 전월보다 7.8포인트 하락했다. 100을 밑돈 것은 지난해 4월 이후 1년 만이다. 지난달 낙폭은 비상계엄 사태가 있었던 2024년 12월(-12.7포인트) 이후 가장 컸다. 증시 호황과 경상수지 흑자로 경제 지표에 청신호가 들어오고 있음에도 ‘부의 효과’가 소비와 고용 등 체감 경기에 미치지 못하는 것으로 해석된다. 한국은행이 지난 8일 발표한 3월 경상수지는 373억3000만 달러 흑자로 사상 최대치를 기록했다. 작년 같은 기간(194억9000만달러)의 3.8배에 달했다. 2000년대 들어 두 번째로 긴 35개월 연속 흑자 기조를 유지했다. 하지만 소수의 반도체 대기업만 수출 실적을 이끌고 대다수 기업들은 성장이 정체된 ‘K자형 성장’이 심화하고 있단 우려가 커진다. 산업활동동향에 따르면 올해 1분기 반도체를 제외한 제조업 생산은 전분기 대비 0.2% 증가에 그쳤다. 코스피가 연일 사상 최고치를 경신하자 국내 주식에 투자하지 않았던 개인들 사이에선 ‘FOMO(포모·소외되는 것에 대한 두려움)’ 심리도 빠르게 퍼지고 있단 지적이 나온다.",failed
호황의 이면 / 청년 체감경기 괴리,호황의 이면 / 청년 체감경기 괴리 관련 세부 쟁점,호황의 이면 / 청년 체감경기 괴리;newsis.com;정책,https://www.newsis.com/view/NISX20260603_0003654600,"""쉬었음 청년 10명 중 6명 취업 의향…자격증 등이 높여""",newsis.com,갈등_구도,중립적,정부,"'""쉬었음 청년 10명 중 6명 취업 의향…자격증 등이 높여""' 기사에서 newsis.com가 어떤 주체와 강조점을 전면에 두는지 기준으로 생성한 mock 태깅 결과입니다.","""쉬었음 청년 10명 중 6명 취업 의향…자격증 등이 높여"" 고용정보원, 4일 학술대회 개최…연구논문 47편 발표 ""자격증·지도가 취업 의향 높여…지원 정책 확대해야"" AI·플랫폼노동 세대별 차이 등 노동시장 변화도 진단 [세종=뉴시스] 고홍주 기자 = '쉬었음' 청년 10명 중 6명이 향후 취업 의향이 있는 것으로 나타났다. 특히 이른바 '워라밸'을 중시할수록 취업 의사가 높다는 분석이 나왔다. 한국고용정보원은 4일 오전 서울대학교 호암교수회관 컨벤션센터에서 '2026 고용패널조사 학술대회'를 개최했다. 이번 학술대회에서는 쉬었음 청년의 취업 의향과 청년층 노동시장 변화, 인공지능(AI) 확산과 플랫폼노동 증가, 중·고령층의 노동생애와 정신건강 등 최근 노동시장 구조 변화를 다룬 전문가 논문 41편과 학생논문경진대회 수상작 6편 등 총 47편의 연구가 발표됐다. 김난주 한국여성정책연구원 연구위원은 '쉬었음 청년의 취업 의사 결정 요인'을 주제로 한 논문을 발표했다. 쉬었음 청년은 일하거나 구직·취업 준비를 하지 않고 특별한 이유 없이 쉬고 있다고 응답한 청년층을 뜻하는 단어로, 80만명에 육박하고 있다. 김 연구위원은 ""쉬었음 청년 10명 중 6명이 향후 취업 의향을 보였고, 일과 삶의 균형(워라밸)을 중시할수록 취업 의사가 높게 나타났다""며 ""자격증 취득과 진로지도 경험이 취업 의향을 높이는 핵심 요인으로 확인된 만큼, 청년 맞춤형 취업지원 정책 확대가 필요하다""고 설명했다. 오태희 인천대학교 교수와 서현덕 인하대학교 교수는 청년의 비경제활동 상태가 단일한 집단이 아니라 '취업·진학 준비형'과 '쉬었음·건강 제약형' 등 서로 다른 유형으로 구성된다고 분석했다. 건강 상태와 노동시장 여건이 주요 결정 요인으로 작용한다는 설명이다. 정기덕 고용정보원 연구원은 청년패널2007 자료를 활용해 청년층 초기 노동시장 경력의 10년간 경로를 분석했다. 그 결과 고용 상태는 저임금·중임금·고임금 상용직과 비상용직, 비경제활동 등 5개 유형으로 구분됐으며 이동성과 계층화가 동시에 나타났다. 특히 첫 일자리 임금 수준과 이후 직업 이동 경험이 경력 경로를 가르는 핵심 요인으로 확인됐다. 공정승 고용정보원 전임연구원은 경기 침체 시 청년층의 취업 전환 가능성이 낮아지고, 장기 미취업 청년일수록 노동시장 진입이 더욱 어려워진다고 분석했다. 비정규직과 초기 경력자 등 불안정 고용 상태에 있는 청년은 비자발적 실직 위험도 높은 것으로 나타났다. 이와 함께 AI 확산과 플랫폼 노동에 대한 연구도 발표됐다. 김미진 경성대학교 박사는 '청년층 AI 노출과 임금 변화의 분포적 이질성: 직업코드 매핑 전략에 따른 측정 민감도 분석'을 주제로 생성형 AI 확산 이후 청년층의 직업별 AI 노출과 임금 변화의 관계를 분석했다. 연구 결과 AI 노출이 임금에 미치는 효과는 단일하지 않고 임금분포 수준에 따라 차이를 보였다. 또 직업코드 매핑 방식에 따라 결과가 달라져 측정 방법과 분석 설계의 중요성도 확인됐다. 장윤선 성균관대학교 박사과정생과 조용운 고용정보원 책임연구원은 청년패널조사와 고령화고용패널 자료를 활용해 세대별 플랫폼노동 참여 양상을 비교했다. 그 결과 청년층의 플랫폼노동은 추가 소득 확보와 경력 탐색 성격이 강한 반면, 중·고령층은 생계유지형 노동 경향이 뚜렷하게 나타났다. 아울러 중·고령층 관련 연구에서는 무자녀 여성의 노동생애와 중장년 근로자의 정신건강을 중심으로 한 분석 결과도 발표됐다. 송스란 고용정보원 책임연구원은 '무자녀 여성의 노동 생애 유형화 연구'를 발표했다. 송 연구원에 따르면 출산 경험 여부만으로 고용 경로를 설명하기는 어렵다. 노동시장 진입 시점, 학력, 결혼 경험 등에 따라 상용직 지속형과 노동시장 미진입·후기 진입형 등 다양한 유형으로 분화된다는 설명이다. 그는 ""여성 고용정책이 생애과정 전반으로 확장될 필요가 있다""고 제언했다 이 밖에도 박세정 고용정보원 연구원은 고령화고용패널 자료를 활용해 중장년 비임금근로자의 일자리 불안정성과 정신건강 관계를 분석했다. 일자리가 불안정하다고 느낄수록 일을 과도하게 하는 경향이 높아지고, 이러한 업무 몰입이 우울감 증가로 이어질 수 있다는 결과다. 특히 자아존중감이 낮은 집단에서 이 같은 경향이 더 크게 나타났다. 반면 임금근로자 집단에서는 해당 관계가 뚜렷하게 확인되지 않았다. 한편 고용정보원은 학술대회 개최에 앞서 지난해 12월부터 올해 4월까지 국내외 대학생과 대학원생을 대상으로 학생부문 논문경진대회를 진행했다. 총 40편의 응모작을 대상으로 내·외부 전문가 심사를 거쳐 우수 논문 6편을 선정해 상장과 상금을 수여했다. 고용노동부 장관상인 최우수상에는 고려대학교 소속 박태성 학생의 '청년 쉬었음의 반복과 고착화'가 선정됐다. 고용정보원장상인 우수상은 서울대학교 김경준 학생의 '청년의 노동시장 이행에 따른 직업 가치 변화 연구', 숙명여자대학교 정지민·박유라 학생의 '청년층 초기 경력 이동과 좋은 일자리 전환: 이직의 역할과 직업훈련의 조절 효과'가 받았다. ◎공감언론 뉴시스 [email protected] Copyright © NEWSIS.COM, 무단 전재 및 재배포 금지",mock
호황의 이면 / 청년 체감경기 괴리,호황의 이면 / 청년 체감경기 괴리 관련 세부 쟁점,호황의 이면 / 청년 체감경기 괴리;kado.net;정책,https://www.kado.net/news/articleView.html?idxno=2054004,“‘쉬었음’ 상태 청년 10명 중 6명 취업의향 있다” - 강원도민일보,kado.net,갈등_구도,중립적,정부,'“‘쉬었음’ 상태 청년 10명 중 6명 취업의향 있다” - 강원도민일보' 기사에서 kado.net가 어떤 주체와 강조점을 전면에 두는지 기준으로 생성한 mock 태깅 결과입니다.,"한국고용정보원 고용패널조사 학술대회 일하지 않고 구직 활동도 하지 않는 이른바 ‘쉬었음’ 상태의 청년 10명 가운데 6명은 앞으로 취업할 생각이 있는 것으로 조사됐다.김난주 한국여성정책연구원 연구위원은 4일 서울대 호암교수회관에서 열린 한국고용정보원의 ‘2026 고용패널조사 학술대회’에서 이 같은 분석 결과를 공개했다. 김 연구위원은 ‘쉬었음’ 청년의 경우 일과 삶의 균형을 중요하게 여길수록 취업 의사가 더 높게 확인됐다고 설명했다. ‘쉬었음’은 중대한 질병이나 장애가 있는 것은 아니지만 특별한 이유 없이 막연히 쉬고 싶어 하는 상태를 뜻한다. 이번 학술대회에서는 청년패널조사(YP), 고령화연구패널조사(KLoSA), 고령화고용패널조사(KLoEE) 등 고용 관련 패널조사 자료를 토대로 한 다양한 연구 결과가 소개됐다. 전문가 논문 41편과 학생논문경진대회 수상작 6편도 함께 발표됐다. 오태희 인천대 교수와 서현덕 인하대 교수는 청년층의 비경제활동 상태가 ‘취업·진학 준비형’과 ‘쉬었음·건강 제약형’ 등으로 구분된다고 분석했다. 이들은 청년이 비경제활동 상태에 놓이는 데 건강 수준과 노동시장 환경이 중요한 영향을 미친다고 봤다. 장윤선 성균관대 박사과정생과 조용운 고용정보원 책임연구원은 청년패널조사와 고령화고용패널 자료를 바탕으로 연령대별 플랫폼노동 참여 양상을 비교했다. 분석 결과 청년층의 플랫폼노동은 추가 수입 확보와 경력 탐색의 성격이 강한 반면, 중·고령층에서는 생계유지를 위한 노동 성격이 두드러졌다. 중·고령층을 다룬 연구도 발표됐다. 박세정 한국고용정보원 연구원은 고령화고용패널조사(KLoEE) 자료를 분석한 결과, 중장년 비임금근로자가 자신의 일자리를 불안정하다고 인식할수록 과도하게 일에 몰두하는 경향이 커진다고 밝혔다. 또 이 같은 과도한 업무 몰입은 우울감 증가로 이어질 가능성이 있다고 설명했다. 학술대회에 앞서 진행된 학생 부문 논문경진대회에서는 고려대 박태성 학생이 ‘청년 쉬었음의 반복과 고착화’ 논문으로 고용노동부 장관상인 최우수상을 수상했다. 개의 댓글 댓글 정렬 BEST댓글 BEST 댓글 답글과 추천수를 합산하여 자동으로 노출됩니다. 내 댓글 모음",mock
호황의 이면 / 청년 체감경기 괴리,호황의 이면 / 청년 체감경기 괴리 관련 세부 쟁점,호황의 이면 / 청년 체감경기 괴리;yna.co.kr;정책,https://www.yna.co.kr/view/AKR20260602121500530?input=1195m,"""'쉬었음' 청년 10명 중 6명은 향후 취업의향"" | 연합뉴스",yna.co.kr,갈등_구도,중립적,정부,"'""'쉬었음' 청년 10명 중 6명은 향후 취업의향"" | 연합뉴스' 기사에서 yna.co.kr가 어떤 주체와 강조점을 전면에 두는지 기준으로 생성한 mock 태깅 결과입니다.","'쉬었음' 청년 10명 중 6명이 향후 취업 의향을 보인 것으로 나타났다. 장윤선 성균관대 박사과정생과 조용운 고용정보원 책임연구원은 청년패널조사와 고령화고용패널 자료를 활용해 세대별 플랫폼노동 참여 양상을 비교 분석했다. 연구 결과 청년층은 추가 소득과 경력 탐색 성격이 강하지만, 중·고령층은 생계유지형 노동 경향이 뚜렷하게 나타났다. 전체 내용을 이해하기 위해서는 기사 본문과 함께 읽어야 합니다. 송고 2026년06월04일 09시00분 세 줄 요약 '쉬었음' 청년 10명 중 6명이 향후 취업 의향을 보인 것으로 나타났다. 장윤선 성균관대 박사과정생과 조용운 고용정보원 책임연구원은 청년패널조사와 고령화고용패널 자료를 활용해 세대별 플랫폼노동 참여 양상을 비교 분석했다. 연구 결과 청년층은 추가 소득과 경력 탐색 성격이 강하지만, 중·고령층은 생계유지형 노동 경향이 뚜렷하게 나타났다. 인공지능이 자동으로 줄인 '세 줄 요약' 기술을 사용합니다. 전체 내용을 이해하기 위해서는 기사 본문과 함께 읽어야 합니다. 전체 내용을 이해하기 위해서는 기사 본문과 함께 읽어야 합니다. (서울=연합뉴스) 한혜원 기자 = '쉬었음' 청년 10명 중 6명이 향후 취업 의향을 보인 것으로 나타났다. 김난주 한국여성정책연구원 연구위원은 4일 서울대 호암교수회관에서 열린 한국고용정보원 '2026 고용패널조사 학술대회'에서 이런 연구결과를 발표했다. '쉬었음' 청년은 일과 삶의 균형을 중시할수록 취업 의사가 높게 나타났다고 김 연구위원은 설명했다. '쉬었음'은 중대한 질병이나 장애는 없지만, 막연히 쉬고 싶은 상태에 있는 이들을 뜻한다. 이날 학술대회에서는 청년패널조사(YP), 고령화연구패널조사(KLoSA), 고령화고용패널조사(KLoEE) 등 고용 패널조사 자료를 기반으로 한 연구가 발표됐다. 또 전문가 논문 41편과 학생논문경진대회 수상작 6편이 공개됐다. 오태희 인천대 교수와 서현덕 인하대 교수는 청년 비경제활동 상태가 '취업·진학 준비형'과 '쉬었음·건강 제약형' 등으로 나뉘며, 건강 상태와 노동시장 여건이 주요 결정 요인으로 작용한다고 분석했다. 장윤선 성균관대 박사과정생과 조용운 고용정보원 책임연구원은 청년패널조사와 고령화고용패널 자료를 활용해 세대별 플랫폼노동 참여 양상을 비교 분석했다. 연구 결과 청년층은 추가 소득과 경력 탐색 성격이 강하지만, 중·고령층은 생계유지형 노동 경향이 뚜렷하게 나타났다. 중·고령층 관련 연구에서는 박세정 한국고용정보원 연구원이 고령화고용패널조사(KLoEE) 자료를 활용한 분석 결과를 공개했다. 박 연구원은 중장년 비임금근로자는 일자리가 불안정하다고 느낄수록 일을 과도하게 하는 경향이 높아지고, 이런 과도한 업무 몰입이 우울감 증가로 이어질 수 있다고 밝혔다. 학술대회 개최에 앞서 고용정보원이 실시한 학생 부문 논문경진대회에서는 고려대 박태성 학생이 '청년 쉬었음의 반복과 고착화' 논문으로 고용노동부 장관상(최우수상)을 받았다. hye1@yna.co.kr 제보는 카카오톡 okjebo <저작권자(c) 연합뉴스, 무단 전재-재배포, AI 학습 및 활용 금지> 2026년06월04일 09시00분 송고 ESC 닫기 댓글",mock
호황의 이면 / 청년 체감경기 괴리,호황의 이면 / 청년 체감경기 괴리 관련 세부 쟁점,호황의 이면 / 청년 체감경기 괴리;mk.co.kr;정책,https://www.mk.co.kr/article/12065591,“누군 쉬고 싶어서 쉬나요”…‘쉬었음’ 청년 10명 중 6명은 향후 취업의향 - 매일경제,mk.co.kr,갈등_구도,중립적,정부,'“누군 쉬고 싶어서 쉬나요”…‘쉬었음’ 청년 10명 중 6명은 향후 취업의향 - 매일경제' 기사에서 mk.co.kr가 어떤 주체와 강조점을 전면에 두는지 기준으로 생성한 mock 태깅 결과입니다.,"‘쉬었음’ 청년 10명 중 6명이 향후 취업 의향을 보인 것으로 조사됐다. 김난주 한국여성정책연구원 연구위원은 4일 서울대 호암교수회관에서 열린 한국고용정보원 ‘2026 고용패널조사 학술대회’에서 이런 연구결과를 발표했다. ‘쉬었음’ 청년은 일과 삶의 균형을 중시할수록 취업 의사가 높게 나타났다고 김 연구위원은 설명했다. ‘쉬었음’은 중대한 질병이나 장애는 없지만, 막연히 쉬고 싶은 상태에 있는 이들을 뜻한다. 이날 학술대회에서는 청년패널조사(YP), 고령화연구패널조사(KLoSA), 고령화고용패널조사(KLoEE) 등 고용 패널조사 자료를 기반으로 한 연구가 발표됐다. 또 전문가 논문 41편과 학생논문경진대회 수상작 6편이 공개됐다. 오태희 인천대 교수와 서현덕 인하대 교수는 청년 비경제활동 상태가 ‘취업·진학 준비형’과 ‘쉬었음·건강 제약형’ 등으로 나뉘며, 건강 상태와 노동시장 여건이 주요 결정 요인으로 작용한다고 봤다. 장윤선 성균관대 박사과정생과 조용운 고용정보원 책임연구원은 청년패널조사와 고령화고용패널 자료를 활용해 세대별 플랫폼노동 참여 양상을 비교 분석했다. 연구 결과 청년층은 추가 소득과 경력 탐색 성격이 강하지만, 중·고령층은 생계유지형 노동 경향이 뚜렷하게 나타났다. 중·고령층 관련 연구에서는 박세정 한국고용정보원 연구원이 고령화고용패널조사(KLoEE) 자료를 활용한 분석 결과를 공개했다. 박 연구원은 중장년 비임금근로자는 일자리가 불안정하다고 느낄수록 일을 과도하게 하는 경향이 높아지고, 이런 과도한 업무 몰입이 우울감 증가로 이어질 수 있다고 밝혔다. 학술대회 개최에 앞서 고용정보원이 실시한 학생 부문 논문경진대회에서는 고려대 박태성 학생이 ‘청년 쉬었음의 반복과 고착화’ 논문으로 고용노동부 장관상(최우수상)을 받았다.",mock
호황의 이면 / 청년 체감경기 괴리,호황의 이면 / 청년 체감경기 괴리 관련 세부 쟁점,호황의 이면 / 청년 체감경기 괴리;obsnews.co.kr;정책,https://www.obsnews.co.kr/news/articleView.html?idxno=1526444,[오대기] 취업 대신 '쉼'…늘어나는 쉬었음 청년,obsnews.co.kr,갈등_구도,중립적,정부,'[오대기] 취업 대신 '쉼'…늘어나는 쉬었음 청년' 기사에서 obsnews.co.kr가 어떤 주체와 강조점을 전면에 두는지 기준으로 생성한 mock 태깅 결과입니다.,"【앵커】 대학생의 시선으로 바라보는 세상, OBS 대학생 기자단 오대기입니다. AI 확산과 기업의 경력직 선호로 취업 문턱이 높아지면서, 청년층의 ‘쉬었음’ 비율이 증가하고 있습니다. 이러한 변화 속에서 청년들은 취업 대신 ‘쉼’을 선택하고 있습니다. 중부대학교 미디어커뮤니케이션학전공 학생들입니다. 【기자】 아무런 구직 활동을 하고 있지 않은 청년, 이른바 쉬었음 청년이라 부릅니다. 쉬었음 청년은 2022년 약 224만 명에서 2025년 약 264만 명으로 매년 증가하고 있습니다. 이들은 단순한 휴식 상태를 넘어, 장기적인 고립과 무기력에 빠질 위험이 크다는 점에서 기성세대의 우려가 커지고 있습니다. [전병진 / 쉬었음 청년 자녀를 둔 아버지 :너무 안타깝죠. 미취업 상태가 장기화될 것 같은 우려가 있죠.] [구내영 / 쉬었음 청년 자녀를 둔 어머니 : 우리 애가 아무것도 안 하고 그냥 놀고 있는 모습 보면 답답하고 속이 터져요.] 쉬었음 청년을 바라 보는 시선에는 우려가 가득합니다. 그래서 청년들의 이야기를 들어보았습니다. [김경준 / 쉬었음 청년: 지금은 아무것도 안 하고 계속 쉬고 있어요. 뭘 해야 한다고 생각은 하는데 잘 안되다 보니까 이대로 포기하게 되는 것 같아요.] [전수빈 / 쉬었음 청년: 스스로 준비가 충분하지 않은 상태에서 계속 도전하는 게 무의미하다는 생각도 들고….] 쉬었음 청년 증가의 배경에는 이른바 ‘중고 신입’ 선호 현상이 자리하고 있습니다. 기업들이 1~2년 경력을 가진 중고 신입을 선호하면서, 순수 신입 채용은 2%대에 머물고 있습니다. [최민경/중부대학교 취업진로센터: 우리 학생들이 면접을 보고 와서 신입이라 불리한 점이 면접 현장에서도 느꼈다는 걸 말해줄 때 좀 체감하는 경험이었습니다.] 중고 신입 선호 현상으로 인해 구직 청년이 첫 취업까지 걸리는 기간은 평균 8.8개월로 늘어났고, 3년 이상 장기 미취업자는 23만 명을 넘어섰습니다. 청년 고용률도 14개월째 하락세를 보이고 있습니다. 통계에 따르면 AI 확산으로 청년 층고용 위축이 심화되고 있으며 지난 3년간 감소한 청년 일자리의 98%가 AI 관련 분야에 집중된 것으로 나타났습니다. 이 같은 어려움을 겪고 있는 청년들의 문제를 해결하기 위해 정부의 다양한 프로그램이 제공되고 있습니다. 취업 준비 청년부터 재직 청년까지, 취업과 성장을 지원하는 사업도 진행 중입니다. 정부에서도 내일 배움 카드나 청년도 전 지원 사업 같은 다양한 청년들의 취업을 지원하는 사업들이 있으니까 이걸 좀 많이 활용하시면 좋을 것 같고. 이제는 정부의 효과적인 홍보와 접근성 개선, 그리고 청년들의 적극적인 자세가 필요합니다. ‘쉬었음 청년’ 문제는 개인이 아닌, 우리 모두가 함께 해결해야 할 때입니다. OBS 대학생 기자단 박하은입니다. - OBS 뉴스는 언제나 여러분의 제보를 기다립니다. - ▶ 전화 032-670-5555 - ▶ 이메일 jebo@obs.co.kr - ▶ 카카오톡 @OBS제보",failed
호황의 이면 / 청년 체감경기 괴리,호황의 이면 / 청년 체감경기 괴리 관련 세부 쟁점,호황의 이면 / 청년 체감경기 괴리;imaeil.com;정책,https://www.imaeil.com/page/view/2026052813161710337,20대 후반 쉬었음 인구 6년 만에 최대…'고임금 대기업 쏠림 현상 심화',imaeil.com,갈등_구도,중립적,정부,'20대 후반 쉬었음 인구 6년 만에 최대…'고임금 대기업 쏠림 현상 심화'' 기사에서 imaeil.com가 어떤 주체와 강조점을 전면에 두는지 기준으로 생성한 mock 태깅 결과입니다.,"일자리를 구하지 않고 '그냥 쉬는' 청년층이 급증하고 있다. 고임금을 선호하는 고학력 청년들의 대기업 쏠림 현상이 심화하고 있기 때문이라는 분석이 나온다. 28일 국가통계포털(KOSIS)에 따르면 지난달 비경제활동인구는 1천615만명으로 지난해 동월 대비 17만4천명 증가했다. 이가운데 중대한 질병이나 장애가 없더라도 노동을 쉬는 '쉬었음 인구'가 249만7천명으로 6만3천명 증가했다. 특히 20대 후반 쉬었음 인구가 22만8천명으로, 지난해 동월 대비 3만1천명 급증했다. 4월 기준으로 코로나19 고용 충격이 컸던 2020년(24만4천명) 이후 6년 만에 최대치를 기록했다. 증가폭 또한 같은 달 기준 2020년(9만6천명) 이후 가장 컸다. 대구 비경제활동인구 역시 급증 추세를 보이고 있다. 동북지방데이터청에 따르면 지난달 기준 대구의 15세 이상 비경제활동인구는 84만명으로 지난해 동월 대비 1만5천명 증가했다. 연령대 중에선 30대 증가가 두드러졌다. 지난해 대구의 30대 비경제활동인구는 6만6천명으로 전년 대비 5천명 증가했다. 지난 2022년 6만3천명에서 2023년 5만8천명으로 감소한 이후 2년 연속 오름세를 보이고 있다. 이와 관련, 한국경영자총협회(경총)는 지난달 발간한 '청년 일자리 창출을 위한 개선 과제' 보고서를 통해 고학력자의 '쉬는 청년' 증가 추이가 특히 가파르다고 분석했다. 보고서에 따르면 고졸 이하 '쉬었음' 청년은 2021년 27만명에서 2025년 25만명으로 지난 4년간 2만명 감소한 반면, 대졸 이상 '쉬었음' 청년은 같은 기간 14만9천명에서 17만9천명으로 3만명 증가했다. 이 같은 결과에 대해 경총은 대기업과 중소기업의 임금 격차가 커지면서 고학력 청년층의 대기업 쏠림 현상이 심화한 영향으로 진단했다. 경총이 조사한 청년층 시간당 평균 임금은 대기업(2만125원)이 중소기업(1만4천66원) 대비 43%나 높았다. ※비경제활동인구=만 15세 이상 인구 중 취업자도 실업자도 아닌 사람, 일할 능력이 있어도 일할 의사가 없거나 일할 능력이 없는 사람들.",failed
호황의 이면 / 청년 체감경기 괴리,호황의 이면 / 청년 체감경기 괴리 관련 세부 쟁점,호황의 이면 / 청년 체감경기 괴리;news1.kr;정책,https://www.news1.kr/economy/trend/6182035,20대 '쉬었음' 10명 중 3명은 대졸자…고학력 청년 고용난 심화,news1.kr,갈등_구도,중립적,정부,'20대 '쉬었음' 10명 중 3명은 대졸자…고학력 청년 고용난 심화' 기사에서 news1.kr가 어떤 주체와 강조점을 전면에 두는지 기준으로 생성한 mock 태깅 결과입니다.,"쉬었음 대졸 비중 30.9%, 전년比 4.7%p↑…고졸 비중은 감소세대졸 이상 실업자 54.0%…""신규채용 감소에 부모세대 자산도 영향""서울 마포구 서울서부고용복지플러스센터 일자리정보 게시판 모습. 2026.5.13 ⓒ 뉴스1 김성진 기자서울서부고용복지플러스센터 전경.ⓒ 뉴스1 안은나 기자관련 키워드청년20대고용대졸실업자쉬었음임용우 기자 구윤철 ""금융·외환시장 변동성 확대에 각별한 경각심 갖고 대응""전남 장성 데이터센터 2028년 가동 목표…정부, 투자심사 신속 처리관련 기사아버지 잃은 직원, 아들 잃은 직원…한화에어로 '두 가정 비극'한화 사고 3일만에 가족 마주한 유족들…""얼마나 뜨거웠을까"" 오열[李정부 1년]'상대적 박탈감' 커진 1년…""장기적 사회 구조 개혁 필요""""노인과 바다 아닌 청년 도시 되길""…부산 사전투표 첫날 유권자로 '북적'60대 일자리 24만개 늘 때, 20대 이하는 11만개 줄었다",failed
호황의 이면 / 청년 체감경기 괴리,호황의 이면 / 청년 체감경기 괴리 관련 세부 쟁점,호황의 이면 / 청년 체감경기 괴리;queen.co.kr;정책,http://www.queen.co.kr/news/articleView.html?idxno=457794,20대 '쉬었음' 줄었지만 대졸 청년은 오히려 늘었다,queen.co.kr,갈등_구도,중립적,정부,'20대 '쉬었음' 줄었지만 대졸 청년은 오히려 늘었다' 기사에서 queen.co.kr가 어떤 주체와 강조점을 전면에 두는지 기준으로 생성한 mock 태깅 결과입니다.,"20대 비경제활동인구 가운데 '쉬었음' 상태가 감소세를 보였지만, 대졸 이상 고학력 청년들의 노동시장 이탈은 오히려 심화한 것으로 나타났다. 올해 4월 기준 쉬었음 상태인 20대 10명 중 3명 이상이 대학교·대학원 졸업자로, 관련 비중은 30.9%에 달했다. 이는 지난해 같은 달보다 4.7%포인트 상승한 수치로 처음으로 30%를 넘어섰다. 국가데이터처에 따르면 지난 4월 기준 쉬었음 상태인 20대는 37만 6000명으로 지난해 같은 달(39만 2000명)보다 1만 6000명 줄었다. '쉬었음'은 취업 준비나 구직활동을 하지 않으면서 특별한 이유 없이 쉬고 있는 상태를 의미한다. 실업자와 달리 적극적인 구직활동을 하지 않는 만큼 노동시장 이탈 정도를 보여주는 대표 지표로 꼽힌다. 전체적으로는 감소했지만, 대졸 이상 인구는 11만 6117명으로 전년 대비 13.3% 증가했다. 반면 고등학교 졸업자는 21만 8296명에서 18만 5739명으로 줄며 비중도 55.8%에서 49.5%로 낮아졌다. 실업자 가운데서도 대졸 이상 비중은 절반을 넘어섰다. 올해 4월 기준 20대 실업자 25만 명 중 대학교·대학원 졸업자는 13만 5129명으로 54.0%를 차지했다. 지난해 27만 4000명에서 전체 실업자는 줄었지만, 대졸 이상 비중은 오히려 51.9%에서 54.0%로 늘었다. 이는 대기업 공채 축소와 경력직 중심 채용 확대가 이어지면서 사회초년생의 노동시장 진입 장벽이 높아진 결과로 풀이된다. 청년층의 취업 준비 기간도 길어지고 있다. 경제활동인구조사 청년층 부가조사에 따르면 졸업 후 첫 취업까지 평균 11개월이 걸려 OECD 주요국 평균인 약 6개월을 크게 웃돈다. 한국경제인협회가 매출액 500대 기업을 대상으로 실시한 조사에서는 올해 하반기 신규 채용 계획이 없거나 아직 수립하지 못한 기업 비중이 62.8%에 달했다. 채용 계획이 있는 기업 중에서도 37.8%는 지난해보다 채용 규모를 줄일 계획이라고 응답했다. 전문가들은 이러한 현상이 구조적 변화와 맞물려 있다고 지적한다. 김유빈 한국노동연구원 고용정책본부장은 ""청년층의 노동시장 미스매치는 오래된 문제지만 최근에는 인공지능 확산과 디지털 전환으로 기업들의 신규 채용 수요가 줄고 있다""며 ""부모 세대의 자산 축적에 따른 경제적 여건 변화까지 겹치면서 노동시장 진입을 늦추는 청년들이 늘고 있다""고 설명했다. 그는 이어 ""특히 AI와 디지털 전환이 가속화하면서 노동시장 진입 초기 단계에 있는 청년층의 기회가 좁아지고 있다""며 ""고학력 청년층의 '쉬었음' 증가는 이러한 구조적 변화와 무관하지 않다""고 덧붙였다. 결국 '쉬었음' 인구는 줄었지만, 대졸 이상 청년들의 노동시장 이탈은 심화하는 양상이다. 이는 단순한 경기 변동을 넘어 청년층 고용 구조의 근본적 문제를 드러내고 있다는 점에서 정책적 대응이 요구된다. 이코노미퀸 류정현 기자 | 사진 뉴스1",mock
호황의 이면 / 청년 체감경기 괴리,호황의 이면 / 청년 체감경기 괴리 관련 세부 쟁점,호황의 이면 / 청년 체감경기 괴리;econonews.co.kr;정책,http://www.econonews.co.kr/news/articleView.html?idxno=439091,"경기도, 청년기본소득 1일부터 접수… 24세 청년에 최대 100만원",econonews.co.kr,갈등_구도,중립적,정부,"'경기도, 청년기본소득 1일부터 접수… 24세 청년에 최대 100만원' 기사에서 econonews.co.kr가 어떤 주체와 강조점을 전면에 두는지 기준으로 생성한 mock 태깅 결과입니다.","[이코노뉴스=조희제 기자] 경기도가 24세 청년에게 분기별 25만 원씩, 연 최대 100만 원을 지역화폐로 지급하는 ‘경기도 청년기본소득’ 2분기 신청접수를 1일부터 시작한다. 2분기 신청 대상은 4월 1일 기준 24세(2001년 4월 2일~2002년 4월 1일 출생) 청년이다. 신청일 현재 경기도에 주민등록을 두고 3년 이상 연속 거주하거나 합산 거주기간이 10년 이상이어야 하며, 외국인과 거주불명자, 성남시, 고양시 거주 청년은 대상에서 제외된다. 신청은 6월 1일 오전 9시부터 6월 30일 오후 6시까지 경기도 일자리플랫폼 ‘잡아바’에서 온라인·모바일로 신청할 수 있다. 기초생활수급자의 경우 관련 증빙서류를 별도 제출하면 분기별 지급이 아닌 일시금으로 지급된다. 도는 신청자의 나이와 거주기간을 확인해 지급 대상자를 확정하고, 선정된 청년에게 7월 20일부터 분기별 25만 원을 지역화폐로 지급할 계획이다. 단, 학원 수강료와 시험 응시료는 경기도 31개 시군 내 지역 제한 없이 사용할 수 있으며, 온라인 결제도 가능하다. 온라인 사용처는 경기도 청년기본소득 온라인몰, 해커스·파고다 인터넷강의, HSK시험 등 지역화폐 결제수단이 연동된 곳이다. 인공지능(AI) 확산과 디지털 전환으로 기업들의 신규 채용 수요가 줄어들면서, 고학력 청년층의 고용난이 심화되고 있다. 국가데이터처에 따르면 지난 4월 기준 비경제활동인구 가운데 '쉬었음' 상태인 20대는 37만 6000명으로 지난해 같은 달(39만 2000명)보다 1만 6000명 줄어들었다. 그렇지만 대학교·대학원 졸업자의 쉬었음 인구는 11만 6117명으로 전년(10만 2428명)보다 1만 3689명(13.3%) 증가했다. 대졸 이상이 차지하는 비중은 30.9%로 지난해(26.2%)보다 4.7%포인트(p) 상승했다. 20대 쉬었음 인구 10명 가운데 3명 이상이 대졸 이상인 것이다. 이 가운데 경기도 청년기본소득은 단순 복지성 지원을 넘어 ‘청년의 사회 출발 비용’을 덜어주는 정책이라는 점에서 의미가 있을 것으로 보인다.",mock
호황의 이면 / 청년 체감경기 괴리,호황의 이면 / 청년 체감경기 괴리 관련 세부 쟁점,호황의 이면 / 청년 체감경기 괴리;ccdn.co.kr;정책,https://www.ccdn.co.kr/news/articleView.html?idxno=1081120,스펙 쌓아도 일자리 없다…고학력 청년 '쉬었음' 증가,ccdn.co.kr,갈등_구도,중립적,정부,'스펙 쌓아도 일자리 없다…고학력 청년 '쉬었음' 증가' 기사에서 ccdn.co.kr가 어떤 주체와 강조점을 전면에 두는지 기준으로 생성한 mock 태깅 결과입니다.,"대졸 이상 고학력 청년층 상당수가 일자리에서 벗어나 있다. 소위 ‘쉬었음’ 상태에 있는 20대 10명 중 3명 이상이 대학교·대학원 졸업자로 나타났다. 1일 국가데이터처에 따르면 지난 4월 기준 비경제활동인구 중 ‘쉬었음’ 상태인 20대는 37만6천명으로 집계됐다. 전년 동월(39만2천명) 대비 1만6천명 줄어든 수다. 쉬었음은 특별한 이유 없이 구직 활동이나 취업 준비를 하지 않고 그냥 ‘쉬었다’고 답한 청년층(15~34세)을 뜻하는 통계 용어다. 실업자와 달리 적극적인 구직 활동을 하지 않는 만큼 노동시장 이탈 정도를 볼 수 있는 대표 지표다. 20대 청년층 ‘쉬었음’ 인구가 소폭 감소한 반면, 대학교·대학원 졸업자 비중은 되레 늘었다. 같은 기간 대학교·대학원 졸업자 쉬었음 인구는 11만6천117명으로 지난해(10만2천428명) 보다 1만3천698명(13.3%) 늘었다. 대졸 이상이 차지하는 비중은 30.9%로 전년(26.2%) 대비 4.7%p 올랐다. 실업자 역시 고학력층 비중이 절반 이상이었다. 20대 실업자 중 대학교·대학원 졸업자는 13만5천129명이었다. 전체(25만명) 중 54%에 달하는 수다. 지난해 같은 기간 대학교·대학원 졸업자 실업자 비율이 51.9%인 점을 고려하면 1년 새 더 늘어난 셈이다. 신규 채용 감소와 취업시장 미스매칭 등이 일자리 진입 장벽을 높였다는 분석이다. 경제활동인구조사 청년층 부가조사를 보면 청년층이 졸업(중퇴 포함) 후 취업하는 기간은 평균 11개월이다. 경제협력개발기구(OECD) 주요국 평균(약 6개월)보다 2배가까이 길다. 청년층이 일자리를 찾지 못하는 상황에서 기업은 채용 폭을 점점 줄이고 있다. 일례로 한국경제인협회가 매출액 500대 기업을 대상으로 조사한 결과, 올해 하반기 신규 채용 계획이 없거나 아직 세우지 못한 기업 비중이 62.8%에 달했다. 채용 계획이 있는 기업 중에서도 37.8%는 전년 대비 채용 규모를 줄일 계획인 것으로 나타났다. 경제계 관계자는 ""신규 채용 시장 감소는 물론 최근 각 기업이 시도하는 인공지능, 디지털 전환 등으로 취업문이 더욱 좁아질 수 있다""면서 ""고학력 청년층 내 ‘쉬었음’ 인구 증가도 이런 추세와 연관이 있다""고 짚었다.",mock
호황의 이면 / 청년 체감경기 괴리,호황의 이면 / 청년 체감경기 괴리 관련 세부 쟁점,호황의 이면 / 청년 체감경기 괴리;biz.heraldcorp.com;정책,https://biz.heraldcorp.com/article/10700695?ref=naver,박홍근 “추경에 청년 일자리 반드시 반영…‘쉬었음 청년’ 대책 필요”,biz.heraldcorp.com,갈등_구도,중립적,정부,'박홍근 “추경에 청년 일자리 반드시 반영…‘쉬었음 청년’ 대책 필요”' 기사에서 biz.heraldcorp.com가 어떤 주체와 강조점을 전면에 두는지 기준으로 생성한 mock 태깅 결과입니다.,"중동 리스크 속 고용 충격 대응 강조…에너지 공급망·피해 산업 지원도 포함 “초과세수로 재원 마련…민간 투자·소비 병행돼야 경기 회복” [헤럴드경제=김용훈 기자] 박홍근 기획예산처 장관 후보자가 추가경정예산(추경)에 청년 실업 대응을 핵심 과제로 반영해야 한다고 밝혔다. ‘쉬었음’ 청년 증가 등 고용 불안이 심화되는 가운데, 추경을 통한 일자리 보강이 필요하다는 판단이다. 박 후보자는 23일 국회 재정경제기획위원회 인사청문회에서 “추경 목적 중 하나는 대량 실업 대응”이라며 “청년과 관련한 고용·일자리 사업을 반드시 반영해야 한다”고 말했다. 특히 “단순한 일자리 공급이 아니라 ‘쉬었음’ 청년을 포함한 실효성 있는 보강책이 필요하다”고 강조했다. 추경에는 중동 정세 불안에 따른 산업 충격 대응과 함께 고용 안전망 강화 방안도 포함될 전망이다. 박 후보자는 “중동과의 거래 과정에서 피해를 입은 산업 지원과 함께 고용 영향을 최소화하는 방향으로 예산을 설계하고 있다”며 “물류·운송 부담 완화 등 기업 지원과 연계된 일자리 대책이 담길 것”이라고 설명했다. 에너지·공급망 대응도 병행된다. 그는 “중동 상황 장기화 가능성을 고려해 나프타(납사)를 경제안보 품목으로 지정했다”며 “추경에도 핵심 품목 확보, 석유 비축, 공급망 다변화 등이 포함돼야 한다”고 밝혔다. 재원은 초과 세수를 활용하는 방안이 유력하다. 박 후보자는 “추가 국채 발행 없이 초과 세수를 활용하는 방향으로 알고 있다”고 말했다. 추경 규모를 둘러싼 논란과 관련해서는 “재정 지출만으로 경기 회복을 완전히 이끌 수는 없다”며 “민간 소비와 기업 투자 활성화가 병행돼야 한다”고 선을 그었다. 재정 건전성 우려에 대해서는 “대외 불확실성이 확대된 상황에서 경제 회복 흐름을 이어가기 위해서는 추경이 필요하다”며 “한정된 재원을 전략적으로 배분하는 것이 중요하다”고 강조했다. fact0514@heraldcorp.com",mock
호황의 이면 / 청년 체감경기 괴리,호황의 이면 / 청년 체감경기 괴리 관련 세부 쟁점,호황의 이면 / 청년 체감경기 괴리;jibs.co.kr;정책,https://www.jibs.co.kr/news/articles/articlesDetail/57686?feed=na,"취업률은 올랐지만, 제주 고용은 더 불안해졌다",jibs.co.kr,갈등_구도,중립적,정부,"'취업률은 올랐지만, 제주 고용은 더 불안해졌다' 기사에서 jibs.co.kr가 어떤 주체와 강조점을 전면에 두는지 기준으로 생성한 mock 태깅 결과입니다.","“관광 고용의 착시, 청년 공백, 도정 일자리 정책” 한계가 동시에 드러난 1월 제주 고용지표는 표면과 구조가 완전히 다른 방향을 가리켰습니다. 취업자는 늘었고 고용률도 상승했습니다. 그러나 같은 달 실업은 더 빠른 속도로 증가했습니다. 정책 성과로 설명되는 지점과 구조적 한계가 동시에 포착됐습니다. 2026년 1월 제주의 고용은 ‘유지’와 ‘불안’이 겹쳐진 상태였습니다. 11일, 국가데이터처가 발표한 ‘2026년 1월 제주자치도 고용동향’에 따르면 지난달 제주 취업자는 40만 4,000명으로 전년 대비 9,000명 증가했습니다. 고용률은 70.0%로 1.5%포인트(p) 상승했고, 15~64세 고용률도 76.2%로 1.8%p 올랐습니다. 언뜻 수치만 보면 고용은 버텼습니다. 하지만 같은 달 실업자는 1만 8,000명으로 7,000명 늘었고, 실업률은 4.2%로 전년 대비 1.6%p 급등했습니다. 취업자 증가보다 실업 증가 속도가 더 빨랐다는 점에서, 이번 지표 고용 회복이 아니라 사실상 압력이 누적된 결과로 해석됩니다. ■ 도정 고용정책, ‘아무것도 안 한’ 상태는 아니 제주도정은 최근 몇 년간 고용 정책을 지속적으로 가동해 왔습니다. 맞춤형 일자리 대책과 공공·민간 연계 사업을 통해 신규 일자리 창출 목표를 설정했고, 취약 계층과 산업별 고용 흐름을 점검하는 체계도 유지해 왔습니다. 중장기적으로는 대규모 일자리 정책 계획을 통해 민간 고용 확대와 지역 산업 연계를 추진해 왔습니다. 이 같은 정책은 이번 지표에서 취업자 수 증가와 고용률 유지로 일정 부분 반영된 것으로 보입니다. 물론, 이번 결과는 도정의 고용 정책이 전혀 작동하지 않았다고 보기 어렵다는 점을 먼저 확인하게 합니다. ■ 그러나 고용률 상승은 ‘안정’을 설명하지 못해 문제는 고용의 지속성과 흡수력입니다. 고용률이 오르는 동시에 실업률이 급등한 것은, 고용시장이 균형을 잃고 있다는 신호입니다. 이 흐름은 제주 고용 구조의 특성과도 맞닿아 있습니다. 관광·서비스업 중심 고용은 성수기에는 취업자를 빠르게 늘리지만, 비수기에는 실업을 더 빠르게 확대합니다. 이번 1월 지표는 관광 수요가 유지되는 국면에서도 실업이 증가했다는 점에서, 관광 고용이 더 이상 실업 완충 장치로 작동하지 못하고 있음을 보여줍니다. 취업자 수는 늘었지만, 고용의 안정성은 강화되지 않았다는 말입니다. ■ 청년 고용, 회복 신호는 끝내 나타나지 않아 이번 지표에서 가장 뚜렷한 공백은 청년 고용입니다. 제주 고용의 증가가 단기·계절·고령 중심으로 형성되는 동안, 청년층이 장기적으로 머물 수 있는 일자리는 충분히 늘지 않았습니다. 취업자 수와 고용률이 유지되는 과정에서도 실업이 빠르게 증가한 배경에는, 청년층 유입 없이 고령·단기 고용만 늘어난 구조가 자리하고 있습니다. 고용 총량은 관리됐지만, 세대 구조는 개선되지 않았다는 의미입니다. 도정이 강조해 온 ‘정주형 일자리’와 청년 고용 회복은 이번 지표에서 확인된 게 없습니다. ■ 일자리는 늘었지만, 실업을 흡수하지는 못해 도정 일자리 사업의 구조적 한계도 이번에 함께 드러났습니다. 공공·위탁형 일자리는 취업자 수를 단기적으로 늘리는 데는 효과가 있지만, 실업 증가를 흡수하고 고용을 안정시키는 단계까지는 이어지지 않았습니다. 취업자 증가와 실업 급증이 동시에 나타난 이번 1월 지표는, 일자리 공급과 고용 유지 사이의 연결 고리가 약하다는 점을 분명히 보여줍니다. ■ 제주 고용이 던진 질문은 명확해 제주 고용은 숫자로는 버텼습니다. 그러나 구조는 더 불안해졌습니다. 관광 고용은 실업 변동성을 키웠고 청년 고용은 회복 경로에 진입하지 못했으며, 도정의 일자리 정책은 실업 증가를 막기에는 충분하지 않았습니다. 이 세 가지가 동시에 확인된 이번 지표는, 고용 문제가 경기나 계절의 문제가 아니라 산업 구조와 정책 설계의 문제임을 분명히 합니다. 취업자는 늘었습니다. 그런데 확인되는 것은, 일할 사람이 부족한 문제가 아니라 버틸 수 있는 일자리가 부족하다는 현실이었습니다. 없는 일자리 앞에서 청년들의 발길은 결국 밖을 향할 수밖에 없고, 인구 유출은 생산성 위축으로 이어지며 지역경제의 회복 가능성까지 잠식하고 있습니다. 지역 금융권의 한 관계자는 “고용지표가 보여준 증가는 성과라기보다 구조의 한계가 숫자로 드러난 결과에 가깝다”라며 “제주 고용의 문제는 ‘얼마나 만들었는가’가 아니라, 얼마나 남을 수 있게 설계했는가에 놓여 있다”고 진단했습니다. JIBS 제주방송 김지훈 (jhkim@jibs.co.kr) 기자 <저작권자 © JIBS 제주방송, 무단 전재 및 재배포 금지> 한계가 동시에 드러난 1월 제주시 전경과 구직 정보 게시판 앞에 선 청년들의 이미지. 제주 고용지표는 표면과 구조가 완전히 다른 방향을 가리켰습니다. 취업자는 늘었고 고용률도 상승했습니다. 그러나 같은 달 실업은 더 빠른 속도로 증가했습니다. 정책 성과로 설명되는 지점과 구조적 한계가 동시에 포착됐습니다. 2026년 1월 제주의 고용은 ‘유지’와 ‘불안’이 겹쳐진 상태였습니다. 11일, 국가데이터처가 발표한 ‘2026년 1월 제주자치도 고용동향’에 따르면 지난달 제주 취업자는 40만 4,000명으로 전년 대비 9,000명 증가했습니다. 고용률은 70.0%로 1.5%포인트(p) 상승했고, 15~64세 고용률도 76.2%로 1.8%p...",mock
호황의 이면 / 청년 체감경기 괴리,호황의 이면 / 청년 체감경기 괴리 관련 세부 쟁점,호황의 이면 / 청년 체감경기 괴리;newsmaker.or.kr;정책,http://www.newsmaker.or.kr/news/articleView.html?idxno=177624,뉴스메이커,newsmaker.or.kr,갈등_구도,중립적,정부,'뉴스메이커' 기사에서 newsmaker.or.kr가 어떤 주체와 강조점을 전면에 두는지 기준으로 생성한 mock 태깅 결과입니다.,"(뉴스메이커=이서준 기자) 김해시가 경제적 어려움과 취업난으로 심리적 부담을 겪는 청년과 장년층을 위한 통합 지원체계 구축에 나섰다. 김해시는 지난 29일 김해시정신건강복지센터와 김해시의생명산업진흥원이 업무협약을 체결하고 취업 지원과 정신건강 서비스를 연계한 협력체계를 구축하기로 했다고 밝혔다. 이번 협약은 경기침체 장기화와 청년 실업 증가 등 사회·경제적 여건 변화로 정신건강 위기가 심화되는 상황에 대응하기 위해 마련됐다. 양 기관은 경제적 어려움과 심리적 문제를 별개의 사안이 아닌 복합적인 사회문제로 인식하고 통합 지원 방안을 추진할 계획이다. 협약에 따라 양 기관은 자살예방과 생명존중 문화 확산을 위한 협력은 물론, 구직자 대상 취업 연계와 직업훈련 지원, 취업역량 강화 프로그램 운영, 심리상담 서비스 제공 등에 힘을 모은다. 특히 의생명산업진흥원이 운영하는 청년도전지원사업과 청년성장프로젝트 등 고용 지원 프로그램과 정신건강복지센터의 상담 서비스를 연계해 구직 과정에서 심리적 어려움을 겪는 청년들에게 맞춤형 지원을 제공할 예정이다. 최근 청년층과 장년층의 정신건강 문제는 실업과 고용 불안, 경제적 부담, 사회적 고립 등과 밀접한 관련이 있는 것으로 분석되고 있다. 이에 따라 단순 상담 지원을 넘어 경제적 자립과 심리 회복을 함께 지원하는 통합 접근의 중요성이 커지고 있다. 김해시는 이번 협력을 통해 취업 지원과 정신건강 서비스를 유기적으로 연결하고, 위기 상황에 놓인 시민들이 보다 촘촘한 사회안전망 안에서 자립할 수 있도록 지원 체계를 강화할 방침이다. 또한 지역 내 유관기관과의 협력 범위를 확대해 경제적·심리적 위기 대응 역량을 높이고, 청년과 장년층의 삶의 질 향상과 건강한 사회 참여를 지원하는 정책을 지속적으로 추진할 계획이다. 법인명: (주)뉴스메이커 | 제호: 뉴스메이커 | 월간지 등록번호: 서울 라11804 | 등록일자: 2008년 1월 21일 인터넷신문 등록번호: 서울 아 54731 | 등록일자: 2023년 03월 8일 | 발행인: (주)뉴스메이커 황인상 | 편집인: 황인상 우)110-999 서울특별시 종로구 신문로1가 163 광화문오피시아빌딩 14층 뉴스메이커 | 전화 : 02-733-0006 | 팩스 : 02-733-0009 청소년보호책임자 : 안상호 뉴스메이커는 (주)뉴스메이커에서 발행하는 시사종합월간지로서 특정언론과는 전혀 무관한 완전한 자유 독립 언론입니다. 뉴스메이커를 통해 제공되는 모든 콘텐츠(기사 ·사진)는 무단 사용, 복사, 배포시 저작권법에 저해되며, 법적 제재를 받을 수 있습니다. Copyright ⓒ 뉴스메이커. All rights reserved. mail to webmaster@newsmaker.or.kr",mock
호황의 이면 / 청년 체감경기 괴리,호황의 이면 / 청년 체감경기 괴리 관련 세부 쟁점,호황의 이면 / 청년 체감경기 괴리;1conomynews.co.kr;정책,https://www.1conomynews.co.kr/news/articleView.html?idxno=46574,"[전문가가 본 '나혼산'의 역설 ①] ""1인 가구의 일자리, 왜 더 불안한가"" - 1코노미뉴스",1conomynews.co.kr,갈등_구도,중립적,정부,"'[전문가가 본 '나혼산'의 역설 ①] ""1인 가구의 일자리, 왜 더 불안한가"" - 1코노미뉴스' 기사에서 1conomynews.co.kr가 어떤 주체와 강조점을 전면에 두는지 기준으로 생성한 mock 태깅 결과입니다.","고용 상황 악화가 장기화되면서 1인 가구가 체감하는 일자리 불안은 생계 위기로 직결되고 있다. 경기 둔화 속에 기업들이 채용 문을 걸어 잠그는 사이 ‘쉬었음’ 인구는 늘고, 조기 퇴직 시점은 갈수록 빨라지고 있다. 가족이라는 안전망이 없는 1인 가구는 이 같은 고용 충격을 온전히 감내해야 하는 처지다. 더 나아가 보편적 가구 형태로 자리잡은 1인 가구의 고용 불안은 곧 개인의 문제를 떠나 사회적 비용으로 되돌아 올 가능성이 크다는 경고도 나온다. 이에 [1코노미뉴스]는 전문가를 통해 1인 가구가 경험하는 고용 문제점과 앞으로의 고용 정책 방향성에 대해 짚어봤다. 먼저 이장연 인천대학교 경제학부 교수는 올해 경제 전망과 고용 회복을 내다봤다. 이장연 교수는 ""올해 한국경제는 완만한 회복세를 보이면서 실질 GDP 성장률이 2% 안팎을 기록할 것으로 보인다. 미 관세 등의 영향으로 비 IT 수출과 투자는 다소 부진하겠지만, 반도체 수출이 좋아지고 민간 소비가 회복되면서 이를 어느 정도 상쇄할 것으로 예상된다""라고 설명했다. 이 교수는 또 고용의 일부 회복 가능성에 대해 설명했다. 그는 ""고용의 경우 공공부문을 제외한 고용이 소비 회복과 건설경기 부진 완화 등에 힘입어 점진적으로 나아질 것으로 보인다""라면서도 ""다만, 노동제도 변화나 일부 업종의 구조조정 같은 요인은 앞으로 고용 흐름의 불확실성으로 남아 있을 것 같다""라고 분석했다. 하지만 현 상황을 두고 봤을 때 1인 가구의 고용 상황은 그리 좋지 못하다. 전체 가구 중 1인 가구는 비정규직 비중이 높고, 소득이 있더라도 생계비 부담이 큰 경우가 많아서다. 전문가들은 비정규직 비중이 높은 점은 1인 가구가 형성되는 계기가 되고 있다고 말한다. 김유선 한국노동연구소 이사장은 통계를 바탕으로 1인 가구의 고용 상황을 전했다. 김 이사장은 ""1인 가구의 고용 형태는 상용직 비중이 낮고, 비경제활동인구와 비정규직 비중이 높다는 특징을 보인다""면서 ""2024년 기준 1인 가구의 상용직 비중은 37.7%로 4인 가구(64.8%)의 절반 수준에 불과하다. 비경제활동 인구 비중은 32.3%로 4인 가구(6.7%)의 5배에 달한다. 임시직과 일용직은 15.2%로 4인 가구(5.7%)의 3배가량 되고, 특수고용은 2.0%로 4인 가구(0.6%)의 3배가량 된다. 이처럼 상용직 비중이 낮고, 비정규직 비경제활동인구가 많은 것은 여성과 청년, 80세 이상 초고령자가 1인 가구의 주축을 이루기 때문""이라고 설명했다. 양지훈 인천연구원 도시사회연구부 연구위원 역시 비슷한 견해를 내놨다. 양지훈 연구위원은 ""1인 가구는 전체가구에 비해 사업·개인·공공서비스업 종사 비중이 높으며, 직업별로는 전문가 및 관련 종사자와 사무종사자, 단순노무종사자로 양분화된 구조를 보인다. 이는 1인 가구 형성 배경과 밀접한 관련이 있으며, 자발적 1인 가구 이른바 골든싱글과 비자발적 1인 가구 푸어싱글로 나뉘는 현실을 반영한 결과""라고 분석했다. 그는 또 1인 가구 중 고용 불안을 겪는 집단에 대해 청년과 중장년을 지목했다. 양 연구위원은 ""특히 청년 및 중장년 1인 가구 중 고용이 불안정한 집단은 소득빈곤과 시간빈곤이 중첩된 상태로, 미래를 위한 투자 여력이 부족한 구조적 한계를 안고 있다""라고 덧붙였다. 전상아 숲과나눔 1인 가구 솔루션센터 연구원은 1인 가구의 고용 특성에 대해 '이동성'을 꼽았다. 그는 ""1인 가구는 이동에 있어 유연하다. 정기적이지 않고 유연성이 많은 일자리에서 종사하는 비중이 높을 가능성이 있어 보인다""면서 ""다인 가구의 경우 배우자나 자녀의 학교 문제 등 고려해야 할 요소가 많아 이동이 쉽지 않지만, 1인 가구는 혼자 움직이기 때문에 비정규직 플랫폼 노동 비중이 높다고 생각한다""라고 설명했다. 1인 가구에게 고용 불안과 실직은 경제적 위협을 넘어 삶의 질이 크게 흔들릴 수 있다. 아울러 이들은 소득이 있더라도 전체 가구 대비 절반 수준에 그친 반면 지출은 더 많다. 실제 국가데이터처의 '2025년 3분기 가계동향조사의 전국가구 가구원수별 가계수지'를 보면 지난해 3분기 기준 1인 가구의 월평균 소득은 305만7000원으로 집계됐다. 동시에 가계 지출은 월 평균 233만9000원으로 소득의 약 70%에 달한다. 이는 주로 식비와 주거비 지출이 대부분을 차지하고 있다. 전문가들은 1인 가구가 고용 불안 및 소득 단절을 겪는 경우 위험 충격 자체가 크다고 우려한다. 이장연 교수는 ""1인 가구가 실직이나 소득 감소에 더 취약한 이유는 위험을 분산해 줄 가구 내 완충장치가 없기 때문이다. 다인 가구와 달리 1인 가구는 한 사람의 소득이 곧 전체 소득이라서 부정적인 고용 충격이나 소득 감소가 바로 생계 위기로 이어진다""며 ""게다가 주거비, 공과금, 통신비처럼 줄이기 어려운 고정비 비중이 소득 대비 높다 보니, 소득이 줄어도 지출을 크게 줄이기 쉽지 않다. 아플 때나 실직했을 때 가족에게 돌봄이나 금전적인 도움 받기 어려워 외부 사회안전망에 의존해야 한다는 점도 취약성을 키우는 요인""이라고 지적했다. 김유선 이사장 역시 다인 가구와 1인 가구가 받아내는 충격이 다를 수밖에 없는 구조라고 설명한다. 그는 ""다인 가구는 구성원 간 위험 공유를 통해 실직이나 질병의 충격을 흡수하고, 공동 소비를 통해 규모의 경제를 누린다. 반면, 1인 가구는 모든 경제적...",mock
호황의 이면 / 청년 체감경기 괴리,호황의 이면 / 청년 체감경기 괴리 관련 세부 쟁점,호황의 이면 / 청년 체감경기 괴리;labortoday.co.kr;정책,https://www.labortoday.co.kr/news/articleView.html?idxno=231987,불안을 공유하는 사회의 가능성,labortoday.co.kr,갈등_구도,중립적,정부,'불안을 공유하는 사회의 가능성' 기사에서 labortoday.co.kr가 어떤 주체와 강조점을 전면에 두는지 기준으로 생성한 mock 태깅 결과입니다.,"연말에 오랜만에 대학 친구들을 만나고 왔다. 나름의 송년 모임인데, 못 보던 사이에 결혼한다는 사람도 있고, 취업을 준비 중이거나 혹은 퇴사 고민을 하는 사람들도 있었다. 곧 계약 만료라 다른 직장을 구해야 한다든가, 수험 중에 2차 시험을 앞둔 이야기, 일이 너무 힘들어 퇴사 시점을 고민하거나 주변인이 퇴사한다고 하는데 어떻게 대해야 할지 자신이 안 선다든지. 어째서인지 무슨 이야기를 하더라도 노동, 고용, 생계 문제로 주제가 넘어가곤 했다. 누군가는 사업을 시작했고, 누구는 집에서 독립했고, 어떤 프로그램이 요새 재밌고, 다가오는 소개팅에 무슨 말을 해야 할지 등등 꼭 무거운 이야기만 한 것도 아니었는데 말이다. 우리는 불안 속에서 즐거웠다. 사실 경기가 좋지 않다느니, 살기 어렵다든지 하는 이야기는 살면서 듣지 않은 적 없고, 느끼지 않은 적이 없는 것 같다. 시급 해결 필요 과제는 ‘고용 창출 및 경제 회복’ NBS의 12월 4주 여론조사에서 우리 사회의 시급 해결 과제를 물었을 때 '고용 창출 및 경제 회복' 응답이 32%로 가장 높았다. 특히 70세 이상 외 모든 연령대에서 '고용 창출 및 경제 회복' 응답이 30% 이상으로 나타났으며, 18~29세, 30대의 경우 각 38%로 조사됐다. 또한 ‘고용 창출 및 경제 회복’ 응답은 2025년 1월 조사 대비 하락했으나, 여전히 가장 응답이 많았으며, 이는 연령대, 이념성향, 경제적 계층 인식과 무관하게 응답이 많았다. 같은 기관의 12월 2주 조사에서 이재명 정부의 경제정책에 2030의 과반이 부정 평가를 한 것을 생각해 보면, 어떻게 보면 놀랍지 않은 결과다. 고용불안의 생활화: ‘쉬었음’ 인구 현황 2025년 8월 실시된 국가데이터처의 경제활동인구조사에서 비경제활동인구의 특성을 살폈을 때, 비경제활동인구 중 ‘가사’는 36.9%, ‘재학·수강 등’은 20.2%, ‘쉬었음’(일도 구직활동도 하지 않는 상태)은 16.3%다. ‘쉬었음’ 계층에 쉰 이유를 물었을 때, ‘원하는 일자리를 찾기 어려워서’라는 응답은 연령대별로 15~29세 중 30.8%로 비율이 높았고, 30대 중 27.3%, 40대 중 26.8%, 50대 중 14.3%, 60세 이상 중 9.0%로 연령대가 높아질수록 응답 비율이 낮아지는 경향을 보였다. 15~29세 연령대에서는 ‘원하는 일자리를 찾기 어려워서’ 응답이 가장 높은 비율이었으나, 30대 이상 연령대에서는 ‘몸이 좋지 않아서’라는 응답 비율이 가장 높았다. 쉬고 있다고는 하지만, 사실상 건강 등 필요에 의한 휴식이거나, 원하는 일자리를 찾기 위해 기다리는 대기 상태에 가깝다. 이러한 상황을 고려할 때, 쉰다는 것은 온전한 개인의 선택에 의한 결과로 보기 어렵다. 가장 최근 자료인 올해 11월 기준 한국의 ‘쉬었음’ 인구는 254만3천명, 이 중 20대는 40만5천명, 30대는 31만4천명이다. 이 둘을 합치면 71만9천명으로, 이는 코로나19 시기(2021년 67만명, 2022년 58만9천명)보다도 많다. 연령대별로 살필 때, 전년 동월 대비 ‘쉬었음’ 인구는 60세 이상 연령대에서 10.6%, 20대에서 4.5% 증가했다. 고용불안은 개인의 느낌으로만 존재하지 않는다. 실제로 정년 이후 제2의 인생을 준비하거나, 양질의 일자리를 위해 자격증을 준비하는 중장년 세대가 늘었다. 한국산업인력공단에 따르면 지난해 5060대 남성은 지게차운전기능사, 5060대 여성의 경우 한식조리기능사를 가장 많이 접수했다고 한다. 공통적으로 재취업에 용이한 자격증이다. 또한 ‘기능사’의 경우 별도 자격 요건이 없는 입문 단계의 자격증으로, 대다수 경력과 무관하게 취득이 가능하다. 이에 학원가를 찾는 중장년층도 늘었다. 공시생이 떠난 노량진 학원가에는 자격증 취득을 위한 중장년 수험생이 자리를 메꾼다. 정부는 내년 고용 대책으로 ‘쉬었음’ 청년의 노동시장 유입에 집중하겠다고 밝혔다. 취업 의사 유무와 직장 경험 여부에 따른 유형별 맞춤형 지원방안을 마련, 역량을 강화하고, 구직 단념 청년에게는 사회 복귀를 돕는 방식이다. 불안한 현재가 만든 비관적 전망 NBS의 12월 4주 여론조사에서 2025년 한 해의 개인적 차원에서의 평가를 물은 결과, 전체의 53%는 좋지 않은 해였다고 부정 평가했다. 연령대별 부정 평가는 18~29세 중 58%, 30대 중 59%, 70세 이상 중 63%로 전체 평균 대비 상대적으로 높은 비율을 보였다. 동일하게 개인적인 차원에서의 내년 전망을 물었을 때, 전체의 44%가 더 좋아질 것이라 답했으나, 18~29세 중에서는 26%, 70세 이상 중에서는 39%만 긍정 전망해 전체 평균에 못 미치는 응답 비율을 기록했다. 특히 연령대별로 18~29세에서 유일하게 더 나빠질 것이라는 부정 전망이 30%로 긍정 전망(26%)보다 높은 비율을 보였다. 다만 최우선 과제 문항과 달리 이념 성향에 따라 다른 결과가 나타났는데, 진보 성향자의 경우 상대적으로 긍정, 보수 성향자의 경우 상대적으로 부정적인 응답 경향이 올해 평가와 내년 전망 공통으로 나타났다. 송년 모임에서 만난 불안한 대화는 연말 여론조사에서 ‘가장 해결해야 할 과제는 고용 창출 및 경제 회복’이라는 결과로 되돌아온다. 여론조사는 사회가 무엇을 문제로 인식하고 있는지를 비교적 잘 보여주는 도구다. 연말에 반복되던 개인들의 대화는...",failed
AI 가짜뉴스 / 딥페이크 규제,AI 가짜뉴스 / 딥페이크 규제 관련 세부 쟁점,AI 가짜뉴스 / 딥페이크 규제;news.sbs.co.kr;정책,https://news.sbs.co.kr/news/endPage.do?news_id=N1008595085&plink=ORI&cooper=NAVER,AI는 선거와 민주주의를 어떻게 흔들고 있나 [스프],news.sbs.co.kr,갈등_구도,중립적,정부,'AI는 선거와 민주주의를 어떻게 흔들고 있나 [스프]' 기사에서 news.sbs.co.kr가 어떤 주체와 강조점을 전면에 두는지 기준으로 생성한 mock 태깅 결과입니다.,"⚡ 스프 핵심요약 딥페이크 기술이 발전함에 따라 이를 활용한 허위 사실 유포가 선거 기간 내 급증하고 있으며, 우리나라는 선거일 90일 전부터 딥페이크 선거 운동을 전면 금지하는 강력한 규제를 시행하고 있습니다. 고령 유권자는 다른 연령층에 비해 딥페이크 영상을 더 신뢰하고 공유하려는 성향이 강해, 한국 사회의 고령화 추세와 맞물려 선거의 핵심적인 변수로 작용할 위험이 있습니다. AI 챗봇은 데이터와 팩트를 중심으로 유권자를 설득해 짧은 시간 내에 정치적 신념을 변화시킬 수 있지만, 답변 과정에서 정보의 오류나 왜곡이 포함될 가능성이 커 민주주의를 위협하는 요소가 될 수 있습니다. 안녕하세요. 데이터를 만지고 다루는 안혜민 기자입니다. 6.3 지방선거가 끝이 났습니다. AI 생성 이미지와 영상, 그리고 유권자와 대화하는 AI 챗봇까지 AI는 이미 우리 선거 깊숙이 스며들고 있습니다. 오늘 오그랲에서는 AI가 선거와 민주주의에 어떤 영향을 미치고 있는지, 또 어떤 부작용을 낳고 있는지 다양한 데이터와 그래프를 통해 살펴보겠습니다. 진짜보다 더 진짜같은 가짜... 선거를 위협하다 이미지를 생성하고, 영상을 생성하는 AI의 성능이 하루가 다르게 발전하고 있습니다. 예전에는 진짜와 가짜를 구분하는 게 어렵지 않았지만 이제는 구별하기가 어려울 정도로 기술이 발전해서 일단 이상하다 싶으면 AI가 만든 건 아닌지 의심하게 되죠. 지방선거 역시 영향을 받았습니다. 거짓 정보가 담긴 딥페이크 게시물이 선거 기간 동안 논란이 될 정도로 말이죠. 지난 2월, 울산 남구청장 예비후보가 SNS에 이런 게시글을 올렸습니다. 시사주간지 타임이 울산 남구를 이끌 인물로 자신을 선정했다고 게시한 건데요. 선관위에선 바로 이 예비후보에게 딥페이크를 활용한 허위사실 유포 혐의로 고발 조치를 취했습니다. 결국 이 예비후보는 후보직을 사퇴했죠. 그뿐만 아니라 실제 사진처럼 보이는 AI 합성물들이 SNS에 떠돌기도 했어요. 5월 말까지 선관위가 조치한 딥페이크 게시물은 벌써 1만 건에 육박할 정도입니다. 지난 2024년에 치러진 22대 총선에서 선관위가 조치한 딥페이크 게시물은 모두 389건이었습니다. 하지만 작년 대선에서는 그 규모가 10,513건으로 급증했죠. 이번 선거에서는 5월 26일 기준으로 9,998건을 기록하고 있어요. 사실 우리나라는 선거 관련 딥페이크에 대해선 꽤 강력한 규제를 하는 국가입니다. 지난 2023년 12월에 국회에서 공직선거법에 딥페이크 금지 조항을 신속하게 넣어 개정했는데요. 선거일 90일 전부터는 딥페이크 선거운동이 전면 불허됩니다. 만약 이를 어기면 7년 이하의 징역 또는 1,000만 원 이상 5,000만 원 이하의 벌금이라는 강력한 처벌을 받게 되죠. 정부는 AI를 활용한 가짜뉴스에 대해선 무관용 원칙을 강조하고 있어요. ""이제 딥페이크는 단순한 기술 문제가 아니라 민주주의를 위협하는 새로운 정보 범죄가 되고 있는 것입니다."" 물론 과도한 규제가 기술 혁신을 막는다는 목소리도 있습니다. 가령 악의적 딥페이크는 막아야 하지만 AI 기술 혁신과 표현의 자유가 보장되어야 한다고 주장하는 사람들도 있거든요. 하지만 해외 주요 선거에서 발생한 딥페이크 논란을 보면 촘촘한 규제의 필요성을 주장하는 정부의 입장도 이해가 안 가는 건 아닙니다. 이를테면 2023년 슬로바키아 총선과 2024년 미국 대통령 선거의 사례가 있죠. 2023년 슬로바키아 총선이 치러지기 이틀 전에 SNS에 진보 슬로바키아당 대표의 음성입니다. 모니카 토도바 | Denník N 기자 : 이번에도 누가 와서 표를 직접 집어넣는 거야? 미할 시메치카 | 진보 슬로바키아당 대표 : 그건 걱정하지 마. 그 문제는 이미 해결됐어. AI로 생성된 가짜 음성이었지만 SNS에서 급속도로 퍼져나갔고, 결국 진보 슬로바키아당은 여론조사 우위에도 불구하고 친러시아 성향의 SD당에 패배했습니다. 미국에서는 2024년 1월에 가짜 전화 소동으로 난리가 났어요. 민주당의 뉴햄프셔 예비선거 전에 당원들에게 바이든 대통령을 사칭하는 전화가 걸려왔던 건데요. ""11월 대선을 위해 투표권을 아껴두라""는 내용이었는데, AI로 만든 가짜였죠. 미 연방정부는 딥페이크 음성을 만든 정치 컨설턴트를 검찰에 넘겼고 600만 달러, 우리 돈 82억 원 가량의 벌금을 부과했어요. 슬로바키아와 미국뿐 아니라 수많은 국가들이 선거에서 딥페이크와 전쟁을 벌이고 있습니다. 2021년 이후 선거 기간 중 딥페이크 사건이 발생한 국가는 모두 38개국입니다. 인구로 따지면 총 38억 명의 유권자가 딥페이크의 영향권에 놓인 셈이죠. 딥페이크에 가장 취약한 유권자는 누구일까? 제대로 된 정보를 갖고 투표를 하고 싶어도 점점 가짜 뉴스들은 고도화되어가고 있습니다. 2024년 말에 발표된 정부 조사를 살펴보면 국민 가운데 41.9%는 딥페이크 가짜뉴스를 진짜와 구별 못한다고 답변할 정도죠. 특히 고령의 유권자들이 더 큰 영향을 받을 수 있습니다. 해외 연구진들이 딥페이크를 사람들이 얼마나 신뢰할만하다고 생각하는지 실험을 진행해 봤습니다. 분석 결과 나이가 많을수록 딥페이크 영상을 더 신뢰할 가능성이 높게 나타났어요. 고령일수록 더 신뢰할 뿐 아니라 가짜라고 판단하는 것도 더 줄었죠. 또 하나 중요한 지점은 나이가 많을수록 이 딥페이크 영상을 다른 사람에게 공유하고 추천하려는...",failed
AI 가짜뉴스 / 딥페이크 규제,AI 가짜뉴스 / 딥페이크 규제 관련 세부 쟁점,AI 가짜뉴스 / 딥페이크 규제;newsis.com;정책,https://www.newsis.com/view/NISX20260602_0003653317,방미통위 출범 1년 성적표…낡은 규제 헐고 AI 시대 미디어 '새 판' 짠다,newsis.com,갈등_구도,중립적,정부,'방미통위 출범 1년 성적표…낡은 규제 헐고 AI 시대 미디어 '새 판' 짠다' 기사에서 newsis.com가 어떤 주체와 강조점을 전면에 두는지 기준으로 생성한 mock 태깅 결과입니다.,"방미통위 출범 1년 성적표…낡은 규제 헐고 AI 시대 미디어 '새 판' 짠다 김종철 방송미디어통신위원장, 국무회의서 출범 1주년 국정성과 보고 허위조작정보 대규모 플랫폼 신고 의무화… 가중손해배상제 도입 추진 장기 지연됐던 152개 방송국 재허가 완료·단말기 지원금 차별 금지 성과 [서울=뉴시스]심지혜 기자 = 방송미디어통신위원회가 지상파 방송 재허가와 방송3법 하위법령 정비, 플랫폼 규제 기반 마련 등을 출범 이후 주요 성과로 제시했다. 김종철 방송미디어통신위원장은 2일 국무회의에서 방미통위 출범 이후 추진 현황과 1주년 국정성과를 보고했다. 위원회는 지난해 10월 출범했다. 올해 4월 의사정족수를 충족하면서 본격 가동됐다. 현재까지 총 14차례 전체회의를 열고 86건의 안건을 처리했다. 방미통위는 장기간 지연됐던 16개 지상파방송사업자와 2개 유료방송사업자 등 총 152개 방송국 재허가를 완료했다. 방송법 개정도 추진했다. 방송사업자의 책임 없는 사유로 유효기간 안에 재허가·재승인이 안 나더라도 결정 전까지 기존 허가를 유효한 것으로 간주하는 내용이다. 방송사의 안정적 운영과 국민 시청권 보호를 강화하려는 조치다. 이외에도 한국방송공사(KBS) 재난방송에 수어방송 의무를 신설했다. 와이티엔(YTN) 최다액출자자 변경승인 심의절차도 시작했다. 통신 분야에서는 전기통신사업법 시행령을 개정했다. 거주 지역이나 나이에 따른 단말기 지원금 차별을 금지했다. KT의 갤럭시S25 사전예약 거짓 고지 등에 대해서는 과징금을 부과했다. 방송3법 후속 정비와 월드컵 '보편적 시청권' 확보 국민의 보편적 시청권 보장을 위한 정책 기반도 강화했다. 이달부터 개최되는 북중미 월드컵 중계권 협상을 지원해 지상파와 유료방송 간 공동 중계를 이끌어냈다. 국민관심행사의 중계권 재판매 권고와 협의체 구성·운영 등 법제 정비도 추진하고 있다. 가짜뉴스 플랫폼에 '징벌적 손배'… 불법 스팸도 철퇴 방미통위는 허위조작정보 대응을 강화하기 위해 정보통신망법 개정을 추진한다. 대규모 플랫폼 사업자의 가짜뉴스 신고접수를 의무화한다. 악의적 허위 정보에 대해서는 최대 5배의 가중손해배상제를 도입한다. 제도의 안정적 시행을 위해 시행령 개정 절차도 진행 중이다. 불법스팸에 대해서는 과징금 부과 제도를 신설했다. 악성 스팸 발송자에 대한 범죄수익 환수 근거도 마련했다. 홈쇼핑 상생안 마련…미디어 진흥원 설립 추진 미디어산업 경쟁력 회복과 상생 기반 마련을 위한 노력도 강조했다. 지난 5월 홈쇼핑 제도 개선과 중소기업 전용 홈쇼핑 채널 신설 추진 등을 담은 홈쇼핑 상생·활력 제고 방안을 발표했다. 디지털 미디어 환경 변화에 체계적으로 대응하기 위해 한국방송미디어통신진흥원 설립도 추진한다. 방송과 미디어 분야 진흥 업무를 하나로 일원화하기 위해서다. 인공지능(AI)·디지털 시대에 필요한 미디어 역량 강화 정책도 확대한다. 관계부처와 협업해 디지털·미디어 교육과 체험 기회를 넓힌다. 국민의 미디어 활용 능력과 디지털 시민성을 높여 나간다는 계획이다. 김종철 방미통위원장은 ""그동안 방송의 공공성 회복과 디지털 미디어 질서 확립에 정책 역량을 집중해 왔다""며 ""앞으로도 국민이 체감할 수 있는 정책 성과를 만들고 공공성 및 산업 경쟁력이 조화를 이루는 환경을 조성할 것""이라고 말했다. ◎공감언론 뉴시스 [email protected] Copyright © NEWSIS.COM, 무단 전재 및 재배포 금지",failed
AI 가짜뉴스 / 딥페이크 규제,AI 가짜뉴스 / 딥페이크 규제 관련 세부 쟁점,AI 가짜뉴스 / 딥페이크 규제;kmib.co.kr;정책,https://www.kmib.co.kr/article/view.asp?arcid=0029888052&code=61121111&cp=nv,"기상청장 “재난 관련 가짜뉴스, 처벌 지침 만들 것”",kmib.co.kr,갈등_구도,중립적,정부,"'기상청장 “재난 관련 가짜뉴스, 처벌 지침 만들 것”' 기사에서 kmib.co.kr가 어떤 주체와 강조점을 전면에 두는지 기준으로 생성한 mock 태깅 결과입니다.","기상청이 온라인 소셜미디어를 중심으로 유통되는 기상 관련 가짜뉴스와 관련해 근절 방안을 모색하기로 했다. 또 국민이 체감하는 예보 신뢰도 향상을 위해 예보 정확도 시스템을 고도화하기로 했다. 이미선 기상청장은 28일 오전 서울 동작구 기상청 서울청사에서 국민주권정부 출범 1주년 기자간담회를 열고 이같이 밝혔다. 이 청장은 “관련법에 따라 기상예보는 기상예보업을 가진 사람만 할 수 있고 벌금·과태료 규정도 있지만 그동안 한 번도 시행한 적이 없다”며 “관련 지침을 만들고 법리 검토를 거쳐 가짜 뉴스에 대한 위원회를 구성할 예정”이라고 밝혔다. 예보 정확도와 관련해선 “현재 한반도의 강수 유무 정확도는 90% 정도로 전 세계와 비교해도 낮지 않다”며 “기후변화 시대에서 중요한 건 강수의 강도에 대한 정확도다. 이를 반영할 수 있는 예보 정확도 기준을 마련하는 것이 제 과제”라고 말했다. 그러면서 한국형수치예보모델(KIM)의 활용도를 높이는 방안도 고민 중이라고 밝혔다. 이 청장은 이 밖에 특보·재난문자 개편부터 재생에너지 기상서비스와 인공지능(AI) 기술 융합 등 자연 재난의 안전망을 넓히는 데 주력해 왔다는 점을 중심으로 핵심 성과를 밝혔다. 감시·예측·특보 체계 강화, 기후위기 감시·예측 정보 활용 강화, 재생에너지 기상서비스 개시, 한국형 수치 모델 현업화 및 인공지능(AI) 기술 융합 등이다. 이어 이 청장은 기후위기 시대 국민의 안전과 편의를 위한 전방위적인 기상·기후 혁신 및 규제 합리화를 추진하고 있다고 설명했다. 이 청장은 “지난 1년간 갈수록 복잡해지고 심화하는 기후재난의 양상에서도 국민의 기본 안전을 최우선으로 하는 기상청이 되려고 노력해 왔다”며 “기후 위기 시대에 선제적으로 대응하는 기상·기후 강국 실현을 목표로 앞으로도 국민 맞춤형 기상기후서비스를 지속적으로 고도화해 나가겠다”고 말했다. 장은현 기자 eh@kmib.co.kr GoodNews paper ⓒ 국민일보(www.kmib.co.kr), 무단전재, 수집, 재배포 및 AI학습 이용 금지",failed
AI 가짜뉴스 / 딥페이크 규제,AI 가짜뉴스 / 딥페이크 규제 관련 세부 쟁점,AI 가짜뉴스 / 딥페이크 규제;news1.kr;정책,https://www.news1.kr/local/moi/6179796,"김민재 행안차관 ""가짜뉴스 실시간 삭제…선거일까지 긴밀 대응""",news1.kr,갈등_구도,중립적,정부,"'김민재 행안차관 ""가짜뉴스 실시간 삭제…선거일까지 긴밀 대응""' 기사에서 news1.kr가 어떤 주체와 강조점을 전면에 두는지 기준으로 생성한 mock 태깅 결과입니다.","허위·가짜뉴스 단속 921명…딥페이크 삭제 요청도 급증정부 ""플랫폼 사업자·다국적 기업과도 신속 삭제 협력""김민재 행정안전부 차관이 16일 오후 서울 종로구 정부서울청사에서 온라인 회의 시스템을 통해 열린 광주-전남 통합 관련 회의를 주재하고 있다. (행정안전부 제공. 재판매 및 DB 금지) 2026.1.16 ⓒ 뉴스1관련 키워드행정안전부지방선거가짜뉴스한지명 기자 동작구, 이수역 9번출구 승강시설 재가동 공사 착수영등포구, 풍수해 대비 도로명판 106개 정비·확충관련 기사윤호중 장관 ""안심하고 투표 참여해달라""…사전투표소 점검정부 ""지방선거 가짜뉴스·허위사실 무관용…공무원 줄서기 엄단""金총리 ""3대 선거범죄 좌시 않겠다…딥페이크 뿌리 뽑을 것""행안부, 지선 앞두고 사전투표소 현장점검…불법현수막 대응 강화선거 앞두고 허위·가짜뉴스 엄단…윤호중 ""무관용 원칙, 강력 대응""",mock
AI 가짜뉴스 / 딥페이크 규제,AI 가짜뉴스 / 딥페이크 규제 관련 세부 쟁점,AI 가짜뉴스 / 딥페이크 규제;straightnews.co.kr;정책,https://www.straightnews.co.kr/news/articleView.html?idxno=303869,"“'가짜 소통 끝내겠다”'…셀트리온 노조, 25년만에 공식 출범",straightnews.co.kr,갈등_구도,중립적,정부,"'“'가짜 소통 끝내겠다”'…셀트리온 노조, 25년만에 공식 출범' 기사에서 straightnews.co.kr가 어떤 주체와 강조점을 전면에 두는지 기준으로 생성한 mock 태깅 결과입니다.","성과급 산정기준·복지·근무환경 개선 요구 셀트리온 ""노조 권리 존중…법과 제도 따라 대응"" 셀트리온에 창사 이후 처음으로 노동조합이 출범했다. 노조는 투명한 성과급 제도와 인력 운영 개선, 복지 확대, 조직문화 혁신 등을 요구하며 본격적인 활동에 나섰다. 전국민주노동조합총연맹(민주노총) 전국화학섬유식품산업노동조합은 1일 셀트리온 노동자들이 참여한 화섬식품노조 셀트리온지회 '유니트리온(Unitrion)'이 공식 출범했다고 밝혔다. 2002년 창립 이후 25년간 유지돼 온 셀트리온의 무노조 경영 체제에도 큰 변화가 예상된다. 노조는 창립선언문에서 ""가짜 소통의 시대는 끝났다""며 ""우리의 헌신에 걸맞은 투명한 보상과 존중을 요구한다""고 밝혔다. 이어 ""노동자의 정당한 권리를 되찾고 상식이 통하는 일터를 만들기 위해 출범했다""고 설명했다. 유니트리온은 핵심 요구사항으로 △투명한 초과이익 성과급(PS) 산정 기준 마련 △협상 중심의 임금 결정 체계 구축 △정규 인력 충원 △복지 확대 △근무 자율성 보장 등을 제시했다. 특히 회사가 일방적으로 보상 수준을 결정하는 구조와 연봉 결정 방식에 문제를 제기하며 노사 협상 체계 구축 필요성을 강조했다. 현장 인력 운영 방식도 도마에 올랐다. 노조는 GMP(의약품 제조 및 품질관리 기준) 시설 운영에 필요한 충분한 인력 확보와 함께 공장 간 인력 차출 및 순환 근무 관행 개선을 요구했다. 또 AI 자동화 확대 과정에서도 현장 인력에 대한 책임 전가가 있어서는 안 된다고 주장했다. 복지와 근무환경 개선 요구도 포함됐다. 노조는 부서별로 차이가 발생하는 유연근무제 운영을 개선하고 교대근무자 처우와 복지포인트 제도 확대, 장기근속자 지원 강화 등을 추진하겠다고 밝혔다. 경쟁사인 삼성바이오로직스의 복지 제도를 언급하며 업계 수준에 걸맞은 제도 개선이 필요하다고 주장했다. 조직문화와 소통 방식에 대한 비판도 제기했다. 노조는 조기 출근 관행, 복장 규제, 현장 중심 소통 부족 등을 거론하며 ""노동자를 통제와 관리의 대상이 아닌 전문성을 가진 구성원으로 존중해야 한다""고 강조했다. 셀트리온은 노조 출범에 대해 원론적 입장을 내놨다. 회사는 ""노동조합 설립과 관련한 법이 보장하는 권리를 존중한다""며 ""향후 관련 절차가 진행될 경우 법과 제도에 따라 성실히 대응할 계획""이라고 밝혔다. 이어 ""회사 운영의 안정성과 지속적인 성장에 차질이 없도록 임직원과의 소통과 책임 있는 경영에 최선을 다하겠다""고 말했다. 업계에서는 이번 노조 출범이 국내 바이오 산업의 성장 과정에서 나타난 조직 변화의 한 단면이라는 평가가 나온다. 셀트리온과 함께 국내 바이오 양대 축으로 꼽히는 삼성바이오로직스 역시 노조가 활동 중인 만큼, 주요 바이오 기업에서도 임금과 복지, 조직문화 등을 둘러싼 노사 협의가 점차 중요해질 것으로 전망된다. [스트레이트뉴스 박응서 기자]",mock
AI 가짜뉴스 / 딥페이크 규제,AI 가짜뉴스 / 딥페이크 규제 관련 세부 쟁점,AI 가짜뉴스 / 딥페이크 규제;hankyung.com;정책,https://www.hankyung.com/article/202606046973i,"경찰, 선거사범 4191명 단속…가짜영상 등 딥페이크도 51명",hankyung.com,갈등_구도,중립적,정부,"'경찰, 선거사범 4191명 단속…가짜영상 등 딥페이크도 51명' 기사에서 hankyung.com가 어떤 주체와 강조점을 전면에 두는지 기준으로 생성한 mock 태깅 결과입니다.","경찰, 선거사범 4191명 단속…가짜영상 등 딥페이크도 51명 6·3지방선거 관련 3개월여 집중단속 265명 송치·8명 구속…3394명 수사중 265명 송치·8명 구속…3394명 수사중 경찰이 제9회 전국동시지방선거와 관련해 총 4191명의 선거사범을 단속했다. 특히 영상, 후보자 발언, 이미지 등을 조작한 흑색선전과 관련해서도 51명이 적발되면서 인공지능(AI) 등을 활용한 딥페이크가 선거 공정성을 위협하는 주요 수사 대상으로 부상했다. 4일 경찰청에 따르면 전국 279개 경찰관서가 예비후보자 등록이 시작된 지난 2월3일부터 선거일까지 선거범죄를 집중 단속한 결과 총 4191명을 적발했다. 이 가운데 265명을 송치하고 3394명을 수사 중이며 8명은 구속됐다. 범죄 유형별로는 허위·가짜뉴스 유포 등 흑색선전이 32.5%(1365명)로 가장 많았다. 이 중 오프라인 흑색선전이 832명, SNS 등 온라인 흑색선전이 533명으로 확인됐다. 특히 온라인 공간에서는 AI 등을 활용한 딥페이크 선거운동이 다수 적발됐다. 경찰은 가짜 영상이나 음성 등을 이용한 선거운동 혐의로 총 51명(32건)을 단속했다. 유형별로 보면 후보자의 모습이나 행동을 조작한 영상 조작이 16건으로 가장 많았고 사진 등을 합성한 이미지 조작이 15건, 음성을 변조한 사례도 1건 확인됐다. 후보자·선거운동원 폭행 등 폭력 행위자도 210명 단속했다. 그 중 혐의가 중한 6명은 구속하고 3명은 불구속 송치했으며 196명을 수사 중이다. 수사 단서별로는 고소·고발이 2365명(56.4%)으로 절반 이상을 차지했고, 신고·정정이 1037명(24.7%), 선거관리위원회 고발·수사의뢰가 412명(9.8%), 첩보·자체인지가 377명(8.9%) 순이다. 경찰은 이날부터 4개월 간 선거 사건 집중 수사 기간을 운영해 당선 여부를 불문하고 모든 선거 사건을 신속하고 엄정하게 수사할 방침이다. 모든 선거 사건을 공소 시효 만료일인 12월3일 전에 종결하고 특히 기소가 필요한 사건은 공소제기에 필요한 시간을 고려해 수사 준칙 제7조에 따라 검찰과 긴밀히 협력하는 등 최대한 신속하게 송치할 계획이다. 경찰은 “당선 답례 등의 명목으로 금품 등을 제공하는 행위, 당선 대가로 이권을 제공하는 행위에 대해서도 단속을 강화해 지방정부가 깨끗하고 건강한 토대 위에 자리 잡도록 최선을 다할 것”이라고 밝혔다. 우연수 기자 coincidence@hankyung.com 4일 경찰청에 따르면 전국 279개 경찰관서가 예비후보자 등록이 시작된 지난 2월3일부터 선거일까지 선거범죄를 집중 단속한 결과 총 4191명을 적발했다. 이 가운데 265명을 송치하고 3394명을 수사 중이며 8명은 구속됐다. 범죄 유형별로는 허위·가짜뉴스 유포 등 흑색선전이 32.5%(1365명)로 가장 많았다. 이 중 오프라인 흑색선전이 832명, SNS 등 온라인 흑색선전이 533명으로 확인됐다. 특히 온라인 공간에서는 AI 등을 활용한 딥페이크 선거운동이 다수 적발됐다. 경찰은 가짜 영상이나 음성 등을 이용한 선거운동 혐의로 총 51명(32건)을 단속했다. 유형별로 보면 후보자의 모습이나 행동을 조작한 영상 조작이 16건으로 가장 많았고 사진 등을 합성한 이미지 조작이 15건, 음성을 변조한 사례도 1건 확인됐다. 후보자·선거운동원 폭행 등 폭력 행위자도 210명 단속했다. 그 중 혐의가 중한 6명은 구속하고 3명은 불구속 송치했으며 196명을 수사 중이다. 수사 단서별로는 고소·고발이 2365명(56.4%)으로 절반 이상을 차지했고, 신고·정정이 1037명(24.7%), 선거관리위원회 고발·수사의뢰가 412명(9.8%), 첩보·자체인지가 377명(8.9%) 순이다. 경찰은 이날부터 4개월 간 선거 사건 집중 수사 기간을 운영해 당선 여부를 불문하고 모든 선거 사건을 신속하고 엄정하게 수사할 방침이다. 모든 선거 사건을 공소 시효 만료일인 12월3일 전에 종결하고 특히 기소가 필요한 사건은 공소제기에 필요한 시간을 고려해 수사 준칙 제7조에 따라 검찰과 긴밀히 협력하는 등 최대한 신속하게 송치할 계획이다. 경찰은 “당선 답례 등의 명목으로 금품 등을 제공하는 행위, 당선 대가로 이권을 제공하는 행위에 대해서도 단속을 강화해 지방정부가 깨끗하고 건강한 토대 위에 자리 잡도록 최선을 다할 것”이라고 밝혔다. 우연수 기자 coincidence@hankyung.com",mock
AI 가짜뉴스 / 딥페이크 규제,AI 가짜뉴스 / 딥페이크 규제 관련 세부 쟁점,AI 가짜뉴스 / 딥페이크 규제;yna.co.kr;정책,https://www.yna.co.kr/view/AKR20260604100500004?input=1195m,"경찰, 6·3선거사범 4천여명 적발… 허위·가짜뉴스 유포 32.5% | 연합뉴스",yna.co.kr,갈등_구도,중립적,정부,"'경찰, 6·3선거사범 4천여명 적발… 허위·가짜뉴스 유포 32.5% | 연합뉴스' 기사에서 yna.co.kr가 어떤 주체와 강조점을 전면에 두는지 기준으로 생성한 mock 태깅 결과입니다.","경찰이 제9회 전국동시지방선거와 관련해 선거사범 4천여명을 단속하고 이 가운데 260여명을 검찰에 송치했다. 경찰은 후보자와 선거운동원에 대한 폭력행위에도 엄정 대응해 210명을 단속했으며, 이 가운데 6명을 구속했다. 선거운동 중인 후보자를 폭행하거나 물병을 던진 사례, 현수막 훼손을 제지하는 시민을 위협한 사례 등이 포함됐다. 전체 내용을 이해하기 위해서는 기사 본문과 함께 읽어야 합니다. 송고 2026년06월04일 10시43분 세 줄 요약 경찰이 제9회 전국동시지방선거와 관련해 선거사범 4천여명을 단속하고 이 가운데 260여명을 검찰에 송치했다. 경찰은 후보자와 선거운동원에 대한 폭력행위에도 엄정 대응해 210명을 단속했으며, 이 가운데 6명을 구속했다. 선거운동 중인 후보자를 폭행하거나 물병을 던진 사례, 현수막 훼손을 제지하는 시민을 위협한 사례 등이 포함됐다. 인공지능이 자동으로 줄인 '세 줄 요약' 기술을 사용합니다. 전체 내용을 이해하기 위해서는 기사 본문과 함께 읽어야 합니다. 전체 내용을 이해하기 위해서는 기사 본문과 함께 읽어야 합니다. (서울=연합뉴스) 한지은 기자 = 경찰이 제9회 전국동시지방선거와 관련해 선거사범 4천여명을 단속하고 이 가운데 260여명을 검찰에 송치했다. 경찰청 국가수사본부는 예비 후보자 등록일인 지난 2월 3일부터 전국 279개 경찰관서에 수사전담반 2천96명을 편성해 선거범죄를 단속한 결과 총 2천549건, 4천191명을 적발했다고 4일 밝혔다. 이 가운데 265명을 송치했고 3천394명에 대해서는 수사를 진행 중이다. 나머지 532명은 불송치 또는 불입건 종결 등으로 사건이 마무리됐다. 구속 인원은 8명이다. 범죄 유형별로 보면 허위·가짜뉴스 유포 등 흑색선전이 1천365명(32.5%)으로 가장 많았다. 이어 금품수수 1천50명(25.0%), 현수막·벽보 훼손 311명(7.4%), 사전선거운동 270명(6.4%), 선거폭력 210명(5.0%) 등이 뒤를 이었다. 특히 온라인 흑색선전 가운데 딥페이크를 이용한 선거운동으로 적발된 인원은 51명(32건)으로 집계됐다. 유형별로는 영상 조작 16건, 이미지 조작 15건, 음성 조작 1건이었다. 경찰은 후보자와 선거운동원에 대한 폭력행위에도 엄정 대응해 210명을 단속했으며, 이 가운데 6명을 구속했다. 선거운동 중인 후보자를 폭행하거나 물병을 던진 사례, 현수막 훼손을 제지하는 시민을 위협한 사례 등이 포함됐다. 수사 단서별로는 고소·고발이 2천365명(56.4%)으로 가장 많았고 신고·진정 1천37명(24.7%), 선거관리위원회 고발·수사 의뢰 412명(9.8%), 첩보·자체인지 377명(8.9%) 순으로 나타났다. 시·도청별 단속 인원을 쪼개 보면, 경기남부경찰청 663명, 전남경찰청 550명, 서울경찰청 490명, 경북경찰청 362명, 경남경찰청 292명 순이었다. 경찰은 이날부터 10월 2일까지 4개월간 '선거 사건 집중 수사 기간'을 운영하고, 당선 여부와 관계없이 모든 선거 사건을 신속하게 수사할 방침이라고 밝혔다. 아울러 당선 답례나 대가성 이권 제공 등 선거 이후 불법행위에 대한 단속도 강화할 계획이다. writer@yna.co.kr 제보는 카카오톡 okjebo <저작권자(c) 연합뉴스, 무단 전재-재배포, AI 학습 및 활용 금지> 2026년06월04일 10시43분 송고 ESC 닫기 댓글",mock
AI 가짜뉴스 / 딥페이크 규제,선거_가짜뉴스_단속,가짜뉴스;딥페이크;선거범죄;경찰수사;공정선거,https://www.newsis.com/view/NISX20260604_0003656146,"경찰, 지선 선거사범 4191명 적발…가짜뉴스 등 흑색선전 32.5%",newsis.com,규제_필요,중립적,경찰,"이 기사는 경찰이 지방선거 기간 동안 가짜뉴스 및 딥페이크를 포함한 흑색선전 등 선거사범을 단속한 현황과 수사 계획을 보도하며, 이러한 행위에 대한 규제의 필요성을 보여준다.","경찰, 지선 선거사범 4191명 적발…가짜뉴스 등 흑색선전 32.5% 265명 송치, 3394명 수사 중·8명 구속 흑색선전이 1위…선거폭력도 6명 구속 경찰, 4개월간 선거 사건 집중 수사키로 경찰청 국가수사본부는 지선 예비후보자 등록일인 지난 3일부터 선거일인 전날까지 선거사범 총 4191명을 단속해 265명을 송치하고 3394명을 수사 중이며 이 중 8명을 구속했다고 4일 밝혔다. 경찰은 전국 279개 경찰관서에 수사전담반 2096명을 편성해 선거의 공정성을 중대하게 침해하는 선거범죄를 단속해왔다. 선거범죄 유형별로는 허위·가짜뉴스 유포 등 흑색선전(1365명, 32.5%)이 가장 많았다. 흑색선전의 수단을 기준으로 분류하면 오프라인 흑색선전이 832명, 사회관계망서비스(SNS) 등 온라인 흑색선전이 533명으로 확인됐다. 특히 온라인 흑색선전 중 가짜영상(딥페이크) 이용 선거운동으로 단속된 인원은 51명(32건)이며 단속된 32건은 영상 조작 16건, 이미지 조작 15건, 음성 조작 1건으로 나타났다. 선거폭력과 관련해서는 폭력행위자 210명을 단속해 그 중 혐의가 중한 6명을 구속하고, 3명을 불구속 송치했으며 196명을 수사 중이다. 선거폭력 구속 건수에는 지난 4월 28일 버스정류장 앞에서 선거운동 중인 구의원 예비후보자의 얼굴을 여러 차례 폭행한 사례, 지난달 12일 지하철역 앞에서 선거운동 중인 시의원 예비후보자를 향해 건물 옥상에서 500㎖ 물병을 던진 사례 등이 포함됐다. 수사 단서별로는 고소·고발이 2365명(56.4%)으로 절반 이상을 차지했다. 신고·진정이 1037명(24.7%), 선관위 고발·수사의뢰가 412명(9.8%), 첩보·자체인지가 377명(8.9%) 순이었다. 시·도청별 단속 인원은 ▲경기남부청 663명(15.8%) ▲전남청 550(13.1%) ▲서울청 490명(11.6%) ▲경북청 362명(8.6%) ▲경남청 292명(6.9%) 순으로 나타났다. 경찰청은 이날부터 4개월간 '선거 사건 집중 수사 기간'을 운영해 당선 여부를 불문하고 모든 선거 사건을 신속하고 엄정하게 수사할 방침이다. ◎공감언론 뉴시스 [email protected] Copyright © NEWSIS.COM, 무단 전재 및 재배포 금지",ok
AI 가짜뉴스 / 딥페이크 규제,AI 가짜뉴스 / 딥페이크 규제 관련 세부 쟁점,AI 가짜뉴스 / 딥페이크 규제;ytn.co.kr;정책,https://www.ytn.co.kr/_ln/0103_202606041127481775,"경찰, 선거사범 4천여 명 단속...가짜뉴스 사례 최다",ytn.co.kr,갈등_구도,중립적,정부,"'경찰, 선거사범 4천여 명 단속...가짜뉴스 사례 최다' 기사에서 ytn.co.kr가 어떤 주체와 강조점을 전면에 두는지 기준으로 생성한 mock 태깅 결과입니다.","AD 경찰청 국가수사본부는 이번 제9회 전국동시지방선거 기간 선거사범 총 4,191명을 단속해 265명을 검찰에 송치하고 8명을 구속했다고 밝혔습니다. 선거범죄 유형은 가짜뉴스 유포가 32.5%로 가장 많았는데 특히 가짜영상, 이른바 딥페이크를 이용한 선거운동 단속 규모는 51명, 32건이었습니다. 흑색선전과 함께 3대 선거범죄로 분류되는 금품수수가 25%로 뒤를 이었고 공무원의 선거 관여는 3.9%를 차지했습니다. 또 이번에 후보자와 선거운동원을 상대로 물병이나 담배를 던지거나 폭행·협박한 선거폭력 행위자 210명이 단속됐고 이 가운데 6명은 구속됐습니다. 지역별 단속 인원은 경기남부경찰청이 15.8%로 가장 많았고 전남, 서울, 경북, 경남 순이었습니다. 경찰은 나머지 3,394명에 대해서는 수사를 이어가고 있다며 오늘(4일)부터 4개월 동안 집중 수사 기간을 운영해 모든 선거 사건을 공소시효 만료일인 오는 12월 3일 전까지 종결한다는 방침입니다. YTN 김다연 (kimdy0818@ytn.co.kr) ※ '당신의 제보가 뉴스가 됩니다' [카카오톡] YTN 검색해 채널 추가 [전화] 02-398-8585 [메일] social@ytn.co.kr [저작권자(c) YTN 무단전재, 재배포 및 AI 데이터 활용 금지] 선거범죄 유형은 가짜뉴스 유포가 32.5%로 가장 많았는데 특히 가짜영상, 이른바 딥페이크를 이용한 선거운동 단속 규모는 51명, 32건이었습니다. 흑색선전과 함께 3대 선거범죄로 분류되는 금품수수가 25%로 뒤를 이었고 공무원의 선거 관여는 3.9%를 차지했습니다. 또 이번에 후보자와 선거운동원을 상대로 물병이나 담배를 던지거나 폭행·협박한 선거폭력 행위자 210명이 단속됐고 이 가운데 6명은 구속됐습니다. 지역별 단속 인원은 경기남부경찰청이 15.8%로 가장 많았고 전남, 서울, 경북, 경남 순이었습니다. 경찰은 나머지 3,394명에 대해서는 수사를 이어가고 있다며 오늘(4일)부터 4개월 동안 집중 수사 기간을 운영해 모든 선거 사건을 공소시효 만료일인 오는 12월 3일 전까지 종결한다는 방침입니다. YTN 김다연 (kimdy0818@ytn.co.kr) ※ '당신의 제보가 뉴스가 됩니다' [카카오톡] YTN 검색해 채널 추가 [전화] 02-398-8585 [메일] social@ytn.co.kr [저작권자(c) YTN 무단전재, 재배포 및 AI 데이터 활용 금지] AD",failed
AI 가짜뉴스 / 딥페이크 규제,AI 가짜뉴스 / 딥페이크 규제 관련 세부 쟁점,AI 가짜뉴스 / 딥페이크 규제;mk.co.kr;정책,https://www.mk.co.kr/article/12066509,"김수현 측 “가세연 김세의, 허위사실 명예훼손·스토킹 혐의 ‘구속 송치’…수사기관에 감사” - 매일경제",mk.co.kr,갈등_구도,중립적,정부,"'김수현 측 “가세연 김세의, 허위사실 명예훼손·스토킹 혐의 ‘구속 송치’…수사기관에 감사” - 매일경제' 기사에서 mk.co.kr가 어떤 주체와 강조점을 전면에 두는지 기준으로 생성한 mock 태깅 결과입니다.","배우 김수현이 과거 고(故) 김새론의 미성년자 시절 교제 의혹을 제기했던 유튜브 채널 ‘가로세로연구소’(가세연)의 김세의 대표가 구속 송치된 것과 관련해 공식 입장을 밝혔다. 5일 김수현 소속사 골드메딜리스트는 공식입장을 내고 “김수현 씨와 당사가 가로세로연구소 김세의를 상대로 제기한 여러 건의 고소·고발 사건에 대한 경찰 수사 결과를 알려드린다”고 밝혔다. 소속사 측에 따르면, 경찰 수사 결과 김세의 대표는 정보통신망 이용촉진 및 정보보호 등에 관한 법률 위반(허위사실 적시에 의한 명예훼손)을 비롯해 스토킹범죄의 처벌 등에 관한 특례법 위반, 성폭력범죄의 처벌 등에 관한 특례법 위반(카메라 등을 이용한 촬영물 반포 등), 강요미수 및 협박 등 다수의 혐의가 인정됐다. 경찰은 사안의 중대성을 고려하여 김 대표를 검찰에 구속 송치한 상태다. 소속사는 “사건의 직접적인 당사자가 아님에도 불구하고 김수현 씨를 대신해 오랜 시간 목소리를 내어 주신 분들과 진상을 밝히기 위해 취재하고 노력해 주신 모든 분들께 감사드린다”고 전했다. 이어 “보이지 않는 자리에서 오직 증거와 사실에 근거하여 수사를 진행하고 진실을 밝혀 준 수사기관, 그리고 피의자의 신병에 관하여 공정하고 엄정한 판단을 내려준 사법기관에도 깊이 감사드린다”며 고개를 숙였다. 마지막으로 “긴 시간 김수현 씨를 응원하며 함께해 주신 팬 여러분의 믿음과 응원은 힘든 시간 속에서도 큰 힘이 되었다”고 덧붙였다. 서울 강남경찰서는 지난 4일 성폭력범죄의 처벌 등에 관한 특례법 위반과 명예훼손 혐의를 받는 김 대표를 구속 송치했다. 김 대표는 유튜브 방송 등을 통해 김수현이 미성년자였던 고(故) 김새론과 교제했다는 의혹과 함께 고인의 사망 배경에 김수현 측의 채무 변제 압박이 있었다는 취지의 내용을 유포한 혐의를 받고 있다. 또한 인공지능(AI) 기술을 활용해 김새론의 음성을 조작한 혐의도 적용됐다. 김수현 측은 앞서 김새론과의 열애설을 처음엔 부인했으나, 논란이 확산되자 “김새론이 성인이 된 후인 2019년부터 2020년까지 교제했다”고 입장을 번복했다. 다만 미성년 교제의혹에 대해서는 일관되게 선을 그어왔다. 김수현 측은 지난해 5월 김 대표를 경찰에 고소했다. 이후 수사를 진행한 경찰은 지난달 14일 구속영장을 신청했고, 법원은 지난달 26일 열린 구속 전 피의자 심문(영장실질심사) 결과 증거인멸과 도주 우려가 있다고 판단해 구속영장을 발부했다. 김 대표는 구속 이후 지난달 31일 구속적부심을 청구하며 석방을 요청했지만, 서울중앙지법은 지난 2일 “청구 이유가 없다”며 이를 기각했다. <다음은 골드메달리스트 공식입장 전문> 안녕하세요. 골드메달리스트입니다. 김수현 씨와 당사가 가로세로연구소 김세의를 상대로 제기한 여러 건의 고소·고발 사건에 대한 경찰 수사 결과를 다음과 같이 알려드립니다. 경찰 수사 결과, 정보통신망 이용촉진 및 정보보호 등에 관한 법률 위반(허위사실 적시에 의한 명예훼손), 스토킹범죄의 처벌 등에 관한 특례법 위반, 성폭력범죄의 처벌 등에 관한 특례법 위반(카메라 등을 이용한 촬영물 반포 등), 강요미수 및 협박 등의 혐의가 인정되었으며, 경찰은 사안의 중대성을 고려하여 김세의를 검찰에 구속 송치하였습니다. 사건의 직접적인 당사자가 아님에도 불구하고, 법이 정한 절차를 기다리던 김수현 씨를 대신하여 오랜 시간 목소리를 내어 주신 분들께 깊이 감사드립니다. 또한 사건의 진상을 밝히기 위해 직접 취재하며 힘써 주신 분들, 그리고 사건의 실체가 널리 알려질 수 있도록 함께해 주신 모든 분들께도 감사의 말씀을 드립니다. 특히 보이지 않는 자리에서 묵묵히 책임을 다하며 오직 증거와 사실에 근거하여 수사를 진행하고 진실을 밝혀 주신 수사기관, 그리고 피의자의 신병에 관하여 공정하고 엄정한 판단을 해주신 사법기관에도 깊이 감사드립니다. 무엇보다 긴 시간 김수현 씨를 응원하며 함께해 주신 팬 여러분께 진심으로 감사드립니다. 팬 여러분의 믿음과 응원은 힘든 시간 속에서도 큰 힘이 되었습니다. 끝으로 경찰의 수사 결과 통지서를 첨부하여 드리오니 참고하여 주시기 바랍니다. 감사합니다.",mock
AI 가짜뉴스 / 딥페이크 규제,교육현장 AI 윤리기준 마련,AI 윤리;교육;딥페이크;허위정보;가이드라인,https://www.newsis.com/view/NISX20260604_0003656084,"AI 올바른 활용법은?…충북교육청, 윤리기준 설명자료집",newsis.com,기술윤리,긍정적,충북교육청,"이 기사는 충북교육청이 AI의 올바른 활용과 허위정보, 딥페이크 등의 피해 예방을 위해 윤리기준 자료집을 개발, 배포한 내용을 다루며 기술윤리 확립의 긍정적 측면을 강조한다.","AI 올바른 활용법은?…충북교육청, 윤리기준 설명자료집 [청주=뉴시스] 김재광 기자 = 충북도교육청은 '충북형 AI(인공지능) 윤리 기준 설명 자료집'을 개발해 도내 교육기관과 학교에 보급했다고 4일 밝혔다. 자료집은 생성형 AI 활용이 빠르게 확산하는 교육환경 변화에 대응해 학생·교사가 AI를 올바르게 활용할 수 있는 기준과 실천 방향을 제시한다. 개인정보 보호, 저작권, 딥페이크, 허위정보 등 학교 현장에서 발생할 수 있는 사례를 중심으로 구성해 현장 적용성을 높였다. 국제기구 유네스코(UNESCO), 경제협력개발기구(OECD), 교육부 AI 윤리 원칙을 분석해 교원, 학생, 학부모 2286명을 대상으로 한 설문조사 결과를 반영해 윤리 기준을 마련했다. 자료집은 ▲프라이버시 보호 ▲안전성·보안 ▲위험 예방·대응 체계 ▲비 편향성 ▲AI 리터러시 ▲지속가능성 등 12개 분야를 수록했다. 도교육청 관계자는 ""자료집이 교육 가족 모두가 안전하고 신뢰할 수 있는 AI 활용 문화를 만들어 가는 길잡이가 되길 바란다""고 말했다. ◎공감언론 뉴시스 [email protected] Copyright © NEWSIS.COM, 무단 전재 및 재배포 금지",ok
AI 가짜뉴스 / 딥페이크 규제,AI 가짜뉴스 / 딥페이크 규제 관련 세부 쟁점,AI 가짜뉴스 / 딥페이크 규제;insnews.co.kr;정책,https://www.insnews.co.kr/news/articleView.html?idxno=91139,“AI로 보험사기 잡는다”… 정부 ‘AI 보험사기 대응 TF’ 출범 - 한국보험신문,insnews.co.kr,갈등_구도,중립적,정부,'“AI로 보험사기 잡는다”… 정부 ‘AI 보험사기 대응 TF’ 출범 - 한국보험신문' 기사에서 insnews.co.kr가 어떤 주체와 강조점을 전면에 두는지 기준으로 생성한 mock 태깅 결과입니다.,"금융당국이 인공지능(AI)을 활용해 보험사기에 대응하기 위해 범정부 협의체를 가동한다. 생성형 AI와 딥페이크 기술을 활용한 서류 위·변조 등 신종 보험사기가 확산될 가능성에 대비해 보험사기 방지 인프라를 고도화한다는 방침이다. 금융위원회(이하 금융위)는 4일 오후 서울 종로구 정부서울청사에서 김진홍 금융산업국장 주재로 ‘AI 기반 보험사기 방지체계 구축 태스크포스(TF)’ 킥오프 회의를 겸한 보험조사협의회를 열고 이 같은 내용을 논의했다고 밝혔다. 금융위에 따르면 지난해 민영 보험사기 적발 규모는 1조1571억원으로, 2022년 1조원을 넘어선 후에도 지속 증가하고 있다. 적발되지 않은 보험사기까지 고려하면 전체 규모는 약 9조원으로 추산된다. 지난해 적발 인원은 10만5743명으로 전년보다 3.0% 줄었다. 보험 분야별로는 실손의료보험과 건강보험 등이 포함된 장기손해보험 비중이 44.7%로 가장 컸다. 이어 자동차보험 22.4%, 생명보험 21.8%, 일반손해보험 11.2% 순으로 집계됐다. 금융위 관계자는 “보험금 누수는 보험료 상승으로 이어져 결국 그 피해가 국민에게 고스란히 돌아간다”며 “보험사기 과정에서 건강보험 급여도 청구되는 만큼, 건강보험 재정 누수도 우려 사항”이라고 설명했다. 최근 보험사기는 의료기관, 정비공장, 브로커, 보험설계사 등이 결탁한 조직적·지능적 범죄로 진화하고 있다. 특히 생성형 AI와 딥페이크(Deepfake) 기술을 악용해 서류를 위·변조하는 신종 보험사기가 새로운 위협이 되고 있다. AI를 활용한 서류 위·변조는 보험 가입, 사고 처리, 보험금 청구 등 보험 전 과정에서 신분증과 진단서, 차량파손 사진 등을 조작하는 방식으로 이뤄진다. 영수증이나 진료기록을 수작업으로 오려 붙이거나 포토샵으로 위·변조한 경우 폰트와 자간 변화로 탐지가 가능했지만, 생성형 AI는 이미지 픽셀 자체를 새롭게 생성해 기존 물리적 단서가 삭제될 수 있다. 실제 부산의 20대 A씨는 병원에서 발급받은 입·통원 확인서를 촬영해 생성형 AI에 업로드한 뒤 입원·퇴원 기간을 늘려달라고 요청해 위조 서류를 만들었다. A씨는 2024년 7월부터 약 1년간 11개 보험사에 보험금을 반복 청구해 총 1억5000만원을 편취했으며, 부산지법에서 보험사기방지 특별법 위반으로 징역 2년을 선고받았다. 금융위는 현재도 한국신용정보원, 보험개발원, 개별 보험사 등이 AI를 활용한 보험사기 대응 시스템을 운영하고 있지만 기관 간 정보 칸막이와 분절적 대응으로 실시간 정보 공유 등 유기적 시너지가 부족하다고 진단했다. 신용정보원은 보험계약과 보험금 지급 및 면책에 보험신용정보를 집중하고, 이를 바탕으로 보험사기 AI 분석과 빅데이터 결합을 지원하는 ‘AI 기반 인슈어테크 플랫폼’을 운영하고 있다. 보험개발원은 AI 이미지 인식 기술을 활용해 차량손상 사진으로 견적비를 자동 산출하고 있으며, 현장출동 직원 사진과 정비업체 제출 사진을 비교하는 자동차 사고 관련 허위·과다 청구 방지 시스템을 개발하고 있다. 이번 TF는 법·제도, 데이터, 인프라 분과 등 3개 분과로 구성된다. 정부와 유관기관, 업계 등 보험조사협의회 참여기관을 기본 구성원으로 하되, 필요시 관련 전문가도 논의에 참여할 수 있도록 운영된다. TF는 한국신용정보원의 AI 기반 인슈어테크 플랫폼을 전 보험권 보험사기 방지 통합 인프라로 고도화하는 방안을 추진한다. 하위 분과별로는 ▲보험사기 혐의 정보 집중·공유를 위한 법적 근거 마련 ▲보험사기 탐지를 위해 추가로 집중·공유할 정보 선정 ▲보험업권과 유관기관 간 실시간 정보공유 방안 마련 ▲AI를 활용한 보험사기 패턴 분석 및 위험지수 개발 등 분야별 핵심 과제를 논의할 예정이다. 특히 공모자나 설계사 인적 정보 등 보험사기 혐의 정보를 집중하고 선별적으로 공유하는 방안을 검토한다. 진료정보 등 정보 집중이 어려운 경우에는 위·변조 여부를 확인할 수 있도록 원본 대조 등 정보 조회를 활성화하는 방안도 논의한다. 금융위는 향후 3개월간 TF를 운영해 오는 9월 ‘AI 기반 보험사기 방지체계 구축방안’을 마련할 계획이다. 이후 10월부터 법령 개정과 플랫폼 고도화 등 후속 조치를 추진할 예정이다. 김진홍 금융위원회 금융산업국장은 “AI 기반 보험사기 방지체계를 차질 없이 구축해 활용하면 사전 예방, 실시간 탐지, 사후 조치 등 전방위적으로 보험사기를 줄일 수 있을 것”이라며 “보험산업에 대한 신뢰를 높이고, 궁극적으로 보험료 하락과 건강보험 재정 누수를 방지해 그 편익을 국민께 돌려드릴 수 있을 것으로 기대된다”고 말했다. 손민아 기자 대한민국 보험과 은행, 금융을 읽는 [한국보험신문]",failed
AI 가짜뉴스 / 딥페이크 규제,AI 가짜뉴스 / 딥페이크 규제 관련 세부 쟁점,AI 가짜뉴스 / 딥페이크 규제;inews365.com;정책,https://www.inews365.com/news/article.html?no=922120,"[충북일보] 충북도교육청, AI 윤리 기준·가이드라인 보급",inews365.com,갈등_구도,중립적,정부,"'[충북일보] 충북도교육청, AI 윤리 기준·가이드라인 보급' 기사에서 inews365.com가 어떤 주체와 강조점을 전면에 두는지 기준으로 생성한 mock 태깅 결과입니다.","- 웹출고시간2026.06.04 12:37:11 - 최종수정2026.06.04 12:37:11 클릭하면 확대이미지를 볼 수 있습니다. ⓒ 충북도교육청 이번 자료는 생성형 AI 활용이 빠르게 확산되는 교육환경 변화에 대응해 학생과 교사가 AI를 올바르게 활용할 수 있는 기준과 실천 방향을 제시하기 위해 마련됐다. 자료집은 개인정보 보호와 저작권, 딥페이크, 허위정보, 학생평가, 교무업무 등 학교 현장에서 실제 발생할 수 있는 사례가 담겼다. AI 윤리 기준 설명 자료집은 △프라이버시 보호 △안전성·보안 △위험 예방 및 대응 체계 △비편향성 △AI 리터러시 △지속가능성 등 12개 실천 가치를 중심으로 구성됐다. 특히 국제기구 유네스코(UNESCO)와 경제협력개발기구(OECD), 교육부의 AI 윤리 원칙 등을 분석하고 교원·학생·학부모 총 2천286명을 대상으로 한 설문조사 결과를 반영해 충북형 AI 윤리 기준을 체계화했다. AI 윤리 가이드라인은 학교 현장에서 자주 발생할 수 있는 상황을 질의응답(Q&A) 형식으로 풀어낸 실천 중심 자료로 △학생 개인정보의 생성형 AI 입력 금지 △AI 활용 시 개인정보 보호 절차 △생성형 AI 결과물의 저작권 문제 △딥페이크와 허위정보 대응 △AI 활용 학생평가 △학부모 민원 대응과 회의록 작성 등 실제 사례 중심의 안내를 담았다. 김영순 창의특수교육과장은 ""이번 자료집과 가이드라인이 학생과 교사, 학부모 모두가 안전하고 신뢰할 수 있는 AI 활용 문화를 만들어 가는 데 실질적인 길잡이가 되길 바란다""고 말했다. / 안혜주기자 asj1322@daum.net - Hot 충북 단체장 선거 민주당 7곳 승리…정치 지형 '여대야소' 재편 ［충북일보］ 충북 지역 단체장 선거가 집권 여당인 더불어민주당의 승리로 막을 내렸다. 사실상 국민의힘과 맞대결로 펼쳐진 6·3 지방선거에서 이기며 4년 만에 지방 권력을 탈환하는데 성공했다. 충북 정치 지형도 '여대야소'로 재편됐다. 국민의힘은 현재의 '여소야대' 정국을 유지하기 위해 정권 견제론을 내세우며 맞섰으나 패배의 쓴맛을 맛봤다. 4일 중앙선거관리위원회에 따르면 민주당은 충북지사를 포함해 도내 광역·기초단체장 12개 선거에서 7명이 승리했다. 충북지사 신용한·청주시장 이장섭·제천시장 이상천·옥천군수 황규철·증평군수 이재영·진천군수 김명식·음성군수 조병옥 후보가 당선의 영광을 안았다. 반면 국민의힘은 5곳에서 민주당을 꺾으며 선전했다. 충주시장 이동석·보은군수 최재형·영동군수 정영철·괴산군수 송인헌·단양군수 김문근 후보가 당선증을 거머쥐었다. 지난 2022년 6월 치러진 8회 지방선거와 정반대 결과가 나온 셈이다. 당시 국민의힘은 충북지사를 포함해 8명이 단체장 선거에 승리해 지방 권력을 장악했다. 민주당 소속 당선인은 4명에 불과했다. 전통적으로 진보 텃밭 지역인 진천과 증평, 음성이다. 보수 성향인 강한 옥천에서도 파란 깃발을 꽂았다. - Why 가성비 vs 가심비…설 선물 양극화 ［충북일보］경기침체와 고물가 영향으로 설 선물의 양극화 현상이 뚜렷해지고 있다. 충북도내 유통업계에 따르면 백화점의 경우 물가 상승 영향으로 10만 원 미만 선물 물량은 지난해 설 보다 5%가량 줄어든 반면, 대형마트들은 5만 원 미만 선물 비중이 확대되고 있다. 상대적으로 높은 가격을 보이는 백화점 선물세트는 물가 상승 영향으로 구성 상품들의 시세가 전반적으로 오른 영향이 크다. 설 성수품인 배 가격은 최근 강세를 보이고 있다. 6일 청주지역 기준 배(신고) 평균 소매 가격은 10개에 4만2천900원 이다. 지난해 보다 27.37% 비싸다. 지난해 배 생산량 감소와 저장단계에서 고온 피해로 인해 유통 가능 물량이 줄어들면서 가격 상승에 여파를 미쳤다. 이에 기존 사과·배에 더해 샤인머스캣이나 애플망고를 섞은 혼합세트가 증가했다. 명절 주요 선물 상품인 한우의 경우 포장 중량을 줄여 가격 부담을 낮추는 전략을 마련하고 있다. 대형마트는 '가성비'로 소비자들의 마음을 잡고 있다. 지난해 설 보다 '5만 원 미만' 상품의 비중을 확대하거나, 커피·차 세트, 김·양말 등 상대적으로 가격이 저렴한 선물 세트가 인기를 끈다. '1 - Only 본선 시작되니 이슈 실종…'맥빠진' 청주시장 선거 ［충북일보］청주시장 선거가 특별한 선거 이슈 없이 맥이 빠진 채 전개되고 있다는 평가가 나온다. 27일 전국동시지방선거가 일주일도 채 남지 않았지만, 예년의 선거기간이었다면 이 시기 몇가지 이슈가 선거판의 뜨거운 감자로 떠올라 각 후보마다 자신의 정견을 발표했던 것과 이번 선거는 사뭇 다른 분위기다. 게다가 국민의힘 입장에선 역대 첫 재선 성공, 민주당 입장에선 시장직 탈환 등 치열한 승부가 예상됐던 청주시장 선거였지만 일반 시민들 사이에서는 누가 선거 후보로 나왔는지도 모르겠다는 반응들이 주를 이룬다. 그만큼 특별한 선거 이슈가 없으니 시민 사이에서 '누구의 생각이 옳다, 그르다' 갑론을박할 일도 없단 뜻이다. 지역정가에서도 이번 청주시장 선거가 이처럼 깜깜이 선거로 진행될지 몰랐다는 반응들이 주를 이룬다. 지난해 말부터 청주지역에는 수많은 이슈들이 선거판 도마 위로 오를 것으로 예상됐었기 때문이다. 가장 대표적인 이슈가 청주시외버스터미널 매각 이슈다. 재선도전을 노리는 국민의힘 이범석 청주시장 후보가 민선 8기 청주시장 재임 시절에...",failed
AI 가짜뉴스 / 딥페이크 규제,AI 가짜뉴스 / 딥페이크 규제 관련 세부 쟁점,AI 가짜뉴스 / 딥페이크 규제;news1.kr;정책,https://www.news1.kr/it-science/general-science/6183518,AI시대 디지털윤리 알린다…방미통위 공모전 개최,news1.kr,갈등_구도,중립적,정부,'AI시대 디지털윤리 알린다…방미통위 공모전 개최' 기사에서 news1.kr가 어떤 주체와 강조점을 전면에 두는지 기준으로 생성한 mock 태깅 결과입니다.,"그림일기·포스터·웹툰·영상 등 창작물 모집우수작 25점 선정…12월 디지털윤리대전 시상2026년 디지털윤리 창작콘텐츠 공모전 포스터.2026.06.01 ⓒ 뉴스1 (방송미디어통신위원회 제공. 재판매 및 DB금지)관련 키워드방송미디어통신위원회한국지능정보사회진흥원인공지능김민수 기자 [인사] 과학기술정보통신부[단독]티빙 해킹범 DB 침입 확인…""단순 개인정보 유출 아냐""관련 기사청소년 10명 중 4명 사이버폭력 경험…""AI 활용 폭력 심각해""",failed
AI 가짜뉴스 / 딥페이크 규제,AI 가짜뉴스 / 딥페이크 규제 관련 세부 쟁점,AI 가짜뉴스 / 딥페이크 규제;mediatoday.co.kr;정책,https://www.mediatoday.co.kr/news/articleView.html?idxno=334848,"“AI 생성물, 당사자 동의 받아야” SBS 노사 단협 타결",mediatoday.co.kr,갈등_구도,중립적,정부,"'“AI 생성물, 당사자 동의 받아야” SBS 노사 단협 타결' 기사에서 mediatoday.co.kr가 어떤 주체와 강조점을 전면에 두는지 기준으로 생성한 mock 태깅 결과입니다.","SBS 노사가 올해 단체협약 개정에 합의하며 인공지능(AI) 도입에 따른 노동조건 변화와 인격권 침해 우려에 대한 최소한의 안전장치를 단협에 명시했다. 조합원의 음성이나 초상 등을 활용한 AI 생성물을 만들 경우 당사자 동의를 받도록 하고, 퇴직 이후 회사가 이를 임의로 활용하지 못하도록 했다. 전국언론노동조합 SBS본부(본부장 이대욱)가 발행한 1일 자 노보에 따르면 SBS 노사는 지난달 28일 단체협약 개정에 합의했다. 노사는 지난 2월12일 첫 교섭을 시작한 뒤 10차례의 실무 교섭과 10여 차례의 비공식 교섭을 거쳐 합의점을 도출했다. 지난 3월 단체협약 유효 기한이 만료된 이후 석 달 만이다. 개정된 단체협약은 6월1일부터 효력이 발생하며 2년간 유효하다. 교섭 과정에서 사측이 보도 최고책임자 임명동의제의 후퇴를 요구하면서 협상이 교착 상태에 빠지기도 했다. 이후 사측이 해당 요구를 철회하면서 교섭이 속도를 냈고, 노사는 단협 개정에 합의했다. AI 도입 시 직무교육·재배치 노력 의무화, 음성·초상 AI 생성물은 당사자 동의 받아야 이번 단협에서 눈에 띄는 대목은 AI 도입 관련 조항이다. 개정 단협에 따르면 회사는 AI 도입으로 직무가 변경되는 조합원에게 필요한 직무 교육을 시행하고, 적절한 재배치가 이뤄지도록 노력할 의무를 진다. 또한 조합원의 인격권 보호를 위해 조합원의 음성이나 초상 등에 대한 표지, 즉 AI 생성물을 만들 때 반드시 당사자 동의를 받아야 한다. 이렇게 생성된 표지는 퇴직 이후 회사가 임의로 활용할 수 없도록 했다. 노동조합은 협상 과정에서 신기술의 전면적 도입 계획이 있을 경우 조합과 사전에 합의하도록 하고, 희망퇴직 강요 등 인위적 고용 조정을 금지하는 고용 안정 장치도 요구했다. 이에 사측은 “이미 상당 부분이 기존 단협의 고용 안정, 인사 원칙 등의 항목을 통해 포괄적으로 보장하고 있다”며 중복 조항을 줄이자고 주장했고, 조합도 이를 수용했다. SBS본부는 향후 AI 도입과 관련해 노동조건 후퇴 상황이 발생할 경우 차기 단체협상에서 적극 반영하겠다는 계획이다. 출산 경조금 최대 4배 인상, 첫째 100만원·둘째 200만원·셋째 300만원 지급 복지와 휴가 관련 조항도 개정됐다. 회사가 새 가족을 맞이한 직원에게 경조금으로 지급하는 ‘출산장려금’은 현행보다 대폭 늘어난다. SBS본부는 모부성 보호 필요성이 커지고 있는 점, 빠른 인구 감소 속에서 기업의 사회적 책임을 다해야 한다는 점, 채용 시장에서의 매력도를 높일 수 있다는 점을 들어 출산 경조금 인상을 요구했다. 사측도 필요성에 공감하면서 자녀 수가 많을수록 더 지원하는 방향을 제안해 합의에 이르렀다. 이에 따라 출산 경조금은 최대 4배 인상된다. 기존 첫째 출산에 50만 원, 둘째 출산에 50만 원, 셋째 출산에 100만원이 지급됐으나 변경된 단협에서는 첫째 출산에 100만 원, 둘째 출산에 200만 원, 셋째 출산에 300만 원을 지급하기로 했다. 배우자 출산 시 부여되는 남성의 유급 출산휴가도 총 22일을 최대 4번에 나눠 사용할 수 있도록 했다. 지난해 시행된 개정 남녀고용평등법을 반영하면서도 법에서 보장하는 휴가보다 2일 더 많은 휴가를 확보한 것이다. 본인이 출산한 경우에는 14주, 다태아의 경우 120일 이상의 유급휴가가 보장된다. 가족돌봄휴가 10일, 육아휴직 및 육아기 근로시간 단축 등 모부성 보호를 위한 사회적 변화도 단협에 반영됐다. 난임치료휴가는 총 6일 중 4일을 유급으로 부여하는 법안이 올해 10월부터 시행되는데, SBS 노사는 단협 효력 시작과 함께 선제적으로 사용할 수 있도록 합의했다. 장기 근속자를 위한 ‘시니어 리프레시’ 휴가도 도입된다. SBS본부는 2024년 단체협상에서 만 5년 사원급 직원을 대상으로 한 ‘주니어 리프레시 휴가’를 도입한 데 이어 이번 교섭에서도 쉼 확대 필요성을 주장했다. 그 결과 만 50세 이상 직원을 대상으로 재직 중 1회에 한해 영업일 기준 최소 15일에서 최대 20일, 3주에서 4주의 장기 휴가를 사용할 수 있는 제도가 마련됐다. 다만 교섭 초기 조합이 주요 요구안으로 제시했던 주 4.5일제 도입은 이번 단협에 반영되지 못했다. 회사는 직원들의 평균 연차 사용률이 절반에 그친다는 점, 4.5일제를 도입하더라도 실질적 사용 가능성에서 직종 간 격차가 크다는 점 등을 들어 난색을 보였다. SBS본부는 이러한 어려움을 수용해 이번 교섭에서는 한발 물러섰다고 전했다. 관련기사 공정방송 침해 사안 발생 시 징계 양정 이유를 투명하게 공개하도록 하는 방안도 관철되지 못했다. 이는 현대차 기사 삭제 사태와 책임자에 대한 솜방망이 징계 논란 속에서 SBS 기자협회가 총회를 통해 필요성을 결의했던 내용이다. 사측은 징계 논의가 인사권에 해당하기 때문에 제도 개선을 수용할 수 없다는 입장을 유지했다. 징계 양정 논의를 공개하는 것이 징계 대상자 개인의 권리를 침해한다는 이유도 들었다. 노동조합은 인사위원회 징계 양정 사유와 해당 사건에 대한 경영진의 평가를 공유하는 수준의 완화된 방안까지 제안했지만 사측은 수용하지 않았다. SBS본부 공정방송실천위원회는 향후 공정방송 침해 사건이 발생할 경우 강력한 투쟁을 통해 미진한 제도를 보완해 나가겠다고 밝혔다. 후원은 더 좋은 기사에 도움이 됩니다",failed
AI 가짜뉴스 / 딥페이크 규제,AI 가짜뉴스 / 딥페이크 규제 관련 세부 쟁점,AI 가짜뉴스 / 딥페이크 규제;newsis.com;정책,https://www.newsis.com/view/NISX20260529_0003649676,"""진짜 뉴스인 줄 알았다""…선거판 덮친 'AI 가짜뉴스' 우려",newsis.com,갈등_구도,중립적,정부,"'""진짜 뉴스인 줄 알았다""…선거판 덮친 'AI 가짜뉴스' 우려' 기사에서 newsis.com가 어떤 주체와 강조점을 전면에 두는지 기준으로 생성한 mock 태깅 결과입니다.","""진짜 뉴스인 줄 알았다""…선거판 덮친 'AI 가짜뉴스' 우려 6·3 지방선거 앞두고 'AI 역사 왜곡 신문' SNS 활개 유포자는 잡혔지만…처벌·플랫폼 '이중 사각지대' 6·3 지방선거를 사흘 앞둔 31일, 생성형 인공지능(AI)으로 정교하게 제작된 5·18민주화운동 관련 가짜 신문이 사회관계망서비스(SNS)를 통해 급속히 번지면서 유권자들의 혼란이 극에 달하고 있다. 스타벅스코리아의 '탱크데이' 마케팅 논란을 계기로 전두환 전 대통령 이미지를 합성하거나 5·18을 조롱하는 AI 제작 영상이 SNS에 확산된 데 이어, 이번에는 과거 신문을 통째로 복제한 정교한 허위 지면까지 등장하는 등 AI를 동원한 역사 왜곡이 선거 국면의 새로운 변수로 떠오르고 있다. 최근 온라인에서는 광주일보 제호를 사칭해 '북한군 광주 투입', '무기고 탈취'라는 허위 내용을 담은 AI 합성 이미지가 확산했다. 해당 이미지는 1980년 5월 당시 신문 지면 형식을 그대로 모방해 실제 기사처럼 보이도록 제작됐다. 특히 가짜 신문에 적힌 발행일 1980년 5월 20일은 전남매일신문·전남일보 기자들이 신군부의 언론 검열에 항의해 집단 사직서를 제출하고 제작을 거부한 날과 겹치면서 역사 왜곡 논란은 커졌다. 이에 5·18기념재단과 광주일보가 공동으로 5·18특별법 위반·정보통신망법상 명예훼손·업무방해 등 혐의로 광주경찰청에 고소장을 제출했다. 이 같은 AI 허위정보에 유권자들 사이에서도 우려의 목소리가 커지고 있다. 부산에 거주하는 직장인 정승호(33)씨는 ""당시 세대가 아니라 과거 신문이 어떻게 생겼는지 자세히는 모르지만, TV나 온라인에 떠도는 과거 자료들과 비슷하게 생겨 의심 없이 받아들이고 충분히 속을 만한 것 같다""고 말했다. 이어 정씨는 ""선거가 코앞이라 후보의 계획 홍보가 아닌 상대방을 비방하는 내용들은 일단 의심부터 하게 된다""고 덧붙였다. 서울 송파구에 거주하는 회사원 서모(32)씨는 ""성인 입장에선 말이 안 되는 가짜뉴스란 걸 알지만 10대 청소년들은 충분히 혼란을 겪고 선동당할 것 같다""며 ""AI 발전으로 가짜뉴스 퀄리티가 너무 높아져 별도의 사실 검증이 필요할 것 같다""고 우려했다. 37개 계정 추적, 50대 유포자 입건…10·20대 놀이문화 변질 경찰청 국가수사본부는 SNS 등을 통해 '5·18특별법' 위반 허위사실을 유포한 37개 계정에 대해 입건 전 조사에 착수했다. 지난 22일 이후 현재까지 문제성 게시글 240건에 대한 삭제·차단도 플랫폼 측에 요청한 상태다. 광주일보의 신고로 수사에 착수한 광주경찰청 사이버범죄수사대는 허위 이미지를 게시한 50대 여성 A씨를 5·18민주화운동법·명예훼손·업무방해 등 혐의로 입건했다. 경찰은 휴대전화 등 압수물 분석을 통해 A씨가 허위 신문 이미지의 최초 제작자인지, 공범이 있는지 등을 수사하고 있다. A씨는 ""누군가 올린 사진을 가져온 것""이라며 ""댓글 반응이 궁금해 게시했다""는 취지로 진술한 것으로 알려졌다. 현행 5·18특별법은 허위사실 유포 시 5년 이하의 징역형에 처하도록 무겁게 규정하고 있어 처벌 규정 자체는 명확하다. 하지만 유포자 상당수가 10·20대로 SNS에서 놀이문화처럼 콘텐츠를 퍼 나르는 경우가 많아 법적 경각심 없이 이뤄진 행위를 어느 수위로 처벌할지 수사기관의 고심이 깊어지고 있다. 제작자는 오리무중…AI 워터마크가 고의성 가를까 이번 사건 고소를 대리한 정다은 변호사는 ""메타 플랫폼은 AI로 제작된 콘텐츠에 자동으로 마름모 워터마크를 부착하는 시스템을 갖추고 있고, 이 사건 이미지에도 해당 표시가 있었다""며 ""이를 근거로 유포자들의 고의성을 주장하고 있다""고 밝혔다. 또한 ""조작이라고 한다"", ""조작인지 살펴보자""는 유보적 표현도 대법원 판례상 전체적인 취지가 허위사실 전파에 해당하면 처벌을 피하기 어렵다는 주장이다. 전문가들은 생성형 AI 기술 발전 속도를 현행 법·제도가 따라가지 못하고 있다고 지적한다. 송봉규 한세대 IT학부 융합보안학과 교수는 ""최초 제작자를 추적하려면 해외 플랫폼 협조와 국제 공조가 필수인데 시간이 많이 걸린다""며 ""워터마크 정보 자체를 삭제·변조하는 AI도 등장해 기술적 추적도 한계가 있다""고 말했다. 국내 수사기관이 구글·메타·엑스(X) 등 해외 IT 기업에 계정 정보나 삭제를 요청해도 실질적인 이행을 기대하기 어려운 게 현실이다. 미국 빅테크 기업들은 자국의 '통신품위법(CDA) 제230조'에 의거해 제3자가 올린 콘텐츠에 대한 면책권을 보장받으며, 이를 '표현의 자유'라는 헌법적 가치로 방어하고 있기 때문이다. 김명주 서울여자대학교 정보보호학과 교수는 ""선거운동 마감 직전 AI 가짜뉴스가 확산하면 반박할 시간조차 없어 선거 결과가 뒤집혀도 돌이킬 방법이 없다""고 경고했다. 이어 ""기술적 워터마크 삭제 AI까지 등장한 상황에서 법과 규제만으로는 한계가 명확하다""며 ""결국 시민들이 스스로 비판적 필터링을 작동시키는 시민 윤리 제고만이 선거판 AI 공작을 막을 최종 방어벽""이라고 강조했다. ◎공감언론 뉴시스 [email protected] Copyright © NEWSIS.COM, 무단 전재 및 재배포 금지",mock
AI 가짜뉴스 / 딥페이크 규제,AI 가짜뉴스 / 딥페이크 규제 관련 세부 쟁점,AI 가짜뉴스 / 딥페이크 규제;zdnet.co.kr;정책,https://zdnet.co.kr/view/?no=20260601160903,"AI가 기사 쓰는 시대, 기자의 자리는 어디인가",zdnet.co.kr,갈등_구도,중립적,정부,"'AI가 기사 쓰는 시대, 기자의 자리는 어디인가' 기사에서 zdnet.co.kr가 어떤 주체와 강조점을 전면에 두는지 기준으로 생성한 mock 태깅 결과입니다.","""인공지능(AI)으로 만든 사진이나 영상은 보도에 어디까지 사용할 수 있을까?"" 챗GPT, 제미나이 등 생성형 AI 활용이 급증하면서 저널리즘 영역에서 끊이지 않는 질문이다. 언론의 가장 본질적인 행위인 '쓰는 일'까지 대신해 주는 똑똑한 AI가 등장했기 때문이다. 그동안 저널리즘은 컴퓨터를 비롯한 수많은 기술의 영향을 받았다. 그때마다 ‘기술은 저널리즘의 친구인가, 적인가’라는 질문이 따라붙었다. 가장 최근엔 데이터를 기반으로 기사를 자동 생산하는 '로봇 저널리즘'이 논쟁의 대상이 됐다. 그러나 생성형 AI는 차원이 다르다. 정해진 데이터나 알고리즘에 맞춰 콘텐츠를 생산하던 기존 기술과 달리, 생성형 AI는 아예 '사람보다 더 창의적인' 결과물을 만들어내기 때문이다. 이러한 논쟁을 수면 위로 끌어올린 대표적인 사건이 지난해 중국 전승절 관련 보도였다. 지난해 9월 1일, KBS는 중국 전승절 80주년 기념 열병식 예고 기사를 내보냈다. 화면에는 푸틴 러시아 대통령, 시진핑 중국 주석, 김정은 북한 국무위원장이 나란히 서서 박수치는 장면이 담겼다. 당시는 행사가 열리기 전이라 관련 영상이 없을 때였다. 이런 경우 예전 행사 자료 화면을 쓰는 것이 일반적이었다. 하지만 KBS는 AI로 세 정상이 나란히 서 있는 가상 영상을 제작해 방송했다. 기획 다큐멘터리가 아닌 스트레이트 뉴스 보도에 AI 영상을 사용한 경우는 상당히 이례적이었다. 이 보도는 곧바로 안팎에서 거센 논란에 휘말렸다. “대세가 된 AI 활용을 터부시할 필요는 없다”는 옹호론도 있었지만 비판론이 압도적으로 많았다. AI로 보도 장면을 ‘재창조’하는 것은 현실을 왜곡하고 조작할 우려가 크다는 지적이었다. 이 사건은 특정 매체만의 해프닝이 아니다. 저널리즘이 '먼저 온 미래'를 어디까지 수용해야 하느냐는 철학적 질문을 담고 있기 때문이다. 과거 컴퓨터나 인터넷이 도입될 때도 진통은 있었다. 하지만 생성형 AI는 저널리즘의 출발점인 ‘사실의 기록과 전달’ 자체를 흔든다는 점에서 엄중함의 무게가 다르다. 최근 후배 기자들과 ‘AI 저널리즘’을 주제로 토론을 해 봤다. 생성형 AI를 취재와 보도에 어떻게 활용하는지, 경험을 나누는 자리였다. 젊은 기자들은 생각보다 역동적으로 기술을 쓰고 있었다. 기업 발표 자료의 허점을 찾아내 날카로운 질문을 뽑아내기도 하고, 방대한 자료를 요약하는 데 활용하기도 했다. 구세대에 속하는 나는 '주체적 활용'을 강조했다. ""AI를 외면할 수도 없지만, AI에 끌려다녀서는 안 된다""는 선배로서의 노파심이었다. 다행히 신세대 기자들은 기술의 편리함에 매몰되지 않고, 나름의 주체성을 지키려 노력하고 있었다. 그럼에도 불안감은 쉽게 가시지 않는다. '사람보다 똑똑한' AI의 거센 파고를 헤쳐 나가는 일은 말처럼 간단치 않기 때문이다. 비서처럼 일을 대신해 주는 AI의 편의성에 익숙해지다 보면, 현장 감각과 비판적 사고 능력을 잃어버릴지도 모른다는 두려움이 엄습한다. 자료를 요약하고 뼈대를 잡는 작업은 인간이 AI를 이길 수가 없다. 그러나 행간에 숨은 의도를 읽어내고, 굳게 닫힌 취재원의 입을 열며, 현장의 공기를 날것 그대로 담아내는 것은 인간 기자의 영역이다. 편치 않은 현장을 발로 뛰며 체득하는 '기자 정신'마저 AI에게 외주를 줄 순 없는 노릇이다. 관련기사 - AI가 기사를 쓴다…기자는 무엇을 할 것인가2026.03.18 - AI 브라우저 시대, ‘나만을 위한 신문’이 오나2026.03.16 - 챗GPT로 소설 쓴 황석영, 기자는 어디까지 쓸 수 있나2026.02.10 - 젠슨 황, 홍대 PC방서 '페이커' 만났다…""한국은 e스포츠 발상지""2026.06.05 우리는 AI를 어디까지 활용하고, 어디서부터 멈춰 서야 할까. 칼로 무 자르듯 명확한 선을 긋기는 불가능할지도 모른다. 기술은 앞으로도 더 정교하게 저널리즘의 영역을 파고들 것이다. 다만 우리가 넘지 말아야 할 기술 활용의 윤리적 마지노선은 분명히 존재한다. 사실(Fact)을 있는 그대로 기록하고 전달하는 일, 그리고 그 결과물에 온전히 책임을 지는 일. AI가 아무리 똑똑해져도 결코 대신할 수 없는 이 저널리즘의 원칙이야말로, 거센 AI의 파도 속에서 기자가 제 자리를 지킬 수 있는 유일한 구명 조끼다.",mock
AI 가짜뉴스 / 딥페이크 규제,AI 가짜뉴스 5.18 역사 왜곡 수사,AI 가짜뉴스;5.18 민주화운동;경찰 수사;허위사실 유포;역사 왜곡,http://mbn.mk.co.kr/pages/news/newsView.php?category=mbn00009&news_seq_no=5195440,″5·18은 북한 지령?″…AI 가짜기사에 경찰 강력 대응,mbn.mk.co.kr,허위정보_피해,중립적,경찰,이 기사는 AI 기술을 악용한 5.18 민주화운동 왜곡 가짜뉴스 유포에 대한 경찰의 강력한 수사 및 대응 방침을 보도하며 허위정보로 인한 피해를 강조한다.,"경찰 ""5·18 허위사실 무관용 원칙 수사"" 경찰이 인공지능(AI) 기술을 악용해 5·18민주화운동을 조롱하는 가짜 신문 기사를 게시한 작성자에 대한 추적·수사에 착수했습니다. 경찰청 국가수사본부는 오늘(22일) 언론에 ""최근 온라인을 통해 5·18민주화운동법 위반 행위가 확산되는 데 대해 사안의 심각성을 엄중하게 인식하고 있다""며 ""현재 '5·18은 폭동'이라는 다수의 게시글도 수사 중""이라고 밝혔습니다. 사회관계망서비스(SNS)를 중심으로 어제(21일)부터 광주 지역 일간지의 제호를 도용한 뒤, AI를 이용해 만들어낸 가짜 신문 지면 사진이 빠르게 유포되며 논란이 일었습니다. AI를 이용해 생성한 것으로 추정되는 이 사진에는 지역 언론사인 광주일보의 제호와 1980년 5월 20일이라는 기사 발행 날짜가 교묘하게 합성됐습니다. 지면에는 '5·18 북에서 지령받은 간첩들 무기고 탈취, 계엄군 무차별 공격'이라는 제목과 '간첩 잔당, 폭도들과 합세해 평화로운 광주를 피로 물들여'라는 왜곡된 부제도 실려 사실인 것처럼 유포되고 있습 경찰청은 ""SNS 등을 통해 확산하는 5·18 관련 허위사실에 대해 무관용 원칙으로 적극 수사하고 삭제·차단 요청도 병행할 예정""이라고 밝혔습니다. 아울러 ""5·18민주화운동의 의미가 훼손되지 않도록 경찰은 허위사실 유포에 대해 엄정 대응하겠다""고 강조했습니다. [한은정 디지털뉴스 기자 han.eunjeong@mbn.co.kr]",ok
AI 가짜뉴스 / 딥페이크 규제,AI 음성 합성 선거운동 규제 위반 의혹,AI 음성 합성;선거법 위반;딥페이크 규제;선거 공정성;표시 의무,https://www.newscj.com/news/articleView.html?idxno=3405752,[6.3지방선거-경남] 송영기 AI 음성 사용 의혹… 권순기 측 조사 촉구,newscj.com,규제_필요,중립적,권순기 후보 선거대책위원회,이 기사는 한 선거 캠프가 상대 후보의 AI 음성 합성 기술 사용 의혹을 제기하며 선거법 위반 여부에 대한 조사를 촉구하는 내용을 다루고 있습니다.,"AI 음성 합성 의혹… “실제 육성 여부 확인해야” 언론사 광고 게재 논란… 선관위 조사 촉구 [천지일보 경남=이선미 기자] 권순기 경남교육감 후보 선거대책위원회가 2일 송영기 후보의 선거운동 영상에 인공지능(AI) 음성 합성 기술이 사용됐다는 의혹을 제기하며 선거관리위원회의 조사를 촉구하고 나섰다. 선대위는 “실제 후보자의 육성인지, AI 기술을 활용한 합성 음성인지 확인이 필요하다”며 선거법상 표시 의무 위반 가능성까지 거론했다. 이날 권 후보 선대위는 송 후보 페이스북에 지난달 10일 게시된 ‘송쌤이 간다’ 어벤저스편 영상을 문제 삼았다. 영상 속 송 후보가 “준비됐습니다”라고 말하는 장면을 두고 “AI 기술로 생성·합성된 음성으로 의심되지만 관련 표시가 없다”고 주장했다. 선대위는 “후보를 홍보하기 위해 AI를 활용한 선거 콘텐츠는 관련 법령에 따른 표시 의무가 있다”며 실제 육성 여부와 AI 음성 생성·합성 기술 사용 여부, 표시 의무 준수 여부를 신속히 확인해야 한다고 요구했다. 현행 공직선거법과 중앙선거관리위원회 지침은 AI 기반 선거 콘텐츠와 딥페이크 영상에 일정한 표시 의무를 두고 있다는 점도 강조했다. 쟁점은 AI 음성 의혹에만 그치지 않았다. 선대위는 송 후보가 예비후보 시절 인터넷 언론사에 광고를 게재한 의혹과 관련해 경남도선관위가 조사에 착수했다고 주장했다. 경남 지역 한 인터넷 언론사가 지난 4월 15일 멈춰 선 교실을 바꿀 시간이라는 제목의 칼럼을 게재하면서 기사 하단에 송영기 예비후보 광고를 실은 혐의를 받고 있다는 게 선대위 설명이다. 또 “발행인·편집인·기자 역할을 겸한 기자가 선거기간 동안 다른 교육감 후보는 거의 보도하지 않은 채 송 후보 홍보 기사를 일방적으로 보도했다”고 주장했다. 선대위는 공직선거법 제93조를 언급하며 “선거에 영향을 미칠 목적으로 후보자 또는 후보자가 되려는 사람의 성명·사진·경력 등을 이용한 광고를 제한하고 있다”고 밝혔다. 이어 “관계기관은 언론 매체를 통한 사실상의 선거 홍보가 이뤄졌는지 여부를 빠르고 명확하게 가려야 한다”고 촉구했다. 아울러 송 후보 측이 제기한 권순기 후보 측 네이버 검색 조작 의혹에 대해서는 “권 후보 선대위가 개입됐다는 주장에 상응하는 명확한 증거를 공개하고 수사를 의뢰하라”고 맞받았다. 권 후보 선대위는 “제기된 의혹 전반에 대해 관계 기관이 엄정하고 공정한 조사를 실시해 사실 관계를 규명해야 한다”며 “도민이 신뢰할 수 있는 선거 환경 조성이 필요하다”고 주장했다.",ok
AI 가짜뉴스 / 딥페이크 규제,AI의 선거 및 민주주의 위협,AI;선거;민주주의;가짜뉴스;위협,https://news.google.com/rss/articles/CBMiT0FVX3lxTE9zVkI1OVJuNEFxNTRDVWZVMmtJNEdtZHJCdVl1RTdIT2t4bFlNM3dncFRtZUVXMzZEQU1PRlJkOUdualNCZHNDYXk5U2EtV0k?oc=5&hl=en-US&gl=US&ceid=US:en,AI는 선거와 민주주의를 어떻게 흔들고 있나 [스프] - v.daum.net,v.daum.net,허위정보_피해,부정적,일반 대중,"기사 제목이 AI가 선거와 민주주의를 위협하는 방식에 대한 우려를 제기하며, 허위 정보로 인한 피해 가능성을 강조하고 있다.",AI는 선거와 민주주의를 어떻게 흔들고 있나 [스프] v.daum.net,partial
AI 가짜뉴스 / 딥페이크 규제,AI 가짜뉴스 / 딥페이크 규제 관련 세부 쟁점,AI 가짜뉴스 / 딥페이크 규제;대전인터넷신문;정책,https://news.google.com/rss/articles/CBMiU0FVX3lxTE1nUWtpeWRWZHBoV3JxQXV2dXZZQmFnUWJRU2xsNWdWeVhUQm1XUU83eTBRZEJTb3Z3WHlVYkpBRFBiRWtUeEZkQTAzSGVfZEdlSkVN?oc=5&hl=en-US&gl=US&ceid=US:en,"세종경찰청 선거사범 33명 적발…딥페이크 확산·선관위 논란, 지방선거가 남긴 과제 - 대전인터넷신문",대전인터넷신문,갈등_구도,중립적,정부,"'세종경찰청 선거사범 33명 적발…딥페이크 확산·선관위 논란, 지방선거가 남긴 과제 - 대전인터넷신문' 기사에서 대전인터넷신문가 어떤 주체와 강조점을 전면에 두는지 기준으로 생성한 mock 태깅 결과입니다.","세종경찰청 선거사범 33명 적발…딥페이크 확산·선관위 논란, 지방선거가 남긴 과제 대전인터넷신문",failed
AI 가짜뉴스 / 딥페이크 규제,선거 관련 가짜뉴스 단속 현황,경찰;선거사범;가짜뉴스;단속;허위정보,https://news.google.com/rss/articles/CBMib0FVX3lxTE5HYndEOTBsZWZHdzNianE4aURoLXljX2pyRVAtY2NzdmdZSEdRZ0dNOUhyOVdpR2JTSG9td2hzNTROT2MtQVBvaUlOWXJ0aFBKS1hucG5MSkdwQ0lvbzcyNkEyRF9IMXZheFVqSFpHWQ?oc=5&hl=en-US&gl=US&ceid=US:en,"[사회]경찰, 선거사범 4천여 명 단속...가짜뉴스 사례 최다 - YTN",YTN,규제_필요,중립적,경찰,"이 기사는 경찰의 선거사범 단속 현황과 가짜뉴스 사례의 비중을 보도하며, 허위 정보에 대한 규제 및 단속의 필요성을 간접적으로 보여준다.","[사회]경찰, 선거사범 4천여 명 단속...가짜뉴스 사례 최다 YTN",partial
AI 가짜뉴스 / 딥페이크 규제,AI 가짜뉴스 / 딥페이크 규제 관련 세부 쟁점,AI 가짜뉴스 / 딥페이크 규제;경향신문;정책,https://news.google.com/rss/articles/CBMiWkFVX3lxTE5wS0VadUpQYVY5TFZPeEpsVklwc29IdG1HdjFBMXRjOElWU0JVXzlXaTB0eEFNOWdNWUlVbGF6ZXVXa2RSem84dUpERGdPd0Z1U3lQX2NlY09lZ9IBX0FVX3lxTE5WOXRNcWxsYWswVFlldnBYV2NuT0dSM3Z1Yzc2Z0RneWJiZk1mTXFxM1c3bTEzTkpCWWVhbk53UnRmYXRtRkw1eVYzX2V1NXpHMUd1QW9LYjZ0dk9jQWE0?oc=5&hl=en-US&gl=US&ceid=US:en,"대중화한 AI, 손쉽게 만들어지는 가짜뉴스·딥페이크…총력전 벌이는 선관위 [②AI와 6·3지방선거] - 경향신문",경향신문,갈등_구도,중립적,정부,"'대중화한 AI, 손쉽게 만들어지는 가짜뉴스·딥페이크…총력전 벌이는 선관위 [②AI와 6·3지방선거] - 경향신문' 기사에서 경향신문가 어떤 주체와 강조점을 전면에 두는지 기준으로 생성한 mock 태깅 결과입니다.","대중화한 AI, 손쉽게 만들어지는 가짜뉴스·딥페이크…총력전 벌이는 선관위 [②AI와 6·3지방선거] 경향신문",failed
AI 가짜뉴스 / 딥페이크 규제,선거 기간 허위·가짜뉴스 유포 단속 현황,선거사범;가짜뉴스;허위정보;경찰;단속,https://news.google.com/rss/articles/CBMiYEFVX3lxTE5mZEIzVDRkaEVRTl9vbU91a3JNM3BSd3JvR1hTczVTMnZiV3l2Y1hBWUVVZUx2THpXX1JIX1pkd1R4UTR2RnZESUs3eXNuUGdRVFFWTDVwcWZ4QnBKNDFScNIBYEFVX3lxTE5mZEIzVDRkaEVRTl9vbU91a3JNM3BSd3JvR1hTczVTMnZiV3l2Y1hBWUVVZUx2THpXX1JIX1pkd1R4UTR2RnZESUs3eXNuUGdRVFFWTDVwcWZ4QnBKNDFScA?oc=5&hl=en-US&gl=US&ceid=US:en,"경찰, 6·3선거사범 4천여명 적발… 허위·가짜뉴스 유포 32.5% - 연합뉴스",연합뉴스,규제_필요,중립적,경찰,"이 기사는 경찰이 선거 기간 동안 허위·가짜뉴스 유포를 포함한 선거사범을 적발한 현황을 보도하며, 가짜뉴스 규제의 필요성을 간접적으로 보여준다.","경찰, 6·3선거사범 4천여명 적발… 허위·가짜뉴스 유포 32.5% 연합뉴스",partial
AI 가짜뉴스 / 딥페이크 규제,AI 가상인물 광고 표시 의무화,AI 가상인물;광고 규제;소비자 보호;표시 의무;공정거래위원회,http://www.fnnews.com/news/202605311811510044,AI 의사에 속지마세요…광고에 '가상인물' 표시 의무화,fnnews.com,규제_필요,중립적,공정거래위원회,이 기사는 공정거래위원회가 AI 가상인물이 등장하는 광고에 표시 의무를 부과하여 소비자 오인을 방지하려는 새로운 규제 도입을 보도하고 있다.,"공정위, 6월 1일부터 소비자 보호 규제 앞으로 인공지능(AI)으로 만든 가상인물이 등장하는 광고에는 '가상인물' 표시가 의무화된다. AI 기술 발달로 실제 사람과 구분하기 어려운 광고 콘텐츠가 급증하면서 소비자 오인을 막기 위한 규제도 본격화하는 모습이다. 31일 공정거래위원회에 따르면 개정된 '추천·보증 등에 관한 표시·광고 심사지침'이 1일부터 시행된다. 이번 개정은 AI로 생성한 가상인물을 새로운 추천·보증 주체로 규정하고 광고에 활용할 경우 해당 인물이 가상인물이라는 사실을 명확히 알리도록 한 것이 핵심이다. 개정안에 따라 블로그나 인터넷 카페 등 문자 중심 매체에서는 게시물 제목이나 첫 부분에 'AI를 기반으로 생성된 가상인물이 포함된 게시물입니다' 또는 '가상인물 포함' 등의 문구를 표시해야 한다. 사진·동영상 광고의 경우 가상인물이 등장하는 동안 인물 인근에 '가상인물'이라는 표시를 해야 한다. 공정위는 단순히 표시 의무를 부과하는 데 그치지 않고 광고 내용에 대한 책임도 강화했다. 가상인물임을 밝혔더라도 실제 사용 경험이나 체험에 기반한 추천·보증을 한 것처럼 표현하면서 그 내용이 사실과 다를 경우 부당 광고로 판단할 수 있도록 심사지침을 정비했다. 이번 조치는 AI 기술 발전에 맞춰 표시광고 제도를 보완하려는 차원으로 풀이된다. 현행 표시광고법은 거짓·과장광고, 기만광고 등을 금지하고 있으며 추천·보증 심사지침은 이른바 '뒷광고' 여부 등을 판단하는 세부 기준 역할을 한다. 공정위 관계자는 ""AI 가상인물을 활용했음에도 표시 의무를 지키지 않은 광고를 대상으로 모니터링을 실시할 계획""이라며 ""광고주와 인플루언서 등이 준수해야 할 기준을 보다 명확히 제시하는 계기가 될 것""이라고 말했다. hippo@fnnews.com 김찬미 기자 ※ 저작권자 ⓒ 파이낸셜뉴스, 무단전재-재배포 금지",ok
AI 가짜뉴스 / 딥페이크 규제,AI 콘텐츠 창작 활성화 및 투명성 확보,AI 콘텐츠;AI 규제;기술윤리;창작 활성화;경기도 정책,https://www.mt.co.kr/policy/2026/06/01/2026060111123776814,AI 제작 영화의 경쟁…경기도 'AI 콘텐츠 어워즈' 막 올린다 - 머니투데이,mt.co.kr,기술윤리,긍정적,경기도,"이 기사는 AI 콘텐츠 어워즈 개최를 통해 AI 기반 영상 창작을 활성화하고, AI 기본법에 따른 투명성 표시 의무를 반영하여 기술 윤리적 측면을 강조하고 있습니다.","생성형 AI로 만든 영화·영상 콘텐츠 모집…10월 수원서 본선 상영 '백남준 특별상' 신설…국내 대표 AI 콘텐츠 축제로 자리매김 생성형 인공지능(AI)로 제작한 영화와 영상 콘텐츠가 경쟁하는 국내 대표 AI 콘텐츠 축제인 '2026 대한민국 AI 콘텐츠 어워즈'가 오는 10월 개최된다. 경기도는 생성형 AI 기반 영상 콘텐츠 창작 활성화를 위해 '2026 대한민국 AI 콘텐츠 어워즈'를 열고 7월12일까지 출품작을 공모한다고 1일 밝혔다. 이번 어워즈는 오는 10월15·16일 수원역 롯데시네마에서 개최된다. 생성형 AI 기술을 활용해 제작한 영화와 영상 콘텐츠를 대상으로 △중편 경쟁 △단편 경쟁 △백남준 특별상 등 3개 부문으로 운영된다. 중편 경쟁 부문은 러닝타임 30분 이상 60분 미만 작품을, 단편 경쟁 부문은 30분 미만 작품을 대상으로 한다. 장르 제한은 없다. 백남준 특별상은 세계적인 비디오아트 거장 백남준의 예술 세계를 AI 창작 방식으로 재해석한 작품을 선정하는 특별 부문으로 마련됐다. 심사를 거쳐 중·단편 경쟁 부문에서는 총 18편의 본선 진출작과 9편의 수상작이 선정된다. 백남준 특별상 수상작 2편까지 포함하면 총 11편이 수상의 영예를 안게 된다. 총상금 규모는 7000만원이다. 본선 진출작은 10월 중 약 2주간 영화관 특별 상영을 통해 일반 관객들에게 공개되며, 시상식도 함께 진행된다. AI 기술과 영상 예술이 결합한 새로운 콘텐츠 흐름을 한자리에서 확인할 수 있는 장이 될 전망이다. 이번 대회는 AI 창작물의 신뢰성과 투명성 확보에도 초점을 맞췄다. 올해부터 시행된 '인공지능 기본법'의 AI 투명성 표시 기준을 반영해 모든 출품작은 AI 생성 사실을 의무적으로 표기해야 한다. 영상 내 워터마크 삽입이나 자막 표기, 메타데이터 기반 비가시적 워터마크 등 지정된 방식 가운데 하나 이상을 적용해야 한다. 대한민국 AI 콘텐츠 어워즈는 2024년 '대한민국 AI 국제영화제'로 출범한 이후 국내 AI 영상 창작 생태계를 대표하는 플랫폼으로 성장하고 있다. 지난해 대상작인 '존재하지 않는 영화'(The Cinema That Never Was)는 수상 이후 세계 각국 영화제에서 18관왕을 기록하며 AI 영화의 가능성을 입증했다. 독자들의 PICK! 강지숙 경기도 콘텐츠산업과장은 ""AI 기술이 콘텐츠 제작 환경을 빠르게 변화시키고 있다""며 ""이번 어워즈가 창작자들의 새로운 도전과 실험적 시도를 조명하는 무대가 되길 기대한다""고 말했다. 출품 접수는 경기콘텐츠진흥원 누리집 내 사업공고 게시판을 통해 가능하다.",ok
AI 가짜뉴스 / 딥페이크 규제,AI 가짜뉴스 / 딥페이크 규제 관련 세부 쟁점,AI 가짜뉴스 / 딥페이크 규제;kmib.co.kr;정책,https://www.kmib.co.kr/article/view.asp?arcid=1780382206&code=11171348&cp=nv,[내일을 열며] AI로 사람 잡기,kmib.co.kr,갈등_구도,중립적,정부,'[내일을 열며] AI로 사람 잡기' 기사에서 kmib.co.kr가 어떤 주체와 강조점을 전면에 두는지 기준으로 생성한 mock 태깅 결과입니다.,"난 온라인에서 잔뼈가 굵은 사람이라고 자부하며 살았다. 인터넷 초창기부터 온라인 구석구석을 돌며 산전수전을 겪은 끝에 거짓 낚시 정보쯤은 간파하는 노하우를 터득했으니 이제 온라인 세상에서 하산해 ‘인터넷에서 낚이지 않는 법’을 주제로 강연해도 될 정도라고 여겼다. 그런데 요즘 그런 자부심에 상처를 입는 일을 잇달아 겪었다. 우선 유튜브에 오른 ‘택배 물감 폭탄’ 영상들. 좀도둑이 문 앞에 놓인 택배를 훔치는 순간 물감으로 가득 찬 택배 상자가 터지는 CCTV 영상을 모은 것인데 그중 상당수가 AI로 조작된 영상이라는 걸 뒤늦게 알게 됐다. 어쩐지 택배 폭탄이 터지는 순간 도둑들 옷 색깔이 제멋대로 바뀌거나 차 안까지 촬영된 장면이 나오더라니. AI 조작 영상인 줄도 모르고 몇 달이나 통쾌해했으니 ‘낚시 회피 전문가’라는 자부심은 무너지고 말았다. 유튜브만 그럴까. AI 조작 사례는 온라인 커뮤니티에서도 각종 논란을 일으키는 중이다. 대전 오월드에서 탈출한 ‘늑구’ 사건에서는 도로 위 늑구가 서 있는 AI 조작 사진이 모두를 혼란에 빠뜨렸다. 이 사진을 근거로 수색본부가 이동했고 해당 지역주민들에게 안전 유의 문자까지 발송됐다고 하니 AI 사진 한 장에 온 국민이 농락당한 셈이다. 최근에는 훈계하는 어른에게 대드는 흡연 학생을 고발한 영상 또한 대중의 분노를 자극하기 위해 AI로 일부 조작됐다는 의혹이 제기돼 충격을 안겼다. 가로세로연구소 김세의 대표는 배우 고(故) 김새론씨의 음성을 AI 기술로 조작한 허위 녹취록을 방송에 내보낸 의혹을 받다 구속되기도 했다. AI 조작은 이제 ‘낚시성 유머’를 넘어 국가 행정력과 재난대응 체계를 혼란에 빠뜨리고 사법 시스템마저 뒤흔드는 무시무시한 무기가 됐다. 우리는 어쩌다 AI가 만든 거짓말에 이렇게 쉽게 휘둘리게 됐을까. 여기에는 독특한 사회문화적·제도적 배경이 깔려 있다. 한국은 세계에서 가장 빠른 초고속 인터넷망과 스마트폰 보급률을 자랑하는 초연결사회다. 디지털 콘텐츠의 소비와 전파 속도가 그 어느 나라보다 빠르고 트렌드에 극도로 민감하다. 여기에 조회수가 곧 돈이 되는 구조 속에서 대중의 말초적 자극이나 분노를 유발하는 콘텐츠가 순식간에 확산하는 식이다. AI로 조작된 각종 콘텐츠가 온라인을 타고 빛의 속도로 범람하는데도 제도나 법은 이를 따라잡지 못한 공백도 컸다. AI 조작의 늪에서 빠져나오기 위해서는 기술적, 제도적, 그리고 내면적인 삼박자의 해결책이 동시에 맞물려야 한다. 다행히 브레이크가 전혀 없는 것은 아니다. 우리나라는 올해 1월부터 세계 최초로 생성형 AI 결과물에 워터마크 표시를 의무화하는 등 ‘인공지능(AI) 기본법’을 시행하고 있다. 플랫폼 기업들도 AI 생성물 표시 의무화와 감지 기술 도입에 나섰다. 하지만 법과 기술만으로는 AI로 조작된 거짓말을 모두 통제하긴 어렵다. 법이나 기술보다 올바른 콘텐츠를 생산하고 소비하려는 ‘디지털 시민의식’이 우선돼야 한다. 기술을 쥐고 콘텐츠를 만들어내는 이들은 무거운 책임감을 가져야 한다. 기술이 정교해질수록 생산자가 짊어져야 할 윤리의 무게 또한 무거워진다는 사실을 잊지 않았으면 좋겠다. 소비자 역시 자극적인 영상 앞에 “이게 진짜일까”라는 질문을 먼저 던지는 노력을 기울여야 한다. 머지않은 미래엔 AI가 사람보다 더 자연스러운 거짓말을 하게 될지도 모른다. 그때 우리 사회를 지켜줄 마지막 안전장치는 사람의 양심과 판단력이다. 기술이 아무리 발전해도 결국 진실을 지키는 일만큼은 사람의 몫으로 남길 기대한다. 김상기 디지털뉴스부 선임기자 kitting@kmib.co.kr GoodNews paper ⓒ 국민일보(www.kmib.co.kr), 무단전재, 수집, 재배포 및 AI학습 이용 금지 391",mock
AI 가짜뉴스 / 딥페이크 규제,AI 콘텐츠 창작 활성화 및 투명성 확보,AI 콘텐츠;생성형 AI;투명성;기술윤리;창작 활성화,https://www.newspim.com/news/view/20260601000215,경기도 '2026 대한민국 AI 콘텐츠 어워즈' 개최,newspim.com,기술윤리,중립적,경기도,"이 기사는 경기도가 주최하는 AI 콘텐츠 어워즈를 소개하며, AI 생성 사실 표기 의무화를 통해 AI 콘텐츠 창작 활성화와 투명성 확보를 강조하고 있다.","AI 핵심 요약 beta- 경기도는 1일 2026 대한민국 AI 콘텐츠 어워즈 개최를 발표하고 7월 12일까지 출품작을 모집했다 - 10월 15일부터 16일까지 롯데시네마 수원에서 열리며 중편·단편 경쟁과 백남준 특별상 등 3개 부문으로 총상금 7000만 원을 시상한다 - 모든 출품작은 AI 생성 사실 표기를 의무화했으며 경기도는 이번 대회가 실험적 AI 영상 창작을 조명하는 계기가 되길 기대했다 !AI가 자동 생성한 요약으로 정확하지 않을 수 있어요. [수원=뉴스핌] 박승봉 기자 = 경기도는 생성형 인공지능(AI)을 활용한 영상 콘텐츠 창작 활성화를 위해 '2026 대한민국 AI 콘텐츠 어워즈'를 개최하기로 하고 7월 12일까지 출품작을 모집한다고 1일 밝혔다. 도에 따르면 오는 10월 15일부터 16일까지 롯데시네마 수원(수원역)에서 열릴 예정인 이번 대회는 생성형 AI 기술을 활용한 영화·영상 콘텐츠를 대상으로 ▲중편 경쟁▲단편 경쟁▲백남준 특별상 등 총 3개 부문으로 운영된다. 중편 경쟁 부문은 30분 이상 60분 미만의 작품, 단편 경쟁 부문은 30분 미만의 작품을 대상으로 하며 장르에 대한 제한은 없다. 백남준 특별상 부문은 분량에 제한 없이 백남준 작가의 예술 세계를 AI 기반 창작 방식으로 재해석한 작품을 공모한다. 심사를 통해 중편 경쟁 및 단편 경쟁 부문에서는 총 18편의 본선 진출작과 9편의 수상작을 선정하며 백남준 특별상 부문에서는 2편의 수상작을 선정한다. 총상금 규모는 7000만 원이다. 경쟁 부문 본선 진출작은 오는 10월 중 2주간 진행되는 영화관 상영과 시상식을 통해 공개될 예정이다. 이번 대회는 '인공지능 기본법'에 따른 AI 투명성 표시 기준을 적용해 모든 출품작에 AI 생성 사실 표기를 의무화했다. 영상 내 로고·워터마크 삽입, 시작·종료 자막 표기, 메타데이터 기반 비가시적 워터마크 등 지정된 방식 중 하나 이상을 적용해야 한다. 대한민국 AI 콘텐츠 어워즈는 지난 2024년 대한민국 AI 국제영화제란 이름으로 시작됐으며 2025년부터 명칭을 변경해 개최하고 있다. AI 필름 스튜디오 리더격으로 불리는 마테오 AI 스튜디오의 '마테오'가 2024년 첫 회 대상을 차지했으며 2025년 대상작 '존재하지 않는 영화(The Cinema That Never Was)'는 대한민국 AI 콘텐츠 어워즈 대상 이후 18개의 영화제에서 추가로 수상하며 전 세계 영화계의 큰 이목을 집중시켰다. 강지숙 경기도 콘텐츠산업과장은 ""AI 기술이 창작 환경을 빠르게 변화시키는 가운데 이번 어워즈가 창작자들의 실험적 시도와 새로운 영상 문법을 조명하는 계기가 되길 기대한다""며 ""국내외 AI 콘텐츠 창작자들의 많은 관심과 참여를 바란다""고 말했다. 1141world@newspim.com",ok
AI 가짜뉴스 / 딥페이크 규제,AI 가짜뉴스 / 딥페이크 규제 관련 세부 쟁점,AI 가짜뉴스 / 딥페이크 규제;impacton.net;정책,http://www.impacton.net/news/articleView.html?idxno=19112,"영국 반독점당국, 구글에 'AI 콘텐츠 차단권' 설치 명령 | 임팩트온",impacton.net,갈등_구도,중립적,정부,"'영국 반독점당국, 구글에 'AI 콘텐츠 차단권' 설치 명령 | 임팩트온' 기사에서 impacton.net가 어떤 주체와 강조점을 전면에 두는지 기준으로 생성한 mock 태깅 결과입니다.","영국 반독점 규제당국이 구글의 인공지능(AI) 검색 서비스에 대해 세계 최초로 전격적인 제동을 걸고 나섰다. 3일(현지시각) 블룸버그에 따르면, 영국 경쟁시장청(CMA)은 구글에 AI로 생성되는 검색 요약의 작동 방식을 변경하라는 명령을 내렸다. 경쟁시장청은 이번 조치를 ""세계 최초""라고 자평하며, 언론사 등 콘텐츠 발행자(퍼블리셔)에게 자신의 저작물이 구글 AI 기능을 구동하는데 무단으로 사용되는 것을 원천 차단할 수 있는 권리를 제공할 것이라고 밝혔다. 아울러 이를 통해 뉴스 기관들이 향후 구글과 콘텐츠 사용료 계약을 협상할 때 한층 더 유리한 위치에 서게 될 것이라고 덧붙였다. 보복 금지 명시… 9개월 내 시스템 개편 완료해야 이번 명령에 따라 구글이 9개월 내 이행해야 할 사항은 네 가지다. 우선, AI 기능 옵트아웃 권한을 부여해야 한다. 퍼블리셔는 자신의 콘텐츠가 구글 검색의 AI 기능(AI Overviews, AI Mode 등) 작동에 사용되는 것을 차단할 수 있어야 한다. 옵트아웃을 선택해도 일반 검색 결과에서 사이트 순위에 불이익이 없어야 한다. 둘째, AI 모델 학습용 사용 통제권 기능이다. 퍼블리셔는 자기 콘텐츠가 구글 AI 모델의 '파인튜닝'에 사용되는 것도 별도로 차단할 수 있다. 단순 AI 검색 기능 사용과 모델 학습 두 차원에서 모두 통제권을 갖는다. 셋째, 보복 금지다. 구글은 이러한 통제 기능을 사용하는 퍼블리셔에 대해 검색 노출 순위를 떨어뜨리는 등 불이익을 주거나 보복하는 행위는 엄격히 금지된다. 넷째, 출처 명확 표시다. 구글은 자사의 생성형 AI가 검색 콘텐츠를 구체적으로 어떻게 활용하고 있는지 명확히 공개해야 하며, 콘텐츠 출처를 이용자가 쉽게 알 수 있도록 표시해야 한다. 콘텐츠 제공자에게는 생성형 AI 기능 내에서 사용자들의 콘텐츠 참여도를 측정할 수 있는 통계 지표도 의무적으로 제공해야 한다. 구글의 검색 생태계 총괄 책임자인 므리날리니 로우(Mrinalini Loew)는 블로그 게시물을 통해 ""AI 기반 검색 기능에서 링크와 콘텐츠가 표시되는 방식을 관리할 수 있는 새로운 도구를 6월 3일부터 영국 일부 미디어 사이트를 대상으로 즉시 테스트하기 시작할 것이며, 향후 이를 전 세계적으로 확대 적용할 계획""이라고 밝혔다. 강제력의 근거 — '전략적 시장 지위(SMS)' 지정 이 명령이 가능한 이유는 영국이 작년부터 시행한 디지털시장경쟁법(Digital Markets Competition Regime)이다. 영국 경쟁시장청은 지난해 1월 조사 착수 후 같은해 10월 구글의 일반 검색 서비스를 '전략적 시장 지위(SMS)' 사업자로 지정했다. 이는 반경쟁 행위가 있었다는 의미가 아니라, 시장 내 충분히 강력한 위치를 가진 기업에 대해 반독점당국이 특정 행위 요건(conduct requirements)을 부과할 수 있는 법적 권한을 의미한다. 구글은 영국 검색 쿼리의 90% 이상을 차지하고 있고, 영국 기업들은 지난해 구글 검색 광고에 광고주당 평균 3만3000파운드(약 5800만원) 이상을 지출했다. 경쟁시장청의 이번 명령은 영국 디지털시장경쟁법 시행 이후 SMS 지정을 통한 첫 본격 행위 명령이다. 경쟁시장청 최고경영자 사라 카델(Sarah Cardell)은 ""AI 개요(AI Overviews)와 같은 기능이 온라인 검색을 빠르게 재편하는 가운데, 뉴스 기관을 포함한 콘텐츠 발행자가 자기 콘텐츠 사용 방식에 대한 적절한 협상력을 갖는 것이 매우 중요하다""고 밝혔다. 제로 클릭 시나리오에 대한 대응 이번 명령으로 언론사와 AI기업들의 향후 소송전 또한 관심을 받고 있다. 미국 뉴욕타임스(NYT)는 2023년 오픈AI를 상대로 저작권 침해 소송을 제기했고, 뉴욕 연방법원은 2025년 오픈AI의 소 각하 신청을 받아들이지 않았다. 미국 미디어 기업들은 '책임 있는 AI를 지지한다(Support Responsible AI)' 캠페인을 시작했다. 이번 명령의 배경에는 글로벌 미디어 산업이 체감하는 '제로 클릭' 위기가 있다. 유명잡지 보그·뉴요커·와이어드를 보유한 기업 콘데 나스트(Condé Nast)의 CEO 로저 린치(Roger Lynch)는 올해 초 TBPN 인터뷰에서 ""매년 검색 트래픽이 내부 예측보다 더 크게 감소했고, 그래서 작년에는 (각 브랜드에) '검색은 없다고 가정하라'고 지시했다""고 밝혔다. 뉴스 사이트들도 같은 충격을 겪고 있다. 사용자들이 AI 개요만 보고 원본 사이트를 클릭하지 않으면서 클릭률이 급격히 감소했고, 광고 수익이 줄어들 수 있다는 위기감이 높아진 상태다. 다만 구글은 자체 데이터를 인용해 AI 개요가 오히려 클릭률을 높이고 다양한 사이트로 트래픽을 분산시키고 있다고 반박해 왔다. 구글 색인 페이지 수가 2년 사이 45% 증가했다는 통계도 함께 제시해오고 있다. 한편, 영국 경쟁시장청은 향후 몇 주 안에 구글의 검색 사업과 관련한 추가 조치를 발표할 예정이다. 구글이 AI 검색 기능을 확대할수록, 퍼블리셔 통제권과 출처 표시, 검색 순위 공정성, 데이터 사용 방식이 추가 규제 대상이 될 가능성이 크다.",mock
AI 가짜뉴스 / 딥페이크 규제,카카오의 AI 생성물 투명성 확보를 위한 워터마크 기술 도입,AI;워터마크;투명성;플랫폼;기술협력,http://www.edaily.co.kr/news/newspath.asp?newsid=02696166645450888,"카카오, 구글 '신스ID' 워터마크 도입…AI 생성물 추적 강화",edaily.co.kr,플랫폼_책임,긍정적,카카오,"이 기사는 카카오가 AI 생성 콘텐츠의 투명성과 신뢰성 확보를 위해 구글의 워터마크 기술을 선제적으로 도입하는 내용을 다루며, 플랫폼의 책임 있는 노력을 강조한다.","카카오는 구글 딥마인드와 AI 생성 콘텐츠의 투명성 확보를 위한 기술 파트너십을 체결했다고 20일 밝혔다. 이번 협력에 따라 카카오는 자체 개발 AI 모델 ‘카나나’에 구글 딥마인드의 디지털 워터마킹 솔루션 ‘신스ID’를 적용한다. AI가 만든 이미지와 영상에 워터마크를 삽입해 생성 여부를 추적할 수 있는 기반을 마련한다는 계획이다. 카카오는 전 세계적으로 신스ID 워터마킹을 초기 도입한 기업 중 하나이며, 아시아 기업 중에서는 처음으로 AI 생성 콘텐츠에 이 기술을 적용한다고 설명했다. 신스ID는 구글 딥마인드가 개발한 디지털 워터마킹 및 탐지 기술이다. 이미지, 텍스트, 오디오, 영상 등에 이용자가 눈이나 귀로 인식하기 어려운 디지털 워터마크를 삽입해 콘텐츠의 AI 생성 여부를 검증할 수 있도록 한다. 카카오는 올해 하반기부터 이미지 생성 모델 ‘카나나 콜라주’와 영상 생성 모델 ‘카나나 키네마’에 신스ID 워터마크를 적용할 예정이다. 현재 카나나 템플릿으로 생성된 영상에는 카나나 로고가 표시된다. 여기에 신스ID를 추가 적용하면 영상이 편집되거나 재가공되더라도 AI 생성 여부를 식별할 수 있게 된다. 카카오는 올해 AI 기본법 시행과 함께 AI 생성물 표시제가 본격 도입되는 상황에서 법적 의무를 넘어 비가시적 워터마킹 기술을 선제적으로 적용한다는 방침이다. 김경훈 카카오 AI 세이프티 리더는 “AI 기술이 일상 속으로 빠르게 확산되면서 AI 생성 콘텐츠의 투명성과 신뢰성 확보 중요성도 커지고 있다”며 “신스ID 적용을 시작으로 구글과 책임감 있는 AI 영역에서 기술 협력을 지속하겠다”고 말했다. 푸시미트 콜리 구글 딥마인드 과학·전략 이니셔티브 부문 부사장은 “AI 생성 콘텐츠를 식별하기 위해서는 효과적인 협력이 필수적”이라며 “신스ID 기술을 더 많은 플랫폼에 확대 적용해 투명한 디지털 생태계 구축에 기여하겠다”고 말했다.",ok
전세사기 특별법 / 피해자 구제,전세사기 특별법 / 피해자 구제 관련 세부 쟁점,전세사기 특별법 / 피해자 구제;segye.com;정책,https://www.segye.com/newsView/20260528504507?OutUrl=naver,"전남도, 전세사기 막는다…예비 임차인 대상 ‘안전계약 컨설팅’ 운영",segye.com,갈등_구도,중립적,정부,"'전남도, 전세사기 막는다…예비 임차인 대상 ‘안전계약 컨설팅’ 운영' 기사에서 segye.com가 어떤 주체와 강조점을 전면에 두는지 기준으로 생성한 mock 태깅 결과입니다.","전남도 전세사기피해자지원센터가 전·월세 계약을 앞둔 예비 임차인들의 안전한 계약을 돕고 전세사기 피해를 사전 예방하기 위해 28일부터 ‘안전계약 컨설팅’ 운영에 나선다. 이번 사업은 ‘전세사기피해자 지원 및 주거안정에 관한 특별법’ 개정으로 전세피해자지원센터의 기능이 대폭 확대됨에 따라 추진됐다. 기존의 사후 피해자 지원 중심에서 계약 전 사전 예방 단계까지 역할을 확대한 것으로, 전남도와 국토교통부, 주택도시보증공사(HUG), 한국공인중개사협회가 공동으로 참여한다. 컨설팅 대상은 전·월세 계약을 앞둔 예비 임차인이다. 센터는 계약 전 임대차 목적물의 권리관계를 꼼꼼히 분석해 위험 요소를 확인해 주며, 계약서 검토와 계약 시 필수 유의사항 안내 등을 무료로 제공할 방침이다. 상담은 사전에 유선으로 예약한 뒤 센터를 직접 방문하는 방식으로 진행된다. 운영 시간은 매주 수요일부터 금요일까지, 오전 10시부터 오후 5시까지다. 전세피해 지원 및 안전계약 컨설팅과 관련한 자세한 사항은 전남도 전세피해자지원센터(061-286-7972~3)로 문의하면 안내받을 수 있다. Copyright ⓒ 세계일보. 무단 전재 및 재배포 금지",failed
전세사기 특별법 / 피해자 구제,전세사기 특별법 / 피해자 구제 관련 세부 쟁점,전세사기 특별법 / 피해자 구제;seoul.co.kr;정책,https://www.seoul.co.kr/news/publicnews/2026/05/28/20260528500065?wlog_tag3=naver,"전남도, 전세사기 예방 ‘안전 계약 컨설팅’ 운영",seoul.co.kr,갈등_구도,중립적,정부,"'전남도, 전세사기 예방 ‘안전 계약 컨설팅’ 운영' 기사에서 seoul.co.kr가 어떤 주체와 강조점을 전면에 두는지 기준으로 생성한 mock 태깅 결과입니다.","예비 임차인 대상 권리관계 분석·계약서 검토 등 무료 상담 전라남도 전세사기피해자지원센터가 예비 임차인의 전세사기 피해를 예방하기 위해 28일부터 안전 계약 컨설팅을 운영한다. 전남도와 국토교통부, 주택도시보증공사(HUG), 한국공인중개사협회가 참여하는 이 사업은 ‘전세사기피해자 지원 및 주거안정에 관한 특별법’ 개정으로 전세피해자지원센터가 임대차계약 전 상담을 수행할 수 있게 됨에 따라, 기존 사후 피해자 지원에서 계약 전 사전 예방까지 기능을 확대한 것이다. 센터는 전·월세 계약을 앞둔 예비 임차인이 계약 전에 위험 요소를 확인하도록 돕고, 임대차 목적물의 권리관계 분석, 계약서 검토, 계약 시 유의 사항 안내 등을 무료로 제공한다. 상담은 유선 예약 후 센터를 방문하는 방식으로 진행되며, 운영 시간은 매주 수요일부터 금요일 오전 10시부터 오후 5시까지다. 전세피해 지원 및 안전계약 컨설팅에 대한 자세한 사항은 전남도 전세피해자지원센터(061-286-7972~3)로 문의하면 된다. 무안 류지홍 기자 Copyright ⓒ 서울신문 All rights reserved. 무단 전재-재배포, AI 학습 및 활용 금지",failed
전세사기 특별법 / 피해자 구제,전세사기 특별법 / 피해자 구제 관련 세부 쟁점,전세사기 특별법 / 피해자 구제;biz.heraldcorp.com;정책,https://biz.heraldcorp.com/article/10758102?ref=naver,"전남도,전세사기‘안전계약 컨설팅’운영",biz.heraldcorp.com,갈등_구도,중립적,정부,"'전남도,전세사기‘안전계약 컨설팅’운영' 기사에서 biz.heraldcorp.com가 어떤 주체와 강조점을 전면에 두는지 기준으로 생성한 mock 태깅 결과입니다.","예비 임차인 대상 권리관계 분석·계약서 검토 등 무료 상담 [헤럴드경제(무안)=김경민기자]전남도는 예비 임차인의 안전한 임대차계약을 돕고 전세사기 피해를 예방하기 위해 안전계약 컨설팅을 운영한다고 밝혔다. 28일 전남도에 따르면 이 사업은 ‘전세사기피해자 지원 및 주거안정에 관한 특별법’ 개정으로 전세피해자지원센터가 임대차계약 전 상담을 수행할 수 있게 됨에 따라, 기존 사후 피해자 지원에서 계약 전 사전 예방까지 기능을 확대한 것으로 전남도와 국토교통부, 주택도시보증공사(HUG), 한국공인중개사협회가 참여한다. 전·월세 계약을 앞둔 예비 임차인이 계약 전에 위험요소를 확인하도록 돕고, 임대차 목적물의 권리관계 분석, 계약서 검토, 계약 시 유의사항 안내 등을 무료로 제공한다. 상담은 유선 예약 후 센터를 방문하는 방식으로 진행되며, 운영 시간은 매주 수요일부터 금요일까지 오전 10시부터 오후 5시까지다. 전세피해 지원 및 안전계약 컨설팅에 대한 자세한 사항은 전남도 전세피해자지원센터로 문의하면 된다. kkm9971@heraldcorp.com",failed
전세사기 특별법 / 피해자 구제,전세사기 특별법 / 피해자 구제 관련 세부 쟁점,전세사기 특별법 / 피해자 구제;donga.com;정책,https://www.donga.com/news/Society/article/all/20260528/134008173/1,"전남도, 전세사기 예방 안전계약 컨설팅 운영",donga.com,갈등_구도,중립적,정부,"'전남도, 전세사기 예방 안전계약 컨설팅 운영' 기사에서 donga.com가 어떤 주체와 강조점을 전면에 두는지 기준으로 생성한 mock 태깅 결과입니다.","- 동아일보 - 입력 2026년 5월 28일 11시 53분 공유하기 글자크기 설정 이 사업은 전세 사기 피해자 지원 및 주거 안정에 관한 특별법 개정으로 전세피해자지원센터가 임대차계약 전 상담을 수행할 수 있게 됨에 따라 기존 사후 피해자 지원에서 계약 전 사전 예방까지 기능을 확대한 것이다. 사업에는 전남도와 국토교통부, 주택도시보증공사(HUG), 한국공인중개사협회가 참여한다. 전월세 계약을 앞둔 예비 임차인이 계약 전에 위험 요소를 확인하도록 돕고, 임대차 목적물의 권리관계 분석, 계약서 검토, 계약 시 유의 사항 안내 등을 무료로 제공한다. 상담은 유선 예약 후 센터를 방문하는 방식으로 진행되며, 운영 시간은 매주 수~금요일 오전 10시부터 오후 5시까지다. 전세 피해 지원 및 안전 계약 컨설팅에 대한 자세한 사항은 전남도 전세피해자지원센터로 문의하면 된다. © dongA.com All rights reserved. 무단 전재, 재배포 및 AI학습 이용 금지 - 1 노태악 선관위원장 사의…“투표용지부족 사태 책임 통감” - 2 잠실 투표함 열자 국힘 7→8석…서울시 비례 뒤집혔다 - 3 삼성전자, 구매금액 20% 온누리상품권 지급…‘5조 사회환원’ 첫 조치 - 4 “비굴함이 가슴에 맺혀”…눈물 보인 송언석, 원내대표 사퇴 - 5 주병기 “내란도 상관없는 맹신”…국힘 득표율 높은 강남3구 비판 논란 - 6 오세훈, 정원오에 1.15%P-6만259표 차 승리…지선 개표 완료 - 7 “부동산에 민감한 서울 30대女 등돌려”…與내부 자성론 솔솔 - 8 투표용지 충분히 갖고도… 송파선관위, 배분 안했다 - 9 “나나 칼에 5㎝ 베였다”…선고 앞둔 강도범, 소견서 제출 예고 - 10 손흥민 “자녀 축구? 말릴 것”…은퇴 후 꿈은 ‘좋은 아빠’ - 1 투표용지 충분히 갖고도… 송파선관위, 배분 안했다 - 2 “TK 빼고 장동혁 안 간 곳만 승리” 책임론에, 張 “희망 불씨” 일축 - 3 “비굴함이 가슴에 맺혀”…눈물 보인 송언석, 원내대표 사퇴 - 4 한동훈 복당 의지…“천년만년 무소속이면 이렇게 모이셨겠나” - 5 노태악 선관위원장 사의…“투표용지부족 사태 책임 통감” - 6 경찰 ‘투표용지 사태’ 노태악 선관위원장 수사 착수 - 7 한동훈, 장동혁 지도부 때리며 “반드시 돌아간다” - 8 주병기 공정위장 “내란도 상관없는 맹신” 국힘 지지층 비판 논란 - 9 “TK 빼면 장동혁 안 간 곳만 승리” 눈총에도…張, 사퇴론 일축 - 10 집권 2년차 맞은 李… 차기 총리 정성호-강훈식 물망 - 1 노태악 선관위원장 사의…“투표용지부족 사태 책임 통감” - 2 잠실 투표함 열자 국힘 7→8석…서울시 비례 뒤집혔다 - 3 삼성전자, 구매금액 20% 온누리상품권 지급…‘5조 사회환원’ 첫 조치 - 4 “비굴함이 가슴에 맺혀”…눈물 보인 송언석, 원내대표 사퇴 - 5 주병기 “내란도 상관없는 맹신”…국힘 득표율 높은 강남3구 비판 논란 - 6 오세훈, 정원오에 1.15%P-6만259표 차 승리…지선 개표 완료 - 7 “부동산에 민감한 서울 30대女 등돌려”…與내부 자성론 솔솔 - 8 투표용지 충분히 갖고도… 송파선관위, 배분 안했다 - 9 “나나 칼에 5㎝ 베였다”…선고 앞둔 강도범, 소견서 제출 예고 - 10 손흥민 “자녀 축구? 말릴 것”…은퇴 후 꿈은 ‘좋은 아빠’ - 1 투표용지 충분히 갖고도… 송파선관위, 배분 안했다 - 2 “TK 빼고 장동혁 안 간 곳만 승리” 책임론에, 張 “희망 불씨” 일축 - 3 “비굴함이 가슴에 맺혀”…눈물 보인 송언석, 원내대표 사퇴 - 4 한동훈 복당 의지…“천년만년 무소속이면 이렇게 모이셨겠나” - 5 노태악 선관위원장 사의…“투표용지부족 사태 책임 통감” - 6 경찰 ‘투표용지 사태’ 노태악 선관위원장 수사 착수 - 7 한동훈, 장동혁 지도부 때리며 “반드시 돌아간다” - 8 주병기 공정위장 “내란도 상관없는 맹신” 국힘 지지층 비판 논란 - 9 “TK 빼면 장동혁 안 간 곳만 승리” 눈총에도…張, 사퇴론 일축 - 10 집권 2년차 맞은 李… 차기 총리 정성호-강훈식 물망 - - 좋아요 - 0개 - - 슬퍼요 - 0개 - - 화나요 - 0개",failed
전세사기 특별법 / 피해자 구제,전세사기 특별법 / 피해자 구제 관련 세부 쟁점,전세사기 특별법 / 피해자 구제;sedaily.com;정책,https://www.sedaily.com/article/20049048?ref=naver,"“전세사기 예방…무료 상담” 전남도, 안전계약 컨설팅 운영",sedaily.com,갈등_구도,중립적,정부,"'“전세사기 예방…무료 상담” 전남도, 안전계약 컨설팅 운영' 기사에서 sedaily.com가 어떤 주체와 강조점을 전면에 두는지 기준으로 생성한 mock 태깅 결과입니다.","“전세사기 예방…무료 상담” 전남도, 안전계약 컨설팅 운영 권리관계 분석·계약서 검토 등 안내 입력2026-05-28 08:55 전남도가 전세사기 피해 예방을 위해 안전계약 컨설팅을 28일부터 운영한다. 전남도 전세사기피해자지원센터의 한 관계자는 “‘전세사기피해자 지원 및 주거안정에 관한 특별법’ 개정으로 전세피해자지원센터가 임대차계약 전 상담을 수행할 수 있게 됨에 따라, 기존 사후 피해자 지원에서 계약 전 사전 예방까지 기능을 확대하면서 본격 추진하게 됐다”고 설명했다. 전남도는 국토교통부, 주택도시보증공사(HUG), 한국공인중개사협회와 함께 이 사업에 참여한다. 전·월세 계약을 앞둔 예비 임차인이 계약 전에 위험요소를 확인하도록 돕고, 임대차 목적물의 권리관계 분석, 계약서 검토, 계약 시 유의사항 안내 등을 무료로 제공한다. 상담은 유선 예약 후 센터를 방문하는 방식으로 진행되며, 운영 시간은 매주 수요일부터 금요일까지 오전 10시부터 오후 5시까지다. 이 기사를 추천합니다. ⓒ 서울경제신문, 무단 전재-재배포, AI 학습 및 활용 금지",failed
전세사기 특별법 / 피해자 구제,전세사기 특별법 / 피해자 구제 관련 세부 쟁점,전세사기 특별법 / 피해자 구제;nocutnews.co.kr;정책,https://www.nocutnews.co.kr/news/6525515?utm_source=naver&utm_medium=article&utm_campaign=20260601101011,"오세훈 ""청년안심주택 전세사기, 다 해결""…일부 피해자들 반발",nocutnews.co.kr,갈등_구도,중립적,정부,"'오세훈 ""청년안심주택 전세사기, 다 해결""…일부 피해자들 반발' 기사에서 nocutnews.co.kr가 어떤 주체와 강조점을 전면에 두는지 기준으로 생성한 mock 태깅 결과입니다.","김정철 후보(개혁신당) : ""청년안심주택 피해자들을 직접 만나보니 결국 '근심주택'이더군요… 전세사기 피해 주택 안전관리 지원 예산은 1억원에 불과합니다. 그 이유가 뭡니까?"" 오세훈 후보(국민의힘): ""전세사기 피해자를 예산으로 구제할 수는 없는 것이죠… 청년안심주택은 이미 제도적으로 보완했고, 4만 5천 가구 정도 가운데 보증금 사고는 전체의 1%도 되지 않습니다… 이미 다 해결했습니다."" 청년안심주택은 역세권에 공급되는 청년 대상 임대주택으로, 청년이 보증금을 돌려받지 못하는 사고가 발생하면 서울시는 퇴거지원금이라는 명목으로 피해자가 납부했던 보증금을 선지급하는 피해 보상을 진행한다. 하지만 일부 주거지에서는 시공사의 강제 경매가 진행돼 입주자들이 보증금을 떼일 위기에 처했다. 서울시가 잠실센트럴파크 사업장 피해자 측에 공식 발송한 문서에 따르면, 지난달 8일 기준 피해 대상 134명 가운데 보증금을 돌려받은 사람은 54명에 그쳤다. 나머지 23명은 이사 신청을 했으나 아직 보증금을 돌려받지 못했고, 57명은 아예 이사 신청 조차 하지 못한 것으로 파악됐다. 이들 57명 가운데 한명인 김모(38)씨는 이사 신청을 하지 못한 이유에 대해 ""보증금 반환 절차를 위해서는 기존의 중기청 대출을 상환해야 하는데, 이미 만 38세를 넘겨 이제는 동일 대출을 다시 받을 수 없기 때문""이라고 CBS노컷뉴스에 토로했다. 입주 당시 중기청 청년 대출을 받아 보증금을 마련했던 피해자들은 보증금을 돌려받는 순간 그 대출부터 갚아야 한다. 갚고 나면 손에 남는 돈이 없어 새 집 보증금을 마련할 수 없다. 이 같은 사정을 서울시 담당 부서에서도 파악중이다. 이 부서는 피해자들을 위한 카카오톡 오픈채팅방을 운영중인데, 이 채팅방에는 ""민간임대주택 특성상 빌트인 가구가 없는 곳이라 8년 거주를 전제로 냉장고 등 가전·가구를 직접 구매했는데, 조기 퇴거로 이 비용도 보상받지 못한다""는 피해도 올라왔다. 이에 대해 오 후보 측은 ""전세사기피해자 인정이 부결되었는데 그 사유는 경매가 미개시하였거나 임대인의 기망행위가 존재하기 때문""이라고 해명했다. 이어 ""이에 임대인의 기망행위를 입증하는 자료를 보강하여 다시 신청해 임차인들이 피해자로 선정될 수 있도록 행정적, 법률적 지원을 지속할 예정""이라고 밝혔다.",failed
전세사기 특별법 / 피해자 구제,전세사기 특별법 / 피해자 구제 관련 세부 쟁점,전세사기 특별법 / 피해자 구제;busan.com;정책,https://www.busan.com/view/busan/view.php?code=2026051918195384415,전세사기 피해자 구제 ‘힘’ 실린다,busan.com,갈등_구도,중립적,정부,'전세사기 피해자 구제 ‘힘’ 실린다' 기사에서 busan.com가 어떤 주체와 강조점을 전면에 두는지 기준으로 생성한 mock 태깅 결과입니다.,"전세사기 피해자 구제 ‘힘’ 실린다 - 가 박수빈 기자 bysue@busan.com 대책위, 맞춤형 법률 지원 협약 부산 전세사기 피해자 대책위원회(이하 대책위) 등은 19일 오전 부산 참여연대 강당에서 ‘부산 지역 전세사기 피해 구제 관련 법률 상담에 관한 업무협약식’을 열었다. 이날 협약은 △법무법인 슬기 오권석 대표 변호사 △법무법인 민심 이동균 담당 변호사 △흰여울법률사무소 김승유 변호사 등이 대책위와 체결했다. 이들 변호사가 전세사기 피해 구제와 지원을 위한 무료 법률 상담을 지원하는 내용이 핵심이다. 개별 피해자에게 맞춤형 법률 상담을 진행함으로써 다양한 피해 유형에 보다 효과적으로 대응할 수 있을 것으로 기대된다. 대책위는 부산 전세사기 피해 구제와 실효성 있는 대책 마련 촉구를 위해 2023년 6월 결성해 활동을 이어왔다. 그러나 부산 내 전세사기 피해자로 결정된 이들은 4000명에 육박한다. 전세사기 수법도 날로 교묘해지면서, 이 같은 문제를 피해자 개인이 감당하기에는 역부족인 실정이다. 이에 대책위는 피해자들이 법적 소송에 대한 자문을 효과적으로 받을 수 있도록 지원하고자 이번 협약을 추진했다. 대책위 관계자는 “피해자가 대책위에 법률 소송 등을 문의하면 대책위가 전세사기 소송을 맡은 경험이 있는 변호사를 연계해 주는 방식”이라며 “앞으로도 부산 전세사기 피해 구제를 위해 노력하겠다”고 밝혔다. 박수빈 기자 bysue@busan.com ⓒ 부산일보(www.busan.com), 무단전재 및 수집, 재배포금지",failed
전세사기 특별법 / 피해자 구제,전세사기 특별법 / 피해자 구제 관련 세부 쟁점,전세사기 특별법 / 피해자 구제;news.tf.co.kr;정책,https://news.tf.co.kr/read/life/2327148.htm,"정원오 ""공공임대 13만호·전세사기 피해 지원…SH 정상화"" - 사회 | 기사 - 더팩트",news.tf.co.kr,갈등_구도,중립적,정부,"'정원오 ""공공임대 13만호·전세사기 피해 지원…SH 정상화"" - 사회 | 기사 - 더팩트' 기사에서 news.tf.co.kr가 어떤 주체와 강조점을 전면에 두는지 기준으로 생성한 mock 태깅 결과입니다.","정원오 ""공공임대 13만호·전세사기 피해 지원…SH 정상화"" '서울형 최저 주거 성능 안전 가이드라인' 마련 정원오 더불어민주당 서울시장 후보가 28일 오전 서울 중구 선거사무실에서 기자간담회를 열고 발언하고 있다. /서예원 기자 [더팩트 | 김명주 기자] 정원오 더불어민주당 서울시장 후보가 청년과 사회초년생, 신혼부부 등을 위해 공공임대주택 13만호 확충, 전세사기 피해 지원 등을 뼈대로 하는 주거 공약을 28일 발표했다. 정 후보는 이날 이같은 내용을 담은 '모두의 집다운 집' 공약을 공개했다. 공공임대주택 13만호 공급과 전세사기 피해 구제를 비롯해 리모델링 지원, 서울주택도시개발공사(SH) 정상화 등의 내용이 담겼다. 정 후보는 청년과 신혼부부 등 무주택 서민들에게 공급되는 공공임대주택을 대폭 확충하겠다고 밝혔다. 2031년까지 영구임대단지 6곳 재건축, 신축매입임대 5만호, 공공임대 및 기숙사 5만호, 신혼부부 임대주택 3만호 등을 통해 13만호의 공공임대주택을 공급한다. 또한 한국토지주택공사(LH)와 함께 서울, 경기, 인천을 하나로 통합한 '수도권 통합 대기자 명부'를 설치해 청약 불편을 해소한다. 어르신 전용 또는 우선 입주 공공임대주택은 최소 1만호 이상 공급한다. 민간부지에 시니어주택 공급시 종상향·용적률 특혜를 준 후 일부를 매입해 저소득 어르신에게 우선 배정하는 공공지원 민간임대 등을 활용한다. 지자체와 협력해 은퇴자 마을도 조성한다. 어르신들이 의료, 요양, 가사, 돌봄, 영양 등 5대 핵심 서비스를 받을 수 있는 주택 모델도 개발해 공급한다. 주택 내 전담 지원 인력이 배치돼 어르신의 상태 변화에 따라 필요한 서비스를 원스톱으로 제공한다. 장애 여부 등에 관계없이 편히 사용할 수 있는 유니버셜 디자인도 설치된다. 정원오 더불어민주당 서울시장 후보가 24일 오후 서울 광진구 서울어린이대공원 앞에서 열린 유세에 참석해 발언하고 있다./송호영 기자 전세사기 피해자 지원 방안도 마련한다. 피해자에게는 연 200만원 내외의 주거 안정 보조금을 지급한다. 전세자금 대출 이자, 이사비, 긴급생계비 지원 등으로 구성된다. 또한 청년월세 지원 사업 시 전세사기 피해자를 우선 지원한다. SH 매입임대관리센터를 통한 공공위탁관리로 전세사기 피해와 주택 안전 관리 지원을 확대한다. 전세사기가 발생한 청년안심주택 제도를 전면 개편하고 역세권 청년주택 공급을 확대한다. 보증보험 의무가입 선결 조건 충족 시에만 입주자 모집을 승인하도록 감독하고 SH도 적극 나서도록 한다. SH가 피해 임차주택 경매에서 우선매수권 대위 행사를 할 수 있도록 한다. 특히 청년안심주택의 경우 해당 건물의 30%를 보유하고 있어 LH와 협의해 매수하는 방안을 검토한다. 정 후보는 취약 주거시설 개선을 위한 '서울형 최저 주거 성능 안전 가이드라인'을 수립할 계획이다. 단열과 채광, 독립 욕실·주방 기준 등을 마련하고 가구당 평균 300만원 안팎의 수리비를 지원할 방침이다. 리모델링 이후에는 임대료 인상을 6년간 제한해 기존 주거자의 주거 안정을 보장한다. 고시원 등 다중이용시설들에는 서울형 건축기준을 충족하는 공유주택으로 전환하도록 유도한다. 시설 보조금과 저리융자를 지원하고 용도 변경 허용 등의 인센티브를 준다. 수리해도 소용없는 경우엔 아예 주거 용도로 사용하지 않게 한다. 이와 함께 SH는 도심공공주택복합 사업 참여 및 공공재개발 사업 활성화를 위해 조직을 확대 개편하는 등 주거복지 기관으로서의 위상을 강화한다. 소규모 공동주택 대상 무료 컨설팅, 찾아가는 오피스텔 임대차 상담과 분쟁조정 등 맞춤형 지원을 통해 공동주택·오피스텔의 관리비 투명성을 강화한다. 정 후보는 ""말로만 외치는 '약자와의 동행'이나 말로만 짓는 집의 시대는 끝났다""며 ""반지하 전수조사를 최초로 해냈던 검증된 실력으로 주택공급의 활로를 담보하는 '착착개발'과 공공의 책임을 다하는 '주거복지'라는 양 날개를 통해 진짜 집다운 집을 지어 시민들의 일상을 하나씩 착착 바꾸어 나가겠다""고 말했다. - 발로 뛰는 <더팩트>는 24시간 여러분의 제보를 기다립니다. - · 카카오톡: '더팩트제보' 검색 - · 이메일: jebo@tf.co.kr - · 뉴스 홈페이지: https://talk.tf.co.kr/bbs/report/write - · 네이버 메인 더팩트 구독하고 [특종보자→] - · 그곳이 알고싶냐? [영상보기→] AD",failed
전세사기 특별법 / 피해자 구제,전세사기 특별법 / 피해자 구제 관련 세부 쟁점,전세사기 특별법 / 피해자 구제;kyongbuk.co.kr;정책,https://www.kyongbuk.co.kr/news/articleView.html?idxno=4074209,대구 전세사기 피해 854억…행정·정치권 대응책 마련 나섰다,kyongbuk.co.kr,갈등_구도,중립적,정부,'대구 전세사기 피해 854억…행정·정치권 대응책 마련 나섰다' 기사에서 kyongbuk.co.kr가 어떤 주체와 강조점을 전면에 두는지 기준으로 생성한 mock 태깅 결과입니다.,"피해 인정 890건, 70% 이상이 2030 청년층…남구·달서구 집중 대구시 ‘안전계약 컨설팅’ 도입…김부겸 후보, 피해자 대표 주거특보 임명 전세사기 피해자가 속출하고 있는 가운데 행정기관에 이어 정치권이 전세사기 피해에 적극 대응키로 했다. ‘대구전세사기피해자 모임’과 대구시 등에 따르면 2025년9월 ‘전세사기피해자 지원 및 주거안정에 관한 특별법’시행 이후 현재까지 대구의 전세사기 피해 접수는 총1772건이다. 이 중 890건이 최종 피해자로 인정됐다. 피해 금액은 약 854억 원 규모로 집계됐다. 1인당 평균 1억600만 원이다. 피해는 남구와 달서구를 중심으로 집중됐으며 전체 피해자의 70%이상이 20~30대 청년층인 것으로 나타났다. 신혼부부와 사회초년생 등 청년층 피해가 큰 비중을 차지했다. 이에 대구시는 전세사기 피해자에 대한 맞춤형 지원과 함께, 예비 임차인을 위한 ‘사전 안전계약 컨설팅’ 제공 등 전세피해 예방과 회복 지원 강화에 나섰다. ‘안전계약 컨설팅’은 임대차 계약 체결 전 단계에서 예비 임차인을 돕는 제도다. 전문 컨설턴트가 등기부등본, 건축물대장 등 전·월세 계약 관련 서류를 사전에 검토하고, 주요 피해 사례와 계약 시 유의사항 등을 종합적으로 안내한다. 상담은 5월 18일부터 시작됐으며 대구시 전세피해지원센터 예약 후 이용할 수 있다. 더불어 민주당 대구시당도 전세사기 피해 대응책 마련에 나섰다. 김부겸 대구시장 후보는 최근 대구 지역 전세 사기 피해자 60여 명과 긴급 간담회를 한 후 대구전세사기피해자모임 대표 정태운을 주거정책특보로 임명하는 등 청년 주거 문제 해결책 모색을 하고 있다. 정 태운 대표는 김 후보 캠프에서 전세사기 피해 구제를 위한 실무자 역할을 맡게 된다. 김 후보가 공약한 1대1 전담 밀착 지원팀 신설, 대구시-경찰청-LH-피해자단체가 참여하는 ‘상설 TF 구축’ 등 지자체 차원의 선제적 구제 대책을 구체화하는 데 핵심적인 자문 역할을 수행할 예정이다. 김 후보는 “정태운 특보 임명을 시작으로, 대구시의 행정력을 총동원하여 피해 청년들이 홀로 눈물 흘리지 않도록 지자체가 든든한 지원군이 되겠다”고 기대했다.",failed
전세사기 특별법 / 피해자 구제,전세사기 특별법 / 피해자 구제 관련 세부 쟁점,전세사기 특별법 / 피해자 구제;edaily.co.kr;정책,http://www.edaily.co.kr/news/newspath.asp?newsid=01613766645451216,전세사기 피해자 '사후 구제'에만 무게…예방책은 여전히 표류중,edaily.co.kr,갈등_구도,중립적,정부,'전세사기 피해자 '사후 구제'에만 무게…예방책은 여전히 표류중' 기사에서 edaily.co.kr가 어떤 주체와 강조점을 전면에 두는지 기준으로 생성한 mock 태깅 결과입니다.,"20일 국토교통부에 따르면 2023년 6월 ‘전세사기피해지원위원회’ 운영을 시작한 이후 심의한 전세사기 건수는 총 6만 3124건으로 이 가운데 피해자로 인정된 사례는 3만 8503건이다. 전세사기 특별법은 제정 당시 2년 한시법으로 정부는 2025년 7월까지 약 3만 6000건의 수준의 피해를 예상했다. 하지만 피해 건수가 계속 누적되자 2027년 5월까지로 특별법은 연장됐다. 구제를 중단할 수 없는 것은 피해자가 계속 발생하고 있어서다. 위원회의 심의건수는 3년이 지났지만 여전히 1800~2000건대 수준을 유지하고 있다. 위원회가 전세사기 피해자로 인정한 가결 건수는 2024년 월평균 1270건 안팎에서 작년 하반기 780건대로 줄었다. 심의건수가 1100건대로 줄어든 올해 1~2월에는 500건대까지 축소됐다가 심의건수가 다시 1600~2000건대로 늘어난 3월 698건, 4월에는 855건으로 증가했다. 그나마 올해 3월 관계부처 합동으로 계약 전 위험 정보 통합조회 시스템 구축과 전입신고 즉시 대항력이 발생하도록 하는 제도 개선 등 전세사기 방지 대책이 나왔지만 핵심 대책 상당수는 아직 시스템 구축이나 입법 단계에 머물러 있다. 권대중 한성대 일반대학원 경제부동산학과 석좌교수는 “피해 지원을 늘리는 것만으로는 전세사기 확산을 막기 어렵다”며 “주택 임차시장 전반에서 보증 심사를 강화하고, 임대인과 임차인을 함께 보호할 수 있도록 에스크로 제도를 도입하는 방안을 검토할 필요가 있다”고 말했다.",failed
전세사기 특별법 / 피해자 구제,전세사기 특별법 / 피해자 구제 관련 세부 쟁점,전세사기 특별법 / 피해자 구제;hankyung.com;정책,https://www.hankyung.com/article/202605296815O,"전세사기 , 이렇게 하면 막을 수 있다 [한경부동산밸류업센터]",hankyung.com,갈등_구도,중립적,정부,"'전세사기 , 이렇게 하면 막을 수 있다 [한경부동산밸류업센터]' 기사에서 hankyung.com가 어떤 주체와 강조점을 전면에 두는지 기준으로 생성한 mock 태깅 결과입니다.","전세사기 는 이제 일부 지역의 특수한 사건이 아닙니다. 수도권 빌라 밀집 지역은 물론 아파트, 오피스텔... 즉, 세입자가 정상적인 계약이라고 믿을 만한 상황이었다면 실제 집주인도 계약 책임 을 부담할 가능성이 있다는...",failed
전세사기 특별법 / 피해자 구제,전세사기 특별법 / 피해자 구제 관련 세부 쟁점,전세사기 특별법 / 피해자 구제;mk.co.kr;정책,https://www.mk.co.kr/article/12059147,"“물고기 지키는 법도 중요…기업들, 민간 법률구조에 더 관심을” - 매일경제",mk.co.kr,갈등_구도,중립적,정부,"'“물고기 지키는 법도 중요…기업들, 민간 법률구조에 더 관심을” - 매일경제' 기사에서 mk.co.kr가 어떤 주체와 강조점을 전면에 두는지 기준으로 생성한 mock 태깅 결과입니다.","취임 1주년 맞아 첫 연차보고서 발간 투명성 높여 ‘신뢰 출발점’ 마련 하반기 중대재해·재판소원 특별분과 신설 미·일 선진국형 ‘민간 중심 허브’가 목표 “물고기 잡는 법 못지않게 지키는 법도 중요합니다. 취약계층 기부금도 불법사금융, 전세사기로 뺏겨버리면 소용이 없기 때문에 금융회사나 기업들이 민간 법률구조재단에 더 많은 관심을 가져줬으면 합니다” 지난해 4월 취임 후, 취임 1주년을 갓 넘긴 이문한 법률구조재단 이사장(사법연수원 27기, 김앤장 변호사)은 매일경제신문과의 인터뷰에서 이같이 밝혔다. 지난해 조직을 정비해 올해 5월 처음으로 연차보고서를 발간한 이 이사장은 “그동안 재단의 성과가 숫자로 공개된 적이 없었다”며 “기부자와 국민에게 재단이 어떤 일을 하는지 투명하게 보여주는 것이 신뢰의 출발점”이라고 밝혔다. 그는 올해 중대재해, 재판소원 등으로 법률구조 활동범위를 확대하고, ‘민간 중심 법률구조’ 허브가 될 수 있도록 재단을 한층 발전시켜나갈 계획이다. 이 이사장은 올해 중대재해 재판소원 등으로 법률구조 활동범위를 확대하는 한편 사후 법률구조에 그치지 않고 피해를 당하기 전에 스스로를 지킬 수 있도록 ‘예방적 법률지원’에도 힘을 쏟고 있다. 올해 전국 학교·복지관·지역사회를 직접 찾아가는 법률교육 및 상담을 운영할 계획이다. 전세사기·임대차 피해, 주거·계약·금융사기 예방 등 최근 급증하는 피해 유형을 중심으로 청소년과 다문화가정, 자립준비청년 등을 대상으로 법률교육 및 법률상담을 진행한다. 이 이사장은 “법을 모르면 피해를 당하고도 피해인지 모르는 경우가 많다”며 “재단이 현장에 직접 찾아가 법을 알려주는 것 자체가 또 하나의 법률구조”라고 강조했다. 그는 “일본의 사법지원센터 ‘법 테라스’는 사무국이 있지만, 실제 소송과 상담은 각 지역 변호사회 소속 변호사 등 민간 전문가에게 위촉배정하는 ‘허브+민간 네트워크’ 구조로 이뤄진다”며 “미국, 일본 등 해외 선진국처럼 한국에서도 민간 중심의 효율적인 법률구조가 활성화돼 공익 법률시장이 커지는 시발점이 되는 것이 목표”라고 말했다. 재단은 각 지방변호사회와 연계해 전국 1500명의 변호사들이 수행 변호사로 참여하는 전국 단위 법률구조 네트워크를 구축하고 있다. 지난해 재단에서는 전세사기 피해 및 성·가정폭력 등 지원 대상도 폭넓다. 전세사기, 성·가정폭력 피해자는 물론, 언어 장벽으로 법적 도움을 받기 어려운 다문화가정과 북한이탈주민, 국내 체류 난민까지 아우른다. 또한 사회적 난제에 직면한 국민을 위해 총 1519건의 법률구조 신청을 접수해 1234건의 구조를 결정(구조율 81.20%)했다. 재단은 다변화하는 사회에 발맞춰 올해 하반기에 중대재해, 난민, 개인정보 등 전문분야 자문위원을 15명 위촉해 활동을 고도화할 계획이다. 재단은 유엔난민기구(UNHCR)와 업무협약을 맺고 국내 체류 난민에 대한 법률상담과 구조도 지원하고 있다. 국내 법률구조 기관 가운데 난민을 체계적으로 지원하는 사례는 드물어, 재단의 차별화된 활동으로 주목받고 있다. 전통적인 가사소송이나 오프라인 성폭력 피해 구제를 넘어, 최근에는 딥페이크 등 디지털 성범죄와 AI 기반의 개인정보 유출, 대형 재난과 중대재해 분과도 새롭게 정비했다. 대형 산불이나 수해 등 예기치 못한 재난이 닥치면 평범한 시민도 한순간에 사회적 취약계층으로 전락할 수 있기 때문이다. 특히 이태원 참사나 무안공항 참사처럼, 재난 발생 이후 책임 규명 등의 후속 과정에서 피해자나 유가족에게 명예훼손 등 제2차 피해가 발생할 수 있다는 특수성도 고려됐다. 하반기에는 재판소원팀도 특별분과로 구성한다. 그는 “저 자신이 헌법이 전공인 헌법 박사”라며 “큰 로펌을 쓰지 못하는 취약계층일수록 재판소원이 필요할 수 있기 떄문에, 취약계층이 제도에서 소외되지 않도록 전담팀을 구성해 밀착 지원을 아끼지 않을 것”이라고 말했다. 그는 기업들도 단순히 지원금을 지급하는 수급형 재단 외에 법적인 구조를 해주는 재단에 대한 기부에도 관심을 가져줄 것을 당부했다. 그는 “자립준비청년들에게 국가가 자립 정착금을 지원해도, 사기나 불법사금융, 전세사기를 당하면 순식간에 다 빼앗긴다”며 “고기를 주는 것(직접 지원)이나 물고기 잡는 법을 알려주는 것(취업 알선)도 좋지만, 내가 가진 물고기를 지키는 법(법적 보호)을 알려주는 것이 핵심”이라고 말했다. 그는 이어 “기업들이 사회공헌 자금의 일부를 권리구제 소송을 지원하는 재단에 지정 기부해 준다면, 상생 선순환 구조가 완성될 것”이라며 “금융당국과도 불법사금융 피해를 지원하는 법률구조 협약을 얘기중”이라고 말했다. 지난해 블록체인 기반 게임회사 ‘넥써쓰’가 자립준비청년들의 코인 사기 피해 예방 및 상담을 위해 1000만원의 용도지정 기부를 한 것이 기업후원의 대표적 사례다. 재단은 소송 경험이 필요한 5~10년 차 청년 변호사들에게 사건 배당도 늘릴 계획이다. 현재 10% 미만에 불과한 청년 변호사 배당 비율을 15% 이상으로 끌어올리면, 인공지능 영향으로 일감이 부족해졌다는 청년 변호사들이 공익 가치를 배우면서 안정적으로 법조계에 정착하는 기반이 될 수 있다고 판단해서다. 이 이사장은 “모든 변호사가 전업 공익 변호사가 될 필요는 없다”며 “대형 로펌에서 금융 전문 변호사로 일하더라도, 우리 재단 플랫폼에 등록해 일 년에 한두 건씩...",failed
전세사기 특별법 / 피해자 구제,전세사기 특별법 / 피해자 구제 관련 세부 쟁점,전세사기 특별법 / 피해자 구제;news1.kr;정책,https://www.news1.kr/politics/assembly/6172951,"국힘, 6·3 지방선거 정책공약집 발간…1호 공약 '반값 전세'",news1.kr,갈등_구도,중립적,정부,"'국힘, 6·3 지방선거 정책공약집 발간…1호 공약 '반값 전세'' 기사에서 news1.kr가 어떤 주체와 강조점을 전면에 두는지 기준으로 생성한 mock 태깅 결과입니다.","9개 비전, 32개 정책과제 제시…시도공약집도국민의힘 지방선거 정책공약집 '내 삶이 올라갈 시간' 표지(국민의힘 제공)관련 키워드2026지방선거지방선거박기현 기자 與 '뼈아픈 12승' 野 '최악 면한 성적표'…민심이 던진 경고장송언석 ""선관위 허철훈·오민석 즉각 사퇴…긴급 국조도 제안""관련 기사재보선 당선 국회의원 13인 첫 등원…與 ""민생"" 野 ""견제"" 강조與, 선관위 투표용지 부족사태 국정조사 추진키로(종합)선관위 ""투표용지 기준 재점검…20일까지 조사결과 발표""(종합2보)與, 선관위 투표용지 부족 사태 국정조사 추진키로신동화 구리시 당선인 ""전임 시장 시정구호 유지…소통과 통합""",failed
전세사기 특별법 / 피해자 구제,전세사기 특별법 / 피해자 구제 관련 세부 쟁점,전세사기 특별법 / 피해자 구제;ohmynews.com;정책,https://www.ohmynews.com/NWS_Web/View/at_pg.aspx?CNTN_CD=A0003235529&CMPT_CD=P0010&utm_source=naver&utm_medium=newsearch&utm_campaign=naver_news,전세사기 보증금 받았지만... 이 사람이 계속 활동하는 이유,ohmynews.com,갈등_구도,중립적,정부,'전세사기 보증금 받았지만... 이 사람이 계속 활동하는 이유' 기사에서 ohmynews.com가 어떤 주체와 강조점을 전면에 두는지 기준으로 생성한 mock 태깅 결과입니다.,"제9회 전국동시지방선거가 치러지는 6월 3일은 ‘무주택자의 날’입니다. 지난 제21대 대통령선거 역시 같은 날 치러졌습니다. 선거는 우리가 살아가는 도시와 동네의 미래를 결정하는 시간입니다. 하지만 그동안 ‘세입자의 삶’을 중심에 둔 정책과 선거는 좀처럼 찾아보기 어려웠습니다. 전세사기가 사회적 재난이 되어 대한민국을 휩쓴 이후, 우리가 살고 있는 집과 동네는 어떻게 바뀌어야 할까요? 그 질문에 답하기 위해, 세입자들의 목소리를 한 사람씩 천천히 들어보고자 합니다. 이번 <세입자의 목소리를 찾아서> 인터뷰 시리즈는 6월 3일 지방선거를 앞두고, 집을 잃은 사람들의 이야기가 공약으로 이어질 수 있도록 세입자들의 경험과 목소리를 기록하고 전하고자 합니다. 이 연재 기사 시리즈는 제9회 지방선거를 계기로 민달팽이유니온과 서울시전세피해세입자연대가 함께 꾸린 '세입자의 목소리를 찾아서' 팀이 기획·제작했습니다. 그 질문에 답하기 위해, 세입자들의 목소리를 한 사람씩 천천히 들어보고자 합니다. 이번 <세입자의 목소리를 찾아서> 인터뷰 시리즈는 6월 3일 지방선거를 앞두고, 집을 잃은 사람들의 이야기가 공약으로 이어질 수 있도록 세입자들의 경험과 목소리를 기록하고 전하고자 합니다. 이 연재 기사 시리즈는 제9회 지방선거를 계기로 민달팽이유니온과 서울시전세피해세입자연대가 함께 꾸린 '세입자의 목소리를 찾아서' 팀이 기획·제작했습니다. ▲다빈 씨가 인터뷰에 응하고 있다. ⓒ 민달팽이유니온 관련사진보기 다빈씨는 평생 세입자로 살았다. 인천에서 성남으로, 성남에서 서울로 직장을 따라 이사를 했다. 그리고 서울에서 구한 첫 집에서 전세사기를 당했다. 우여곡절 끝에 보증금을 모두 되찾았지만, 그는 여전히 전세피해 대응활동을 이어가고 있다. 동료 피해자들에게 '훌륭한 캠페이너'라고 불리는 다빈씨의 이야기를 들었다. AD ""서울시 관악구에 살고 있는 이다빈이라고 합니다. 개발자로 일하고 있고, 나이는 삼십대 중반입니다. 관악구 남현동에서 전세사기 피해를 입었고, 지금은 옆 동네 청룡동으로 이사해서 살고 있어요. 전세사기피해자전국대책위와 서울시전세피해세입자연대에서 활동하고 있기도 합니다."" ""반지하 한번 벗어나 보자 해서 전세를 알아보기 시작했어요"" - 이사를 해야겠다고 생각하신 이유는 뭐였나요? 거기서 보증금 피해를 입으시긴 했지만요. ""회사가 원래 판교에 있었는데 양재로 이사를 왔거든요. 회사 따라서 서울로 이사를 왔습니다. 원래는 회사가 판교에 있으니 가까운 성남에서 자취생활을 했어요. 회사가 양재로 가니까, 성남에서 양재까지 출퇴근 하는 게 힘들어서 서울로 와야겠다고 생각을 했습니다. 그런데 양재 주변은 전월세가 너무 비싸더라고요. 그나마 저렴하면서 교통이 가까운 곳이 관악구였고, 그 중에 조금이라도 양재에 가까운 쪽으로 해서 남현동을 찾은 거죠."" - 그렇군요. 성남에서도 전세로 사셨어요? ""아니요. 그때가 첫 자취였는데, 반지하 월세집이었어요. 서울로 이사 갈 집을 찾다가, 이제 나이도 30대가 되었고 하니 반지하 한번 벗어나 보자 해서 전세를 알아보기 시작했어요. 5평 쯤 되는 좁은 집에 전세 보증금이 1억 7천만 원이긴 했지만, 반지하가 아니니까 담배 냄새도 덜 나고 벌레도 없어져서 만족했습니다. 은행에서 전세 대출도 문제 없이 나왔습니다. 집 위치가 사당역 번화가랑 가깝고, 관악산 가는 길목이기도 했거든요. 그래도 언덕 위에 있어서 언덕을 올라오면 왁자지껄 하는 분위기가 조용해지곤 했습니다. 한강을 보러 산책을 자주 나갔던 것 같아요. 사당역이랑 이수역을 지나서 30분 정도 걸으면 한강공원이 나왔거든요. 그 집에서 4년 정도 살았어요."" - 지금 동네는 어때요? 오래 사실 계획이세요? ""지금 사는 집은 여기 봉천역 근처에요. 작년 10월에 이사를 왔으니 반년 조금 넘게 살았네요. 오래 살지는 모르겠어요. 서울에 사는 1인가구들 특징이, 사는 동네가 직장에 따라서 달라지는 거잖아요. 그러니까 오래 살 거냐는 질문이 '이 직장을 평생 직장으로 생각하냐'는 질문 같이 느껴져요. 성남에서 서울로 이사온 것처럼, 직장이 이동하면 동네를 옮기는 게 더 나을 것 같아요. 혼자 살고 있기도 하니까요."" ▲다빈씨가 인터뷰 질문에 답변하고 있다. ⓒ 민달팽이유니온 관련사진보기 ""막상 모이려고 하니 모일 곳이 없는 거예요"" - 피해를 당했다는 상황은 어떻게 알게 되셨어요? ""뉴스에서 미추홀구랑 강서구에서 전세사기 피해가 한참 많이 나왔을 때가 있잖아요. 그 때 저도 불안해지니까 이것저것 조사를 해봤죠. 그러다가 무슨 앱을 알게 되었는데, 월마다 몇 천 원을 내면 집이 위험해질 때 알림을 준다고 하더군요. 불안하니까 가입을 했습니다. 그러고 나서 몇 달 뒤에 임차권 등기, 가압류 설정 이런 경고가 막 울리기 시작했어요. 상황이 심각하다는 생각이 들어서, 변호사 상담도 알아보고 인터넷도 뒤져보고 했습니다. 경매까지 잡히고 나서 피해자 단톡방에 초대가 되었어요. 단톡방에 들어가 보니 제가 살던 건물 뿐 아니라 같은 임대인에게 피해를 입은 건물이 더 있는 거예요. 그리고 제가 피해 사실을 안 시점에서 1년 전부터 세입자들끼리 심각하게 이야기를 나누고 있었다는 사실도 알게 되었어요. 월마다 앱에 돈도 내고 했지만, 사실 소용이 없었던 거죠. 분석 내용이 별 게 없기도 했습니다."" - 다빈님은 임대인으로부터...",mock
전세사기 특별법 / 피해자 구제,전세사기 특별법 / 피해자 구제 관련 세부 쟁점,전세사기 특별법 / 피해자 구제;nocutnews.co.kr;정책,https://www.nocutnews.co.kr/news/6517630?utm_source=naver&utm_medium=article&utm_campaign=20260515100644,"'전세사기 안전판' HUG 안심전세앱, '모바일 어워드' 공공서비스 대상",nocutnews.co.kr,갈등_구도,중립적,정부,"''전세사기 안전판' HUG 안심전세앱, '모바일 어워드' 공공서비스 대상' 기사에서 nocutnews.co.kr가 어떤 주체와 강조점을 전면에 두는지 기준으로 생성한 mock 태깅 결과입니다.","주택도시보증공사(HUG)의 비대면 전세진단 플랫폼인 '안심전세App'이 혁신적인 공공서비스 역량을 인정받으며 2026년 모바일 시장의 주인공으로 우뚝 섰다. 안심전세App은 전세계약의 고질적인 정보 비대칭 문제를 해결하기 위해 탄생했다. 계약 전 시세 확인과 위험성 진단부터 보증 가입, 사고 발생 시 보증이행 청구까지 전 과정을 모바일로 처리할 수 있는 '원스톱 서비스'가 핵심이다. 특히 지난해 도입된 '임대인 사고 정보 조회' 기능은 임차인 보호의 전환점이 됐다는 평이다. 임대인의 동의 없이도 과거 사고 이력을 확인할 수 있도록 한 이 서비스는 앞서 행정안전부 주관 '2025 정부혁신 왕중왕전'에서 대통령상을 받기도 했다. HUG는 이번 수상을 계기로 서비스 고도화에 속도를 낼 방침이다. 올 하반기에는 공공데이터를 민간 플랫폼에 개방해 사용자의 접근성을 대폭 높인다. 임차인들은 평소 이용하던 부동산 앱에서도 HUG의 검증된 데이터를 손쉽게 확인할 수 있게 된다. 그간 전세사기의 사각지대로 꼽혔던 다가구 주택까지 진단 대상을 확대하고, 선순위 보증금과 체납 정보를 한눈에 파악할 수 있는 통합 조회 서비스도 선보일 예정이다. 최인호 HUG 사장은 ""이번 수상은 안심전세App이 임대차 시장의 투명성을 높이는 데 실질적인 기여를 하고 있음을 입증한 것""이라며 ""앞으로도 변화하는 주거 환경에 선제적으로 대응해 임차인들이 안심하고 집을 구할 수 있는 공적 플랫폼으로서 책임을 다하겠다""고 강조했다.",failed
전세사기 특별법 / 피해자 구제,전세사기 특별법 / 피해자 구제 관련 세부 쟁점,전세사기 특별법 / 피해자 구제;lawtalknews.co.kr;정책,https://lawtalknews.co.kr/article/816FYKKXWBUX,"""가족이라 괜찮다"" 중개사 말 믿었다가…전세금 날릴 위기 - 로톡뉴스",lawtalknews.co.kr,갈등_구도,중립적,정부,"'""가족이라 괜찮다"" 중개사 말 믿었다가…전세금 날릴 위기 - 로톡뉴스' 기사에서 lawtalknews.co.kr가 어떤 주체와 강조점을 전면에 두는지 기준으로 생성한 mock 태깅 결과입니다.","""가족이라 괜찮다"" 중개사 말 믿었다가…전세금 날릴 위기 ""가족이라 괜찮다"" 중개사 말 믿었다가…전세금 날릴 위기 전세사기 피해자도 아니라니…사문서위조·중개과실이 구원의 열쇠 공동명의 주택, 위임장 없이 계약했다가 보증금 반환 소송 일부 패소. 설상가상 전세사기 피해자 불인정 통보까지. 절망에 빠진 세입자에게 법률 전문가들은 임대인의 '사문서위조' 혐의와 공인중개사의 '명백한 과실'을 입증해 난관을 돌파해야 한다고 조언한다. ""위임장 없다""…악몽이 된 공동명의 전세계약 공동명의로 된 주택에 전세로 입주한 A씨는 악몽 같은 시간을 보내고 있다. 계약 당시 공인중개사는 공동임대인 2명 중 1명과만 계약해도 문제없다고 했다. ""가족관계이므로 위임장 없이도 대리계약이 가능하다""는 설명에 A씨는 추호의 의심도 없이 서명했다. 그러나 이는 비극의 서막이었다. 만기 후 보증금을 돌려받지 못한 A씨는 결국 임대차보증금 반환소송을 제기했다. 하지만 법원은 A씨가 직접 계약한 임대인 1명에 대한 책임만 인정했을 뿐, 다른 공동임대인에 대한 청구는 기각했다. 설상가상으로 A씨와 계약하지 않은 공동임대인은 ""위임한 사실이 없다""며 계약을 진행한 다른 임대인을 사문서위조 혐의로 고소했고, 이 사건은 검찰에 송치됐다. A씨의 계약이 시작부터 법적 근거가 위태로웠음이 드러나는 순간이었다. '피해자 불인정' 통보…단 한 번의 기회, '기망 의도'를 입증하라 벼랑 끝에 몰린 A씨는 정부의 전세사기 피해자 지원을 받기 위해 문을 두드렸지만, 돌아온 것은 '불인정' 통보였다. 전세사기피해자법상 4호 요건인 '임대인의 보증금 편취 의도'를 충족하지 못했다는 이유에서다. 법률 전문가들은 이 결정을 뒤집을 핵심 열쇠가 바로 '사문서위조' 사건에 있다고 입을 모은다. 홍현필 변호사는 ""공동임대인의 위임장 없이 서명을 위조하여 계약을 체결한 행위는 처음부터 임차인을 기망하여 보증금을 편취하려는 고의적 기망을 증명하는 객관적 사실입니다""라고 지적했다. 다른 공동임대인이 위임을 부인하며 형사 고소까지 진행한 점이, 단순 채무불이행이 아닌 명백한 '사기 의도'를 뒷받침하는 강력한 증거가 될 수 있다는 분석이다. 이의신청은 결정 통보 30일 이내에 단 한 번만 가능하기에, 사문서위조 수사 결과 등을 토대로 임대인의 기망 행위를 법리적으로 입증하는 것이 무엇보다 중요해졌다. 믿었던 중개사의 배신…'명백한 과실' 책임 물을 수 있나 이번 사태의 원인 중 하나로 지목되는 이는 바로 공인중개사다. 다수의 변호사들은 공인중개사의 명백한 과실을 지적한다. 신은정 변호사는 ""공동명의 주택 계약 시 중개사는 위임장과 인감증명서 등을 통해 대리권을 철저히 확인할 법적 주의의무가 있습니다""라고 강조했다. 현행 공인중개사법 제30조는 중개사의 고의 또는 과실로 재산상 손해를 입었을 경우, 그 손해를 배상하도록 규정한다. A씨의 경우, 중개사가 대리권 확인 의무를 소홀히 한 채 '가족이라 괜찮다'는 잘못된 정보로 계약을 중개해 보증금 회수에 치명적 문제를 야기한 만큼, 중개사 및 그가 가입한 공제조합을 상대로 손해배상 소송을 통해 피해액을 회복할 길이 열려있는 셈이다. 결국 A씨는 전세사기 피해자 인정을 위한 이의 신청과 동시에, 이 모든 사태의 단초를 제공한 공인중개사를 상대로 한 지난한 법적 싸움을 병행해야 할 처지에 놓였다.",failed
전세사기 특별법 / 피해자 구제,전세사기 특별법 / 피해자 구제 관련 세부 쟁점,전세사기 특별법 / 피해자 구제;news.lghellovision.net;정책,http://news.lghellovision.net/news/articleView.html?idxno=544062,"전남도, '전세사기 예방' 피해자 지원 상담센터 운영",news.lghellovision.net,갈등_구도,중립적,정부,"'전남도, '전세사기 예방' 피해자 지원 상담센터 운영' 기사에서 news.lghellovision.net가 어떤 주체와 강조점을 전면에 두는지 기준으로 생성한 mock 태깅 결과입니다.","전남도가 전세사기를 예방하기 위해 상담센터를 운영합니다. 전남전세사기피해자지원센터는 예비 임차인의 안전한 계약을 돕고 전세사기 피해를 예방하기 위해 28일부터 무료 상담을 진행합니다. 이 사업은 전세사기피해자 지원 및 주거안정에 관한 특별법 개정으로 기존 사후 피해자 지원에서 계약전 예방까지 기능이 확대됐습니다. 지원센터는 전월세 계약을 앞둔 예비 임차인이 계약 전에 위험요소를 확인하도록 돕고, 임대차 목적물의 권리관계 분석과 계약서 검토 등을 무료로 제공합니다. 상담은 전화 예약 후 센터를 방문하는 방식으로 진행되며, 운영 시간은 매주 수요일부터 금요일까지 오전 10시부터 오후 5시까지입니다. 전세피해 지원과 안전계약 상담에 대한 자세한 사항은 전남전세피해자지원센터로 문의하면 됩니다. 유튜브에서 헬로tv뉴스를 구독해주세요! [제보] 카카오톡 '헬로tv뉴스' 검색 후 채널 추가",failed
전세사기 특별법 / 피해자 구제,전세사기 특별법 / 피해자 구제 관련 세부 쟁점,전세사기 특별법 / 피해자 구제;asiatime.co.kr;정책,https://www.asiatime.co.kr/article/20260603500060,씨 마른 아파트 전세…빌라 수요 '급증',asiatime.co.kr,갈등_구도,중립적,정부,'씨 마른 아파트 전세…빌라 수요 '급증'' 기사에서 asiatime.co.kr가 어떤 주체와 강조점을 전면에 두는지 기준으로 생성한 mock 태깅 결과입니다.,"advertisement advertisement 빌라 전월세 거래량 급증 계약갱신청구권 활용도 늘어 비아파트 공급 활성화 대책 한계 [아시아타임즈=이현주 기자] 서울 아파트 전세가 씨가 마르면서 전세사기 여파로 외면받던 빌라(연립·다세대)시장으로 임차 수요가 다시 유입되고 있다. 연립·다세대 전월세 거래량이 늘어난 것은 물론 계약갱신청구권을 활용해 기존 주택에 거주를 연장하는 '눌러앉기' 현상도 확산되는 양상이다. 3일 국토교통부 실거래가시스템에 따르면 올해 1~4월 서울 연립·다세대 전월세 거래량은 4만 9679건으로 집계됐다. 이는 지난해 같은 기간 4만 6244건보다 7.4% 증가한 수치다. 직전 4개월인 지난해 9~12월 거래량(4만 3807건)과 비교하면 13.4% 증가했다. 올해 4월 계약분 가운데 일부는 아직 신고가 완료되지 않았거나 확정일자를 받지 않은 사례도 남아 있어 실제 거래량은 더 늘어날 가능성이 높다. 연립·다세대의 전월세 거래량이 증가한 것은 지난해 10월 토지거래허가구역 확대 지정 후 서울 아파트 전월세 가격이 오르고 신규 물량이 급감한 것이 영향을 미쳤다는 분석이 나온다. 비싼 아파트 전월세를 피해 대체 주거지인 빌라로 전월세 수요가 일부 이동했다는 것이다. 거래량 증가와 함께 가격 상승세도 뚜렷하다. 한국부동산원에 따르면 지난 4월 서울 연립주택 전셋값은 전월 대비 0.44% 올라 2013년 9월(0.54%) 이후 12년 7개월 만에 가장 높은 상승률을 기록했다. 올해 1∼4월 누적 상승률도 1.34%를 기록해 2011년(3.73%) 이후 동기 기준 15년 만에 가장 높은 수준을 나타냈다. 월세의 경우 1~4월 누적 상승률이 1.60%로 전세보다 많이 올랐고, 2015년 7월 관련 통계 발표 이후 같은 기간 최고 상승률을 기록했다. advertisement advertisement 임차인들의 실제 부담도 커지고 있다. 올해 1~4월 연립·다세대 평균 전세보증금은 2억 4098만원으로 지난해 같은 기간보다 775만원 상승했다. 평균 월세도 54만 8000원에서 56만 2000원으로 올랐다. 전세와 월세 가격이 오르면서 계약갱신청구권을 활용하는 임차인도 늘고 있다. 올해 1~4월 서울 연립·다세대 갱신계약 비중은 27.25%로 지난해 같은 기간보다 소폭 증가했다. 특히 계약갱신청구권 사용 비중은 32%로 집계돼 지난해 24.8%보다 7.2% 높아졌다. 임대료 인상률을 5% 이내로 제한할 수 있는 제도를 활용해 기존 주택에 더 오래 거주하려는 수요가 늘어난 것으로 풀이된다. 반면 공급 지표에는 빨간불이 켜졌다. 국토교통부의 3월 주택통계에 따르면 올해 1분기(1~3월) 비아파트 입주 물량은 7297건으로 지난해 같은 기간보다 4.3% 감소했다. 미래 공급을 예측할 수 있는 착공 물량 역시 올해 1분기 6563가구에 그쳐 지난해 같은 기간보다 3.1% 줄었다. 통상 착공 후 3~4년 뒤 입주가 이뤄진다는 점을 고려하면 향후 빌라 공급 부족이 더 심화할 가능성이 크다. 상황이 심상치 않자 정부는 최근 매입임대주택 9만 가구 공급을 골자로 하는 특단의 대책을 꺼내 들었다. 상대적으로 빨리 공급할 수 있는 비아파트를 늘려 전월세 안정을 꾀하겠다는 구상이다. 특히 서울·경기 규제지역에는 신축 5만4000가구, 기존주택 1만2000가구 등 총 6만6000가구를 집중 배치한다. 비아파트 공급이 정상화될 때까지는 목표 물량을 초과하더라도 추가 매입을 추진한다는 계획이다. 다만 부동산 업계에선 이번 대책이 임대차 시장을 안정시키기에는 한계가 있다는 지적이 나온다. 함영진 우리은행 부동산리서치랩장은 ""6만6000가구는 2년 누적 기준으로 연간 약 3만가구 수준에 불과해 서울·수도권 전체 임대차 시장 가격을 본격적으로 안정시키기에는 제한적일 수 있다""며 ""이번 정책은 전세가격 하락보다는 월세 급등 압력 완화와 비아파트 공급 절벽 방지 성격에 가깝다""고 설명했다. 이어 ""한국토지주택공사(LH)의 적극적인 매입 과정에서 일부 부실 사업장이 연명하는 부작용이나 공공 재정부담 확대 가능성도 있다""며 ""장기적으로는 민간 비아파트 시장이 자생적으로 공급을 재개할 수 있도록 금융·세제·임대사업 제도 정상화 논의도 병행돼야 한다""고 덧붙였다.",failed
전세사기 특별법 / 피해자 구제,전세사기 특별법 / 피해자 구제 관련 세부 쟁점,전세사기 특별법 / 피해자 구제;economist.co.kr;정책,https://economist.co.kr/article/view/ecn202605220034,전세난 대응 나선 정부…비아파트 매입임대 9만호 공급,economist.co.kr,갈등_구도,중립적,정부,'전세난 대응 나선 정부…비아파트 매입임대 9만호 공급' 기사에서 economist.co.kr가 어떤 주체와 강조점을 전면에 두는지 기준으로 생성한 mock 태깅 결과입니다.,"부동산 일반 전세난 대응 나선 정부…비아파트 매입임대 9만호 공급 - 서울·경기 규제지역에 6.6만호 집중 전세사기 이후 위축된 비아파트 시장 회복 시동 [이코노미스트 이승훈 기자] 정부가 전세시장 불안과 비아파트 공급 절벽에 대응하기 위해 수도권 매입임대주택 공급을 대폭 확대한다. 서울과 경기 규제지역을 중심으로 향후 2년간 6만6000가구를 공급하고, 민간 사업자 금융 지원도 강화해 위축된 비아파트 공급 생태계 회복에 나선다는 방침이다. 구윤철 부총리 겸 재정경제부 장관은 22일 정부서울청사에서 열린 부동산관계장관회의에서 “정부는 주거 사다리의 중요한 한 축인 비아파트 공급을 확대하는 방안을 다각적으로 검토하고 있다”며 “2027년까지 2년간 수도권에 매입임대주택 9만호를 공급하고, 그중 6만6000호는 규제지역에 공급할 계획”이라고 밝혔다. 구 부총리는 “오피스텔 등 비아파트는 상대적으로 공급 속도가 빨라 1~2년 안에 가시적인 효과를 기대할 수 있다”며 “청년층의 주거 애로 완화에도 도움이 될 것”이라고 강조했다. 이번 대책은 전세사기 여파와 프로젝트파이낸싱(PF) 경색, 공사비 급등 등으로 급격히 위축된 비아파트 시장을 공공이 직접 떠받치겠다는 성격이 강하다. 실제 빌라·도시형생활주택·오피스텔 등은 서울 도심 전월세 공급의 핵심 축 역할을 해왔지만 최근 공급 감소세가 뚜렷하다. 국토교통부에 따르면 지난해 비아파트 인허가 물량은 3만3061가구로 전년 대비 11.4% 감소했고 착공 물량도 3만1215가구로 7.7% 줄었다. 최근 3년간 비아파트 착공 물량은 장기 평균의 20~30% 수준에 머문 것으로 나타났다. 정부는 우선 2026~2027년 수도권에 총 9만가구의 매입임대주택을 공급한다. 이 가운데 서울·경기 규제지역에는 신축 5만4000가구, 기존주택 1만2000가구 등 총 6만6000가구를 집중 배치한다. 비아파트 공급이 정상화될 때까지는 목표 물량을 초과하더라도 추가 매입을 추진한다는 계획이다. 매입 방식도 대폭 완화된다. 기존에는 한 동 전체를 LH가 매입해야 했지만 앞으로는 일부 세대만 선택적으로 매입하는 ‘부분 매입’이 가능해진다. 예컨대 100가구 규모 사업장에서 20~50가구만 공공이 매입할 수 있게 되는 구조다. 최소 매입 기준도 낮춘다. 서울은 기존 19가구 이상에서 10가구 이상으로 완화하고, 경기 역시 기존 기준을 대폭 낮출 예정이다. 규제지역 내 기존주택 매입 시에는 건축연한 제한도 사실상 적용하지 않아 매입 대상 범위를 넓힌다. 토지비 80% 지원·PF보증 확대 민간 사업자 금융 지원도 강화한다. 한국토지주택공사(LH)의 토지 확보 지원금은 기존보다 확대돼 토지비의 최대 80%까지 지원된다. 나머지 토지비와 설계비 등 초기 사업비는 주택도시보증공사(HUG) PF보증 강화를 통해 조달하도록 해 사업자의 실질 부담을 토지비의 10% 수준까지 낮춘다는 계획이다. 착공 이후 공사비 지급 방식도 바뀐다. 기존에는 ▲골조 공사 완료 ▲준공 ▲품질검사 이후 등 3단계로 지급했지만 앞으로는 공정률에 따라 3개월 단위로 나눠 지급한다. 정부는 건설사의 현금 흐름 부담을 줄여 공사 중단 리스크를 낮추고 사업 속도를 높이겠다는 설명이다. 공사비 연동형 사업에는 ‘선 착공-후 공사비 검증’ 방식도 도입한다. 인허가 이후 바로 착공할 수 있도록 절차를 단축해 공급 속도를 끌어올리겠다는 취지다. 대신 토지 확보나 인허가가 장기간 지연되는 사업장에는 약정 해지 등 페널티를 부과해 사업 관리도 강화하기로 했다. 전문가들은 이번 정책이 단기적으로는 전월세 시장 안정에 일정 부분 기여할 것으로 보고 있다. 양지영 신한 프리미어 패스파인더 전문위원은 “전월세난이 심각한 상황에서 신규 아파트 공급 속도를 단기간에 높이기 어려운 만큼 비아파트는 사회초년생과 신혼부부 등 주거 취약계층의 현실적인 주거 사다리 역할을 한다”며 “특히 공공 매입임대가 전세사기 우려를 줄여 수요자들에게 보다 안전한 주거 환경을 제공할 수 있다는 점이 중요하다”고 말했다. 이어 “비아파트는 아파트보다 착공부터 입주까지 기간이 짧아 현재 전월세난에 대한 즉각적인 단기 처방이 될 수 있다”며 “토지비 지원 확대와 PF보증 강화는 자금력이 부족한 중소 건설사들의 참여를 유도하는 강력한 유인이 될 것”이라고 평가했다. 함영진 우리은행 부동산리서치랩장은 “사실상 붕괴 직전의 비아파트 공급 생태계에 공공이 회복의 마중물을 제공하는 정책”이라며 “비아파트 공급 공백이 장기화되는 것보다는 공공이 일정 수준의 공급을 유지하도록 돕는 정책이 필요했던 상황”이라고 진단했다. 다만 한계도 지적된다. 함 랩장은 “6만6000가구는 2년 누적 기준으로 연간 약 3만가구 수준에 불과해 서울·수도권 전체 임대차 시장 가격을 본격적으로 안정시키기에는 제한적일 수 있다”며 “이번 정책은 전세가격 하락보다는 월세 급등 압력 완화와 비아파트 공급 절벽 방지 성격에 가깝다”고 설명했다. 이어 “LH의 적극적인 매입 과정에서 일부 부실 사업장이 연명하는 부작용이나 공공 재정부담 확대 가능성도 있다”며 “장기적으로는 민간 비아파트 시장이 자생적으로 공급을 재개할 수 있도록 금융·세제·임대사업 제도 정상화 논의도 병행돼야 한다”고 덧붙였다. ⓒ이코노미스트(https://economist.co.kr) '내일을 위한 경제뉴스 이코노미스트'...",failed
전세사기 특별법 / 피해자 구제,전세사기 특별법 / 피해자 구제 관련 세부 쟁점,전세사기 특별법 / 피해자 구제;inews24.com;정책,http://www.inews24.com/view/1966975,전세사기 특별법 개정안 통과⋯'최소보장제' 6개월 뒤 시행,inews24.com,갈등_구도,중립적,정부,'전세사기 특별법 개정안 통과⋯'최소보장제' 6개월 뒤 시행' 기사에서 inews24.com가 어떤 주체와 강조점을 전면에 두는지 기준으로 생성한 mock 태깅 결과입니다.,"[아이뉴스24 이효정 기자] 전세사기 피해 보증금의 일부를 국가가 보전하는 ‘최소보장제’가 연내 시행을 앞두면서 제도 설계에 관심이 쏠리고 있다. 피해 회복을 위한 안전망 성격이지만, 개인 간 거래 손실에 세금을 투입한다는 점에서 형평성 논란도 이어지고 있다. 6일 정부는 이재명 대통령 주재로 열린 국무회의에서 전세사기 피해자 지원 및 주거안정에 관한 특별법 개정안을 의결됐다. 이 법안은 지난달 23일 국회 본회의를 통과했으며, 공포 후 6개월 뒤부터 시행될 예정이다. 국토교통부는 이에 맞춰 구체적인 시행령 마련에 착수한다. 개정안의 핵심은 국가가 임차보증금의 약 3분의 1(33%)을 보전하는 ‘최소보장제’다. 경·공매 종료 후 세입자가 배당받은 금액과 반환채권 회수액, 기존 지원금을 합산한 금액이 보증금의 3분의 1에 못 미칠 경우 부족분을 국가가 보전하는 방식이다. 당초 국회 논의 과정에서는 보장 비율을 50%까지 높이는 방안도 검토됐으나, 재정 부담 등을 고려해 33% 수준으로 낮아졌다. 임대인이 파산한 경우 우선변제권이 인정되는 보증금은 면책 대상에서 제외된다. 신탁 사기 등 무권 계약 피해자에 대해서는 경·공매 이전에 일정 금액을 먼저 지급하고 사후 정산하는 ‘선지급·후정산’ 방식도 도입된다. 아울러 지원금의 양도·담보 제공 및 압류를 금지해 피해자에게 직접 귀속되도록 했다. 제도 도입 취지에도 불구하고 논란은 이어지고 있다. 전세사기를 사회적 재난으로 보고 최소한의 구제를 해야 한다는 시각과, 개인 간 계약에서 발생한 손실을 국가가 보전하는 것은 형평성에 어긋난다는 지적이 맞선다. 특히 최소보장제는 세금이 직접 투입되는 구조라는 점에서 재정 부담이 변수로 꼽힌다. 개정안이 과거 피해 사례에도 소급 적용되면서 전체 지원 규모를 가늠하기 어렵다는 점도 부담 요인이다. 국토교통부에 따르면 현재까지 인정된 전세사기 피해 건수는 3만8503건에 달한다. 국회는 최근 추가경정예산을 통해 289억원을 반영해 초기 재원은 확보한 상태다. 국회 관계자는 “보증금의 3분의 1 수준도 회수하지 못한 피해자를 대상으로 제한적으로 적용되는 제도”라며 “우선 최소한의 안전망을 마련하는 데 의미가 있다”고 설명했다. 향후 시행령 설계 과정에서는 적용 범위가 핵심 쟁점으로 떠오를 전망이다. 전세사기 유형이 다양해 동일 기준 적용이 쉽지 않기 때문이다. 대표적으로 피해자가 직접 경매에 참여해 주택을 낙찰받는 ‘셀프낙찰’ 사례가 있다. 이 경우 보증금을 배당으로 회수하는 대신 낙찰가와 상계 처리하는 구조여서 최소보장제 적용 대상에서 제외될 가능성이 제기된다. 국회 관계자는 “셀프낙찰은 원칙적으로 대상이 아닐 가능성이 크지만, 최종 기준은 시행령에서 결정될 것”이라고 말했다. 전문가들은 제도 설계의 균형이 중요하다고 지적한다. 남영우 나사렛대 교수는 “사회적 재난 성격을 고려한 최소한의 보호 장치라는 점에서 필요성은 인정된다”면서도 “적용 범위가 과도하게 확대될 경우 형평성 논란이 커질 수 있어 시행령 단계에서 신중한 접근이 필요하다”고 말했다. /이효정 기자(hyoj@inews24.com)",failed
전세사기 특별법 / 피해자 구제,전세사기 특별법 / 피해자 구제 관련 세부 쟁점,전세사기 특별법 / 피해자 구제;wowtv.co.kr;정책,http://www.wowtv.co.kr/NewsCenter/News/Read?articleId=A202605130364&t=NN,전세사기·깡통전세·역전세를 ‘구조’로 해부한 정책서 '전세위기의 제도적 해법(내 집 구하는 법: 제도편)' 출간,wowtv.co.kr,갈등_구도,중립적,정부,'전세사기·깡통전세·역전세를 ‘구조’로 해부한 정책서 '전세위기의 제도적 해법(내 집 구하는 법: 제도편)' 출간' 기사에서 wowtv.co.kr가 어떤 주체와 강조점을 전면에 두는지 기준으로 생성한 mock 태깅 결과입니다.,"출판사 박영사는 전세사기, 깡통전세, 보증금 미반환, 역전세 등으로 흔들리는 전세 시스템의 구조적 원인을 진단하고, 제도·금융·시장 차원의 개선 방향을 제시한 신간 ‘전세위기의 제도적 해법(내 집 구하는 법: 제도편)’을 출간했다. 이 책은 전세 피해를 개별 사건이나 개인의 부주의로 환원하지 않고, 집값 변동과 금융 구조, 보증 제도, 법·정책의 빈틈이 맞물려 “위험이 세입자에게 집중되는 시스템”이 어떻게 만들어졌는지를 분석한다. 저자 오창섭은 1994년 입행 이후 30여 년간 은행 현장에서 주택담보대출·전세대출·전세보증 리스크 관리 등 주택금융 실무와 감독을 수행해 온 시중은행 지점장이자, 전세보증사고·역전세 리스크를 실증 분석해 온 부동산학 박사다. 현장에서 축적한 경험과 데이터를 결합해, 전세보증 사고가 왜 특정 시기·특정 구조에서 급증하는지, 그리고 그 부담이 개인을 넘어 보증기관과 국가 재정에까지 확산될 수 있는 위험으로 전이되는 과정을 구조적으로 설명한다. 책은 “지난 11년(2014~2024) 동안 전세 제도는 겉으로 유지됐지만 내부적으로는 조용하고 지속적인 붕괴를 겪어왔다”는 문제의식에서 출발한다. 전세보증 발행 규모가 급격히 확대되고 사고 금액과 건수가 동시에 증가하며, 2024년 HUG·HF 기준 전세보증 사고 건수는 35.7천 건, 사고 금액은 5.3조 원에 달했다. 이는 같은 기간 보이스피싱 피해 금액의 6배 이상으로, 전세 시스템이 더 이상 정상적으로 작동하기 어려운 국면에 진입했음을 보여준다. 저자는 전세 위기를 단순한 주거 문제가 아니라 소비 위축과 지역경제 침체, 금융기관 리스크 확대, 보증기관 재정 악화와 국가 재정 부담으로 이어질 수 있는 구조적 경제 위기로 바라본다. ‘전세위기의 제도적 해법(내 집 구하는 법: 제도편)’은 전세 문제를 도덕이나 사건의 문제가 아니라 “구조와 메커니즘의 문제”로 해부한다. 왜 집값 상승기에는 전세금이 폭등하고 주거비 부담이 삶을 압박하는지, 왜 하락기에는 역전세·보증금 미반환 위험이 현실화되는지, 그리고 왜 피해가 반복적으로 세입자에게 집중되는지를 단계적으로 짚는다. 특히 주택임대차보호법의 사각지대, 전세보증과 전세자금대출이 만들어낸 위험의 전가 구조, 전세사기의 반복 패턴과 유형, 깡통전세가 경제·사회에 주는 충격의 연쇄를 연결해 “하락기마다 반복되는 피해는 우연이 아니라 구조적 재난”이라는 결론을 제시한다. 또한 이 책은 진단에 그치지 않고 제도 개선의 방향을 구체화한다. 전세보증과 주택금융 정책의 재설계, 신용평가 체계의 한계와 개선, 시장 왜곡을 키우는 정책·금융·투기 심리의 결합 구조를 점검하며, 주거 시장과 투자 시장의 분리, 금융·부동산 시장의 부작용 대응, 규제 회피가 낳는 부작용 차단 등 “전세 시스템을 다시 정상화하기 위한 제도적 해법”을 제시한다. 아울러 AI 시대에 주거 안정이 단순 복지의 문제가 아니라 국민 생존을 지키는 국가 인프라라는 관점에서, 미래세대를 위한 선택의 문제까지 확장해 논의를 이어간다. 마지막으로 저자는 “전세 피해는 개인의 불운이 아니라 위험이 세입자에게 전가되도록 설계된 구조의 결과”라며, “이 책이 전세 제도의 붕괴 앞에서 국민이 더 이상 방치되지 않도록, 제도와 정책이 바뀌어야 할 지점을 명확히 이해하는 출발점이 되기를 바란다”고 전했다. 한국경제TV 박준식 기자 parkjs@wowtv.co.kr관련뉴스",failed
전세사기 특별법 / 피해자 구제,전세사기 특별법 / 피해자 구제 관련 세부 쟁점,전세사기 특별법 / 피해자 구제;dhnews.co.kr;정책,https://dhnews.co.kr/news/view/1065575356606736,‘전세위기의 제도적 해법(내 집 구하는 법: 제도편)’ 출간,dhnews.co.kr,갈등_구도,중립적,정부,'‘전세위기의 제도적 해법(내 집 구하는 법: 제도편)’ 출간' 기사에서 dhnews.co.kr가 어떤 주체와 강조점을 전면에 두는지 기준으로 생성한 mock 태깅 결과입니다.,"저자 오창섭은 1994년 입행 이후 30여 년간 은행 현장에서 주택담보대출·전세대출·전세보증 리스크 관리 등 주택금융 실무와 감독을 수행해 온 시중은행 지점장이자, 전세보증사고·역전세 리스크를 실증 분석해 온 부동산학 박사다. 현장에서 축적한 경험과 데이터를 결합해, 전세보증 사고가 왜 특정 시기·특정 구조에서 급증하는지, 그리고 그 부담이 개인을 넘어 보증기관과 국가 재정에까지 확산될 수 있는 위험으로 전이되는 과정을 구조적으로 설명한다. 책은 “지난 11년(2014~2024) 동안 전세 제도는 겉으로 유지됐지만 내부적으로는 조용하고 지속적인 붕괴를 겪어왔다”는 문제의식에서 출발한다. 전세보증 발행 규모가 급격히 확대되고 사고 금액과 건수가 동시에 증가하며, 2024년 HUG·HF 기준 전세보증 사고 건수는 35.7천 건, 사고 금액은 5.3조 원에 달했다. 이는 같은 기간 보이스피싱 피해 금액의 6배 이상으로, 전세 시스템이 더 이상 정상적으로 작동하기 어려운 국면에 진입했음을 보여준다. 저자는 전세 위기를 단순한 주거 문제가 아니라 소비 위축과 지역경제 침체, 금융기관 리스크 확대, 보증기관 재정 악화와 국가 재정 부담으로 이어질 수 있는 구조적 경제 위기로 바라본다. 『전세위기의 제도적 해법(내 집 구하는 법: 제도편)』은 전세 문제를 도덕이나 사건의 문제가 아니라 “구조와 메커니즘의 문제”로 해부한다. 왜 집값 상승기에는 전세금이 폭등하고 주거비 부담이 삶을 압박하는지, 왜 하락기에는 역전세·보증금 미반환 위험이 현실화되는지, 그리고 왜 피해가 반복적으로 세입자에게 집중되는지를 단계적으로 짚는다. 특히 주택임대차보호법의 사각지대, 전세보증과 전세자금대출이 만들어낸 위험의 전가 구조, 전세사기의 반복 패턴과 유형, 깡통전세가 경제·사회에 주는 충격의 연쇄를 연결해 “하락기마다 반복되는 피해는 우연이 아니라 구조적 재난”이라는 결론을 제시한다. 또한 이 책은 진단에 그치지 않고 제도 개선의 방향을 구체화한다. 전세보증과 주택금융 정책의 재설계, 신용평가 체계의 한계와 개선, 시장 왜곡을 키우는 정책·금융·투기 심리의 결합 구조를 점검하며, 주거 시장과 투자 시장의 분리, 금융·부동산 시장의 부작용 대응, 규제 회피가 낳는 부작용 차단 등 “전세 시스템을 다시 정상화하기 위한 제도적 해법”을 제시한다. 아울러 AI 시대에 주거 안정이 단순 복지의 문제가 아니라 국민 생존을 지키는 국가 인프라라는 관점에서, 미래세대를 위한 선택의 문제까지 확장해 논의를 이어간다. 마지막으로 저자는 “전세 피해는 개인의 불운이 아니라 위험이 세입자에게 전가되도록 설계된 구조의 결과”라며, “이 책이 전세 제도의 붕괴 앞에서 국민이 더 이상 방치되지 않도록, 제도와 정책이 바뀌어야 할 지점을 명확히 이해하는 출발점이 되기를 바란다”고 전했다. [저작권자ⓒ 대학저널. 무단전재-재배포 금지]",failed
전세사기 특별법 / 피해자 구제,전세사기 특별법 / 피해자 구제 관련 세부 쟁점,전세사기 특별법 / 피해자 구제;ohmynews.com;정책,https://www.ohmynews.com/NWS_Web/View/at_pg.aspx?CNTN_CD=A0003233817&CMPT_CD=P0010&utm_source=naver&utm_medium=newsearch&utm_campaign=naver_news,"""전세사기, 개인의 부주의가 아닌 사회적 재난입니다""",ohmynews.com,갈등_구도,중립적,정부,"'""전세사기, 개인의 부주의가 아닌 사회적 재난입니다""' 기사에서 ohmynews.com가 어떤 주체와 강조점을 전면에 두는지 기준으로 생성한 mock 태깅 결과입니다.","▲2026.4.27. 전세사기 피해자대책위 이철빈 공동위원장(좌측)과 시민사회대책위 박효주 활동가(우측)가 인터뷰를 진행하고 있다. ⓒ 참여연대 관련사진보기 - 각자 소개를 부탁드립니다. 이철빈 : ""전세사기·깡통전세 피해자 전국대책위원회(아래 피해자대책위) 공동위원장 이철빈이라고 합니다. 전세사기 피해를 인지한 지는 4년이 지났고, 피해자 대책위를 결성해서 활동한 지는 3년 정도 되는 것 같습니다. 원래는 평범한 직장인이었다가 전세사기 당하고 나서, 대책위 활동하면서 점차 활동가의 삶을 살고 있어요. 현재는 다니던 회사에서 퇴사하고 대책위 활동에 매진하고 있습니다."" 박효주 : ""전세사기·깡통전세 문제 해결을 위한 시민사회대책위원회(아래 시민사회대책위)에서 활동하고 있는 참여연대 민생희망본부 박효주입니다. 저는 2017년부터 주거권 보장을 위한 활동, 주택임대차보호법 개정, 공공임대주택 확대를 위한 주거권 관련 활동들을 하고 있습니다."" - 이철빈님도 전세사기 피해를 입었다는 것으로 알고 있는데요. 이철빈 : ""전셋집을 계약한 건 2021년 10월쯤이고 11월에 입주했습니다. 그때 당시 주택 임대관리업 관련 일을 하고 있었기 때문에 등기부등본이나 건축물대장도 꼼꼼하게 확인했고, 근저당이 없다는 점도 살펴봤어요. 임대인은 보증보험 가입도 약속했는데 어느 순간부터 연락이 끊겼어요. 등기부등본을 다시 떼어보니 세무서 압류가 걸려 있었고, 임대인은 세금 체납 문제라고 기다리라고 했지만 이후 완전히 잠적했습니다. 그게 2022년 2월이었고, 전세사기라는 걸 직감했죠. AD 그러다 인천 미추홀구 전세사기 피해자대책위와도 만나게 되고 함께 대책을 논의하던 중 2023년 2월 28일, 대책위에서 활동하시던 피해자분이 스스로 생을 마감했다는 소식을 듣게 된 거예요. 국회 토론회 마치고 대책을 논의하는 와중에 소식을 듣고 모두 큰 충격을 받았습니다. 이 문제가 돈을 잃는 수준이 아니라 생명과 삶을 위협하는 문제라는 걸 절감했고, 그래서 국가가 빨리 대책을 마련해야 한다는 일념으로, 더 본격적으로 활동하게 되었습니다. 첫 번째 희생자의 49재 날인 2023년 4월 18일에 피해자대책위가 공식 출범했고, 저도 공동위원장으로 함께 활동을 시작했습니다. 그때부터 전세사기 특별법 제정과 개정 활동을 이어왔고, 이제 꼬박 3년이 됐습니다."" - 지난 3년 시민사회대책위에서 전세사기 문제 해결을 위해 여러 노력을 해오셨는데요. 시민사회대책위는 언제 만들어졌고, 어떤 역할을 해왔는지 말씀 부탁드립니다. 박효주 : ""참여연대를 비롯한 시민사회는 전세사기 문제가 본격화하기 전부터 이미 전세가율이 높아 위험 신호가 있다고 보고 있었습니다. 초기에는 예방 중심으로 논의했고, 전세대출 확대 문제나 제도 개선 필요성을 계속 제기했어요. 2022년 하반기, 이른바 '빌라왕' 사건이 알려지면서 문제의 심각성을 더욱 본격적으로 인식해 긴급 좌담회 등 대응 활동을 시작했습니다. 참여연대 내부에서는 특별법 초안을 만들고, 이를 바탕으로 국회 설득 작업도 진행했어요. 당시에는 여야 모두 적극적이지 않았고, 특히 국민의힘은 '사기에 대해 선구제 후회수한 전례가 없다'라며 특별법 제정 자체에 결사적으로 반대했습니다. 피해자들의 극단적 선택이 이어지면서 상황은 더욱 절박해졌습니다. 시민사회대책위는 급박한 상황 속에서 꾸려졌고, 현재는 시민사회·노동·종교단체와 진보당, 기본소득당, 녹색당, 정의당 등 60여 개 단체가 함께하고 있습니다. 2023년 4월 18일 시민사회대책위와 피해자대책위가 함께 출범했는데 피해자대책위가 피해 구제 요구를 중심으로 활동했다면, 시민사회대책위는 특별법 제정과 제도 개선, 전세가율·보증대출 규제 강화 같은 예방 대책도 다뤄왔습니다. 또한 현장에서 기자회견과 농성 등 여러 입법 촉구 활동 등을 함께 진행하며 긴밀하게 연대해 왔습니다."" - 전세사기 피해자 규모는 어느 정도로 봐야 하나요? 이철빈 : ""공식적으로 전세사기 피해자로 인정된 인원은 올해 4월 기준 누적 3만 8503명인데 인정 요건이 엄격해서 실제 피해자는 더 많을 것으로 봅니다. 국토부가 따로 집계하지 않은 보증보험에 가입했다가 사고 난 사례까지 포함하면 넓게는 10만 명 이상으로 추산하기도 합니다. 아직 정확한 전체 규모는 누구도 추산하지 못하는 것 같습니다. 특별법이 마무리된 뒤에 피해 인원과 피해 금액, 추가 재정 투입 규모까지 포함해 전세사기 사태가 남긴 피해를 종합적으로 따져볼 필요가 있다고 생각해요."" 박효주 : ""네, 맞습니다. 보증보험 대위변제, 그러니까 보증보험을 가입한 피해자에게 HUG가 대신 보증금을 돌려준 건수만 해도 2023년부터 지난해까지 약 4만 건 정도로 보고 있고, 여기에 보증보험에 가입하지 못했거나 요건이 애매해 피해자로 인정받지 못한 경우까지 더하면 전체 피해 규모는 10만 명 안팎일 것으로 보고 있습니다."" - 전세사기 피해자분들 중에 돌아가신 분들도 여러분 계시는데요. 이철빈 : ""공식적으로 언론에 보도된 사례만 기준으로 하면, 전세사기 피해로 돌아가신 분이 약 10명 정도인데, 공개되지 않았을 뿐이지 '어느 지역에서도 누군가 돌아가셨다더라'는 이야기를 훨씬 더 많이 들었습니다. 그리고 모두가 자살하신 건 아니에요. 제가 정말 가슴 아팠던 사례는 저와 같은 임대인의 피해자분이셨는데, 그분은 투잡,...",failed
전세사기 특별법 / 피해자 구제,전세사기 특별법 / 피해자 구제 관련 세부 쟁점,전세사기 특별법 / 피해자 구제;joseilbo.com;정책,http://www.joseilbo.com/news/news_read.php?uid=563575&class=32&grp=,"전세사기 피해자 '선구제 후회수' 확정...""이재명·민주당은 약속 지킨다"" - 조세일보",joseilbo.com,갈등_구도,중립적,정부,"'전세사기 피해자 '선구제 후회수' 확정...""이재명·민주당은 약속 지킨다"" - 조세일보' 기사에서 joseilbo.com가 어떤 주체와 강조점을 전면에 두는지 기준으로 생성한 mock 태깅 결과입니다.","최소보장제도 도입...""임차보증금 일정 비율 회복 보장"" 경공매 종료된 피해자 소급 적용...신탁사기·공동담보 피해자도 구제 2022년 전세사기로 청년층 피해...尹·국힘 '직접 구제 방식' 거부 더불어민주당과 정부가 전세사기 피해자 구제를 위해 임차보증금의 일정 비율 회복을 보장하는 '최소보장제'와 피해자에게 먼저 보상하고 사후 정산하는 '선(先)지급 후(後)정산' 방식을 적용하기로 했다. 국회 국토교통위원회 여당 간사 겸 민주당 전세사기특별위원회 위원장인 복기왕 의원은 26일 국회 정책조정회의에서 ""전세사기는 명백한 사회적 재난""이라며 ""피해자의 75%가 2030 청년들이다. 이들의 눈물을 닦고 앞으로 피해를 줄이기 위해서 최선을 다하겠다""면서 이같이 밝혔다. 복 의원은 ""기존의 전세사기특별법은 경매 여건 등에 따라서 피해자별로 상당한 피해 회복률 편차가 발생하는 문제가 있었다""며 ""그리고 신탁사기 등 무권 계약 피해자와 공동담보 주택 피해자는 사실상 구제할 방법이 없었다""고 지적했다. 이에 복 의원은 ""최소보장제를 도입하겠다""며 ""경·공매가 종료된 전세사기 피해자를 대상으로 임차보증금의 일정 비율 회복을 보장하는 최소보장제를 도입해 피해를 막겠다""고 밝혔다. 관련 재원은 국가 재정으로 마련해 추진하며, 경·공매가 이미 종료된 피해자에 대해서도 소급 적용한다. 복 의원은 ""최소보장제의 도입은 단 한 분이라도 억울한 피해자가 없도록 최선을 다하기 위한 당정이 함께 노력한 결과""라고 강조했다. 또한 그는 ""선지급 후정산 방식을 적용하겠다""며 ""야당 시절 이재명 대표와 민주당이 했던 약속을 지키겠다""고 말했다. 신탁사기 등 무권 계약 피해자에 대해 최소보장금을 선지급하고, LH 매입 등 이후 잔여금 발생 시 추가 지급하는 방식이다. 비율은 국회에서 다시 논의하기로 했다. 공동담보 주택 피해자에 대해서도 경매 차익 일부를 선지급한다. 이밖에 복 의원은 ""전세사기특위는 지난 12월 2일 형법 개정안을 통과시켜 사기죄 법정형을 2배로 대폭 상향하고 다수 범죄를 저지를 때 30년 징역형이 가능하도록 처벌의 실효성을 높였다""고 소개했다. 이어 ""수도권과 비수도권의 지역 간 형평성 문제가 심각한 '소액임차인 최우선변제금 제도'는 기준에 맞게끔 조정될 수 있도록 법무부 등 해당 부처와 최선을 다해서 논의하겠다""고 예고했다. 앞서 2022년 말 서울과 인천 수도권 등에 '무자본 갭투기' 방식으로 빌라와 오피스텔 등을 매집한 뒤 세입자들에게 보증금을 돌려주지 않는 전세사기가 횡행했다. 피해자 대다수는 저렴한 주거지를 찾던 청년 등 사회 초년생이었다. 2023년 5월 윤석열 정부와 국민의힘이 전세사기특별법을 추진했지만, 피해자에게 무이자 대출 등 금융지원을 확대하는 내용 위주여서 실효성 논란이 제기됐다. 당시 정부여당은 '모든 사기 피해자에게 현금 지원을 할 수 없다'면서 형평성 문제 등을 이유로 들었다. 그렇지만 극단적 선택을 하는 피해자들이 늘어났고, 2024년 5월 민주당 등 범야권은 '피해자 선구제-비용 후회수' 원칙을 담은 특별법 개정안을 국회 본회의에서 강행 처리했다. 그러나 윤석열 전 대통령이 거부권을 행사하면서 개정안은 자동 폐기된 바 있다.",failed
전세사기 특별법 / 피해자 구제,전세사기 특별법 / 피해자 구제 관련 세부 쟁점,전세사기 특별법 / 피해자 구제;etoday.co.kr;정책,https://www.etoday.co.kr/news/view/2537047,"‘선구제 후회수’ 재검토 속 반복되는 전세사기, 예방 대책은 ‘제자리’",etoday.co.kr,갈등_구도,중립적,정부,"'‘선구제 후회수’ 재검토 속 반복되는 전세사기, 예방 대책은 ‘제자리’' 기사에서 etoday.co.kr가 어떤 주체와 강조점을 전면에 두는지 기준으로 생성한 mock 태깅 결과입니다.","이재명 대통령이 전세사기 피해자에 대한 ‘선(先)구제 후(後)회수’ 방안 재검토를 지시하면서 사회적 갈등이 이어지고 있다. 피해 보상을 둘러싼 논쟁이 지속되는 가운데 근본적인 전세사기 예방책은 여전히 미흡해 구제책과 더불어 예방책 마련이 필요하다는 지적이 제기된다. 17일 국토교통부에 따르면 이 대통령은 12일 국토부 업무보고에서 “전세사기 피해자에게 정부가 먼저 지급하고 구상은 정부가 하는 법안을 추진하자고 했지만 이전 정부가 거부했다”며 “관련 내용을 준비해 별도로 보고하라”고 주문했다. 선구제 후회수는 전세사기 피해자에게 공공이 일정 수준의 보상금을 먼저 지급한 뒤 임대인에 대한 구상권 청구나 전세사기 주택의 경·공매를 통해 자금을 회수하는 방식이다. 전세사기 피해자들은 해당 내용을 담은 전세사기특별법 개정을 요구해 왔다. 앞서 지난해 5월 21대 국회에서는 당시 야당이었던 더불어민주당 주도로 선구제 후회수 방안을 골자로 한 ‘전세사기피해자 지원 및 주거안정에 관한 특별법’이 통과됐지만 윤석열 전 대통령의 재의요구권 행사로 법안은 폐기됐다. 이재명 대통령은 더불어민주당 대표 시절 선구제 후회수 방안을 강하게 추진했던 만큼 피해자들은 약속 이행을 촉구하고 있다. 안상미 전세사기·깡통전세 피해자 전국대책위원회 공동위원장은 “2023년 4월 이재명 대통령이 당시 민주당 대표로서 ‘선구제 원칙을 바탕으로 재정 부담이 일부 있더라도 국가는 책임을 져야 한다’고 했던 발언을 기억하고 있다”고 말했다. 이어 “피해자 구제의 골든타임을 놓치고 있다”며 “전세사기 없는 사회를 위해 대통령의 결단과 조속한 특별법 개정을 요청한다”고 밝혔다. 다만 선구제를 위해서는 공공기관 기금 활용 등 재원 투입이 불가피한 만큼 사회적 합의가 필요하다는 지적도 나온다. 과거에는 주택도시보증공사(HUG) 등 공공기관이 전세사기 피해자의 임차보증금 반환채권을 평가해 주택도시기금으로 매입한 뒤 최우선변제금 수준 이상의 보증금 일부를 지급하고 이후 전세사기 주택을 매각해 자금을 회수하는 방식이 거론됐다. 당시 국회에 제출된 자료에 따르면 2024년 7월 기준 전세사기 피해자는 3만6000명으로 평균 회수예상금액은 3357만 원, 회수율은 48.8%로 예상됐다. 피해자 채권을 정부가 먼저 인수하고 이에 대한 구상권을 행사할 경우 2조4000억 원 규모 예산이 들 것으로 추산됐다. 전세사기 구제 방식으로 거론되는 선구제 후회수는 회수율이 낮고 형평성 논란을 낳고 있다는 지적이 나온다. 익명을 요구한 부동산 업계 관계자는 “전세사기와 깡통전세를 명확히 구분하지 않은 채 보증금 미반환 사례를 모두 사기로 간주해 보상할 경우 정부 재정 부담이 감당하기 어려운 수준으로 확대될 수 있다”고 우려했다. 이어 “선구제 방식은 고의적인 피해를 유도할 가능성도 있다”며 “전세사기 피해자 구제가 시작되면 다른 금융사기 피해자와의 형평성 논란도 불가피하다”고 말했다. 전세사기 재발을 막기 위해서는 예방 중심의 제도 개편이 필요하다는 지적도 나온다. 정택수 경제정의실천시민연합 부동산국책사업팀 부장은 “주택 가격 대비 전세보증금 비율이 지나치게 높은 상황에서도 대출과 보증이 쉽게 이뤄지면서 사기 구조가 고착화됐다”고 지적했다. 이어 “주택 가격 전액을 보증하는 방식이 아니라 일정 비율까지만 공적 보증을 제공해 시장의 자율적 판단을 유도해야 한다”며 “임대인의 반환보증 의무 가입과 주택 가격 검증 절차 강화도 필요하다”고 조언했다.",failed
전세사기 특별법 / 피해자 구제,전세사기 특별법 / 피해자 구제 관련 세부 쟁점,전세사기 특별법 / 피해자 구제;dailian.co.kr;정책,https://www.dailian.co.kr/news/view/1586350/?sc=Naver,"李, 전세사기 ‘선구제 후회수’ 다시 쏘아 올렸지만…실행 가능성 ‘물음표’",dailian.co.kr,갈등_구도,중립적,정부,"'李, 전세사기 ‘선구제 후회수’ 다시 쏘아 올렸지만…실행 가능성 ‘물음표’' 기사에서 dailian.co.kr가 어떤 주체와 강조점을 전면에 두는지 기준으로 생성한 mock 태깅 결과입니다.","국토부, 대통령 지시에 폐기됐던 전세사기 특별법 토대로 검토 “전세사기에만 정부 개입”…보이스피싱·다단계와 형평성 논란 LH 경·공매도 활발한데…선구제 기준 마련도 어려워 ⓒ데일리안 DB 전 정권에서 무산됐던 전세사기 피해자에 대한 선(先)구제 후(後)회수 조치가 시행될 가능성에 무게가 실린다. 이재명 대통령이 직접 정부의 책임을 강조하며 제도 검토를 지시하면서다. 다만 다른 사기 사건과의 형평성 논란, 선구제를 위한 기준 설정의 어려움 등이 문제로 꼽혀 제도 실행력이 뒷받침되긴 어렵단 지적이 나온다. 16일 국토교통부 등에 따르면 전세사기 피해 회복을 위해 선구제 후회수를 실시하는 방식이 논의되기 시작했다. 이는 이 대통령의 지시에 따른 것이다. 지난 12일 이 대통령은 국토부 업무보고 중 “정부에서 선지급하고 구상은 정부가 하는 법안을 더불어민주당이 내고 통과도 됐는데 이전 정부에서 거부당했다”며 “공식적으로 약속한 것인데 약속은 지켜야 한다. 준비해서 별도로 보고하라”고 지시했다. 선구제 후회수는 전세사기 피해자에게 공공이 일정 수준 먼저 보상하고 후에 임대인에 대한 구상권 청구나 전세사기 주택 경·공매를 통해 회수하는 것을 의미한다. 지난해 5월 21대 국회에서 당시 야당이었던 더불어민주당 주도로 선구제 후회수 방안을 골자로 한 ‘전세사기피해자 지원 및 주거안정에 관한 특별법’이 통과됐으나 윤석열 전 대통령의 재의요구권(거부권) 행사로 폐기된 바 있다. 국토부에선 폐기됐던 해당 법안 내용을 토대로 제도화 방안에 대한 검토를 나섰다. 주택도시보증공사(HUG) 등 공공기관이 전세사기 피해자의 임차보증금 반환채권을 평가해 주택도시기금으로 매입한 뒤 최우선변제금 수준 이상의 보증금 일부를 지급하고 향후 전세사기 주택을 매각하는 방식으로 자금을 회수하는 방식이다. 문제는 해당 내용 법제화될 시 사회적 혼란이 초래될 수 있다는 것이다. 다단계나 보이스피싱과 달리 전세사기에만 정부가 직접 개입한다는 형평성 논란이 발생할 수밖에 없고 주택시장 안정을 위해 조성된 주택도시기금을 활용하는 데에도 사회적 공감대를 형성하기 쉽지 않을 것으로 예상된다. 형평성 논란을 차치하더라도 회수가 어려운 부실채권으로 전락한 임차보증금 반환채권에 대한 평가 기준을 세우는 것이 어려워 제도화가 사실상 불가능하다는 지적이 컸다. 부동산 업계 한 관계자는 “선구제 방안이 도입되더라도 피해 금액 전액을 보상해줄 수는 없다”며 “특히 기금 투입 후 회수를 진행해야 하는데 이 과정에서 문제가 생길 가능성이 높다”고 주장했다. 이에 정부는 한국토지주택공사(LH)가 경·공매를 통해 전세사기 주택을 매입하고 경매차익(감정가-낙찰가)을 활용해 피해자를 지원하는 방안을 마련해 시행 중이다. 매입한 주택은 공공임대로 최대 10년까지 거주 가능하고 퇴거 시 경매차익을 보증금으로 전환해 지원하는 방식이다. 이미 LH가 전세사기 피해주택을 활발히 매입하고 있는 상황에 정책을 설계해야 하는 국토부의 고민도 깊어질 것으로 예상된다. 국토부 관계자는 “선구제 후회수 대안으로 여야가 합의해 경매차익을 활용하는 방안이 시행됐다”며 “이미 1년 넘게 경·공매가 시행돼 해당 주택의 피해자들은 선구제 대상에서 벗어났다”고 설명했다. 그러면서 “일단 해당 내용을 포함해 검토가 필요하다”며 “과거 폐기됐던 법안을 토대로 실제 추진 과정에서의 문제와 현실적인 대안들을 고민하고 있다”고 부연했다. 이와 관련해 조주현 건국대 부동산학과 명예교수는 “자금 배분의 우선순위와 전세사기 피해자에 대한 선구제 후회수 시 형평성에 어긋나는 부분이 없는지 종합적으로 검토해야 할 필요가 있다”며 “실무부서에서 이 같은 원칙을 어기고서라도 제도를 도입해야 한다면 이에 따른 기회비용까지도 제대로 따져보고 판단해야 한다”고 말했다. ©(주) 데일리안 무단전재 및 재배포 금지 0 0 기사 공유 댓글 쓰기 임정희 기자 (1jh@dailian.co.kr) 기사 모아 보기 > 댓글 0 / 150 - 최신순 - 찬성순 - 반대순 0 개의 댓글 전체보기",failed
전세사기 특별법 / 피해자 구제,전세사기 특별법 / 피해자 구제 관련 세부 쟁점,전세사기 특별법 / 피해자 구제;newsprime.co.kr;정책,http://www.newsprime.co.kr/news/article.html?no=716424,전세사기 '선구제 후회수' 논의 재점화…실행 가능성은 미지수,newsprime.co.kr,갈등_구도,중립적,정부,'전세사기 '선구제 후회수' 논의 재점화…실행 가능성은 미지수' 기사에서 newsprime.co.kr가 어떤 주체와 강조점을 전면에 두는지 기준으로 생성한 mock 태깅 결과입니다.,"박선린 기자 | psr@newsprime.co.kr | 2025.12.16 10:34:44 [프라임경제] 전세사기 피해자에게 국가가 일정 부분을 먼저 보전한 뒤 사후에 회수하는 이른바 '선(先)구제 후(後)회수' 방안이 다시 검토 단계에 들어갔다. 피해 규모가 계속 확대되는 가운데 정부 책임론이 재부상했지만, 재정 부담과 형평성 논란, 회수 가능성에 대한 우려가 여전해 제도 도입까지는 적지 않은 난항이 예상된다. 국토교통부에 따르면 전세사기피해지원위원회는 지난 11월 한 달 동안 세 차례 전체회의를 열어 1624건을 심의했고, 이 중 765건을 전세사기 피해자로 추가 인정했다. 이에 따라 위원회 출범 이후 최종 가결된 전세사기 피해자는 총 3만5264명으로 늘어났다. 피해 인정 사례가 꾸준히 증가하면서 보다 직접적인 피해 회복 방안을 요구하는 목소리도 커지고 있다. 이런 상황에서 정부는 전세사기 피해 회복 대안 가운데 하나로 선구제 후회수 방식의 제도화 가능성을 다시 들여다보고 있다. 지난 12일 국토부 업무보고에서 이재명 대통령이 ""정부가 먼저 지급하고 이후 구상권을 행사하는 법안이 이미 국회를 통과했음에도 이전 정부에서 거부됐다""며 ""공식적으로 약속한 사안인 만큼 준비해 별도로 보고하라""고 지시한 이후 관련 검토가 본격화됐다. 선구제 후회수는 세입자가 전세보증금을 돌려받지 못한 경우, 주택도시보증공사(HUG) 등 공공기관이 임차보증금 반환채권을 먼저 매입해 피해자에게 보증금을 지급하고, 이후 해당 주택을 경매나 공매로 처분해 투입 자금을 회수하는 구조다. 이 방안은 이 대통령이 더불어민주당 대표 시절 강하게 추진했던 정책 가운데 하나로, 지난해 국회를 통과했으나 윤석열 전 대통령의 재의요구권 행사로 최종 폐기된 바 있다. 국토부는 당시 법안 내용을 토대로 제도의 현실성을 다시 점검하고 있다. HUG 등 공공기관이 피해자의 반환채권을 평가해 주택도시기금으로 매입하고, 최우선변제금 수준을 웃도는 보증금 일부를 우선 지급한 뒤 향후 전세사기 주택 매각 등을 통해 회수하는 방식이 유력하게 거론된다. 다만 제도가 현실화될 경우 사회적 논란이 불가피하다는 지적도 적지 않다. 다단계 사기나 보이스피싱 등 다른 유형의 사기 피해와 비교해 전세사기에만 국가가 직접 개입하는 것이 타당하냐는 형평성 문제를 피하기 어렵기 때문이다. 특히 주택시장 안정과 서민 주거 지원을 위해 조성된 주택도시기금을 사실상 사기 피해 보전에 활용하는 데 대한 사회적 공감대를 형성하기 쉽지 않을 것이란 관측이 나온다. 주택도시기금은 국민주택채권과 청약저축 등을 재원으로 임대주택 공급, 신생아 특례대출, 디딤돌·버팀목 대출 등 다양한 주거 정책에 사용된다. HUG가 보유한 여유 자금이 아니라 사회 전체를 위해 쓰여야 할 공적 재원이라는 점에서, 이를 임차보증금 반환채권 매입에 활용하는 것이 적절한지를 두고 논란이 이어져 왔다. 실무적인 난제도 만만치 않다. HUG의 전세보증채권 회수율이 70%대까지 개선되긴 했지만 전액 회수에는 이르지 못했고, 이미 부실화된 반환채권의 가치를 어떻게 평가할 것인지에 대한 합리적인 기준도 마련돼 있지 않다. 회수 가능성을 객관적으로 판단할 잣대가 부족하다는 점 역시 제도 설계를 어렵게 만드는 요인으로 꼽힌다. 이같은 이유로 선구제 후회수 방안은 정책 논의 과정에서 여러 차례 등장했지만, 실제 실행 단계로 이어지지 못했다는 평가가 많다. 부동산 업계 한 관계자는 ""선구제가 도입되더라도 피해액 전부를 보전하는 것은 현실적으로 어렵다""며 ""공적 기금을 투입한 뒤 회수가 원활하지 않을 경우 제도 자체가 또 다른 논쟁의 출발점이 될 수 있다""고 말했다. ⓒ 프라임경제(http://www.newsprime.co.kr) 무단전재 및 재배포금지",failed
전세사기 특별법 / 피해자 구제,전세사기 특별법 / 피해자 구제 관련 세부 쟁점,전세사기 특별법 / 피해자 구제;dailypop.kr;정책,http://www.dailypop.kr/news/articleView.html?idxno=99395,전세사기 이후 월세로 몰린 청년들…대안은 기관임대?,dailypop.kr,갈등_구도,중립적,정부,'전세사기 이후 월세로 몰린 청년들…대안은 기관임대?' 기사에서 dailypop.kr가 어떤 주체와 강조점을 전면에 두는지 기준으로 생성한 mock 태깅 결과입니다.,"기관투자자 오피스텔·코리빙 진입…소액 보증금 구조 주목 10·15 대책 이후 투자 위축…장기임대 조건부 지원 필요성 제기 전세사기 피해가 급증한 이후 오피스텔·빌라 등 비아파트 임대시장의 취약성이 다시 부각되고 있다. 전세보증금에 크게 의존하는 개인 임대인 중심 구조에서는 임대인의 재무 상태가 악화될 경우 보증금 미반환 피해로 이어질 수 있다. 실제 전세사기 피해는 20~30대 청년층과 보증금 2억원 이하 비아파트 거주자에게 집중됐다. 자본시장연구원이 발간한 ‘비아파트 월세시장 안정화와 기관투자자의 역할’ 보고서는 전세사기 이후 비아파트 전세 수요가 월세로 이동하고 있다고 분석했다. 다만 공급 구조는 여전히 개인 임대인 중심에 머물러 있어 비대칭과 관리부실, 보증금 반환 위험이 완전히 해소되지는 않은 상황이다. 보증금 리스크 낮춘 기관 임대 보고서에 따르면 최근 국내 비아파트 임대시장에는 CPPIB, 모건스탠리, KKR 등 글로벌 기관투자자들이 진입하고 있다. 이들은 국내 파트너와 공동투자하거나 펀드를 조성해 오피스텔·코리빙 건물을 매입하고 실제 운영은 전문 오퍼레이트에게 맡기는 방식으로 시장에 진출하고 있다. 기관 임대 모델의 가장 큰 차이는 보증금 구조다. 개인 임대인은 수천만원에서 수억원에 이르는 전세보증금을 받는 경우가 많지만, 기관투자자가 운영하는 코리빙 시설은 통상 1~2개월치 월세 수준의 소액 보증금을 받거나 월세 선납 방식으로 계약을 체결한다. 이 경우 임차인은 수억원의 목돈을 맡길 필요가 없다. 임대인의 재정 악화가 곧바로 대규모 보증금 미반환 사태로 이어질 가능성도 낮다. 전세사기의 구조적 원인이 개인 임대인에 대한 과도한 보증금 의존이었다는 점을 고려하면 기관 임대 모델은 청년 임차인의 리스크를 줄이는 대안이 될 수 있다. 관리 품질 개선도 기대되는 부분이다. 기관투자자는 건물 전체를 매입하거나 신축·리모델링을 통해 공급을 늘리는 경우가 많다. 전문 운영사가 계약, 시설 관리, 민원 대응을 맡으면 개인 임대인 중심 시장보다 관리 수준이 높아질 가능성이 있다. 미국에서는 기관투자자 진입 이후 일부 지역 임대료가 하락했지만 주택 매입 수요가 늘면서 매매가격 상승도 함께 나타났다. 다만 한국은 상황이 다르다는 설명이다. 기관투자자에게 열린 시장이 아파트 중심 주택시장이 아닌비 비아파트 임대시장인 만큼 전체 주택가격 상승으로 번질 가능성은 제한적이라는 것이다. 청년층 입장에서는 역세권과 업무지구 인근 오피스텔·코리빙 공급 확대가 주거 선택지를 넓힐 수 있다. 자가 취득은 어렵지만 직장과 가까운 곳에 살고 싶은 2030에게 관리형 임대주택은 현실적인 대안이 될 수 있다. 월세 부담이 안정되면 목돈이 필요한 전세 의존도도 낮아질 것이라는 분석이다. 투자 막히면 공급 확대도 어렵다 문제는 정책 환경이다. 지난해 10·15 부동산 대책으로 서울 전역이 조정대상지역으로 지정되면서 신규 매입 시 취득세 중과가 적용됐다. 민간매입임대주택에 대한 종합부동산세 합산배제 혜택도 제외됐다. 이에 따라 임대주택 취득·보유 비용이 늘었고 국내 시장에 진입하던 해외 기관투자자들이 신규 투자를 보류하는 상황이 이어지고 있다. 월세 안정화와 양질의 임대주택 공급을 목표로 한다면 기관투자자가 계속 참여할 수 있는 제도적 환경이 필요하다는 지적이 나온다. 이에 장기 임대를 조건으로 하는 기관투자자에 대한 세제 지원을 선별적으로 복원하는 방안을 검토할 필요성이 제기된다. 10년 이상 임대의무를 부담하고 임대료 인상을 연 5% 이내로 제한하는 조건을 수용한 기관투자자에게는 지원을 유지해 공급 확대와 투기 억제를 함께 달성할 수 있다는 설명이다.",failed
전세사기 특별법 / 피해자 구제,전세사기 특별법 / 피해자 구제 관련 세부 쟁점,전세사기 특별법 / 피해자 구제;khan.co.kr;정책,https://www.khan.co.kr/article/202606042032005,"[책과 삶]‘성실하게 망해버린’ 청년들의 구제, 국가의 의무다",khan.co.kr,갈등_구도,중립적,정부,"'[책과 삶]‘성실하게 망해버린’ 청년들의 구제, 국가의 의무다' 기사에서 khan.co.kr가 어떤 주체와 강조점을 전면에 두는지 기준으로 생성한 mock 태깅 결과입니다.","청년파산 박기태 지음 메디치미디어 | 352쪽 | 2만2000원 ‘성실하게 망해버린 사람들’이라는 부제가 눈을 사로잡는다. 12년 차 도산·손해배상 전문 변호사인 저자는 최근 몇년간 자신의 사무실을 찾는 이들의 연령대가 낮아지고 있다고 느꼈다. “이제 갓 대학을 졸업했거나 사회생활을 시작한 지 몇년 되지 않은 2030 청년들이 (사무실을) 채우기 시작했다.” 저자는 사회가 청년들을 빚의 굴레에 묶이도록 내몰고는 모른 척한다고 비판한다. 사회가 부추긴 건 조급증이다. 취업은 어렵고, 직장에 들어가도 노동소득만으로는 ‘내 집 마련’은 꿈꿀 수조차 없다. 초반부는 ‘성실하게 망한’ 사례를 재구성해 보여준다. 2억원의 전세사기를 당한 사회초년생 부부의 삶이 어떻게 서로에 대한 원망으로 망가지는지, 학자금 대출을 갚지 못해 신용불량자가 된 20대 청년이 어떻게 신용카드 리볼빙 등 더한 수렁으로 빠지는지를 이야기한다. 빚에 허덕이는 청년은 쉽게 사기 범죄의 표적이 된다. 완전무결한 피해자만 있는 건 아니다. 사설 생활비 대출을 받아보려다가 보이스피싱에 연루되거나, 게임의 탈을 쓴 도박·투기를 조장하는 리딩방에 혹해 전 재산을 잃은 이들도 있다. 그러나 저자는 찰나의 잘못된 선택으로 이들이 사회에서 평생 기회를 받지 못한다면, 그것이 오히려 국가적 손실일 것이라고 말한다. 책은 후반부에 청년들에게 더 가닿을 수 있는 회생·파산 제도를 제안한다. 넘어야 할 것은 ‘빚쟁이는 중죄인’이라는 인식이다. 저자는 우리가 흔히 채권자를 ‘개인’으로 상상하는 것과 달리 실제 채권자의 90% 이상은 거대 금융기관이라고 짚는다. 더 나아가 사회에 투기와 금융사기가 성행하게 된 데에는 국가와 은행도 일정 부분 책임이 있다고 본다. 저자는 회생·파산 제도는 “국가가 베푸는 시혜가 아니다”라며 “설계 결함이 있는 게임에 참여시킨 시민에 대한 최소한의 보장이자 국가의 의무”라고 말한다.",failed
전세사기 특별법 / 피해자 구제,전세사기 특별법 / 피해자 구제 관련 세부 쟁점,전세사기 특별법 / 피해자 구제;ccdailynews.com;정책,https://www.ccdailynews.com/news/articleView.html?idxno=2419918,결혼 앞 현실수업에 몰린 대덕 청년들,ccdailynews.com,갈등_구도,중립적,정부,'결혼 앞 현실수업에 몰린 대덕 청년들' 기사에서 ccdailynews.com가 어떤 주체와 강조점을 전면에 두는지 기준으로 생성한 mock 태깅 결과입니다.,"주거 불안 해법 부부생활 설계 출산준비 교육 결혼을 결심한 이들이 가장 먼저 마주하는 것은 예식장이 아니라 집값, 전세 계약, 세금, 건강, 육아라는 현실이다. 대전시 대덕구가 이 지점을 겨냥해 예비부부와 신혼부부를 위한 '결혼실전아카데미'를 열고, 결혼 이후의 삶을 미리 준비하는 생활 밀착형 교육에 들어갔다. 지난 1일 한남대학교 평생교육원에서 개강한 이번 과정은 저출생 대응을 선언에 머물게 하지 않고, 청년 세대가 체감하는 불안 요소를 하나씩 줄이는 데 무게를 둔 프로그램이다. 참가자 반응도 빨랐다. 한남대학교 평생교육원 홈페이지를 통해 수강생을 모집한 결과, 접수 시작 2주 만에 40명 정원이 모두 채워졌다. 결혼과 출산을 준비하는 과정에서 행정이 제공하는 실질 정보에 대한 수요가 적지 않다는 점을 보여주는 장면이다. 교육은 6월 1일~7월 20일까지 매주 월요일 오후 7~9시까지 진행된다. 모두 8회 과정으로 짜인 강의는 결혼생활에서 곧바로 부딪히는 문제들을 중심으로 구성됐다. 개인이 알아야 할 부동산 세금, 전세사기 피해 예방법, 부부 간 소통과 생활 갈등 관리, 임신 준비와 건강관리, 출산 과정, 육아 방법 등이 주요 내용이다. 결혼을 낭만의 영역에만 두지 않고, 주거와 재정, 관계, 돌봄을 함께 설계하는 방식이다. 특히 전세사기 예방과 부동산 세금 강의는 청년층의 주거 불안을 직접 겨냥했다. 신혼 초기에 잘못된 계약이나 세금 문제를 겪으면 가정의 출발 자체가 흔들릴 수 있는 만큼, 사전 교육의 의미가 크다. 임신과 출산, 육아 강의 역시 막연한 권유가 아닌 준비 과정 중심으로 운영된다. 참여자들은 부부가 함께 건강 상태와 생활 계획을 점검하고, 출산 이후 양육 환경까지 구체적으로 그려보는 시간을 갖게 된다. 구는 한남대학교와 2025년 체결한 업무협약을 바탕으로 결혼과 출산 친화 분위기 조성 사업을 이어가고 있다. 이번 아카데미도 대학의 교육 인프라와 구의 인구정책을 결합한 협력 모델이다. 구 관계자는 ""예비부부와 신혼부부가 결혼생활에 필요한 정보를 실제 생활 속에서 활용할 수 있도록 과정을 마련했다""며 ""저출생 대응도 주민이 체감할 수 있는 정책과 교육으로 이어지도록 다양한 프로그램을 넓혀가겠다""고 말했다. /대전=이한영기자",failed
6·3 지방선거 투표용지 부족 / 선거관리 논란,지방선거 투표용지 부족 사태에 대한 야당의 국정조사 요구,지방선거;투표용지 부족;국정조사;선거관리 부실,https://www.chosun.com/politics/assembly/2026/06/05/EB3PO77NEJCAPBJWZSEAU4UD6I/?utm_source=naver&utm_medium=referral&utm_campaign=naver-news,與 “ 투표용지 부족 사태 국정조사 추진할 것”,chosun.com,갈등_구도,부정적,더불어민주당 한병도 원내대표,선거 관리 부실 사태를 비판하며 야당이 국정조사를 추진하는 정치적 갈등 상황을 다루고 있습니다.,"더불어민주당 한병도 원내대표는 5일 6.3 지방선거 투표용지 부족 사태와 관련, 국회 차원의 국정조사를 진행하겠다고 밝혔다. 이날 한 원내대표는 기자들과 만나 “이번 투표용지 부족사태는 이해도, 납득도 가지 않고...",partial
6·3 지방선거 투표용지 부족 / 선거관리 논란,투표용지 부족 사태에 따른 선관위 책임론 및 국정조사 추진,투표용지 부족;선관위 개혁;국정조사;선관위원장 사퇴,https://www.mt.co.kr/politics/2026/06/05/2026060517395727263,"민주당 ""투표용지 사태 국정조사 하겠다...선관위 개혁 과감히 추진"" - 머니투데이",mt.co.kr,제도개선,중립적,더불어민주당,투표용지 부족 사태에 대한 정치권의 대응과 선관위 지도부의 사퇴 및 국정조사 추진 과정을 객관적으로 전달하고 있습니다.,"[the300](상보) 더불어민주당이 6.3 전국동시지방선거 당일 발생한 투표용지 부족 사태에 대한 국정조사를 추진한다. 한병도 민주당 원내대표는 5일 기자들과 만나 ""이번 사태에 대한 국정조사를 추진하는 한편 선관위가 국민 신뢰를 받을 수 있도록 개혁을 과감하게 추진하겠다""고 했다. 사태 여파가 계속되는 가운데 노태악 선관위원장은 이날 오후 기자회견을 열고 ""책임을 피하지 않겠다""며 사퇴 의사를 밝혔다. 허철훈 선관위 사무총장 역시 사태에 대한 책임을 지고 사의를 표한 것으로 전해졌다. 한 원내대표는 ""노 위원장이 사퇴를 선언했지만 그냥 넘어갈 수는 없다""며 ""국정조사를 통해 경위를 제대로 파악해야 다시는 이런일이 발생하지 않을 것""이라고 했다. 이어 ""근본적으로는 선관위 내에 어떤 문제가 있는지까지 다 들여다볼 생각""이라고 덧붙였다. 야당인 국민의힘은 투표용지 부족 사태에 대해 선관위 책임론을 띄우며 그간 민주당이 국정조사를 요구해 왔다. 그러면서 민주당이 국정조사를 수용하지 않을 경우 특검으로 가야 한다고 압박했다. 한 원내대표는 ""국정조사에 대해 여야 간 이견이 없을 것 같다""며 ""(조정식) 국회의장이 오늘 선출됐으니 조 의장은 물론 야당 측과 얘기를 나눠 바로 빠르게 추진할 방법을 검토해보겠다""고 했다. 다만 야당과 국조 방식에 대해 논의하지는 않았다고 했다. 당장 특검 등을 검토하지는 않는 모습이다. 그는 ""국정조사 정도면 선관위 조직 내 문제나 이번 사태의 실체를 파악하는 데 어려움이 없을 것으로 본다""고 했다.",ok
6·3 지방선거 투표용지 부족 / 선거관리 논란,투표용지 부족 사태에 대한 야당의 특검 도입 요구 및 대통령 책임론 제기,투표용지 부족;특검 도입;참정권 침해;선관위 책임;대통령 비판,https://news.tvchosun.com/site/data/html_dir/2026/06/05/2026060590146.html,"野 김재섭 ""'투표용지 부족 사태' 특검 해야…李 대통령 왜 가만히 있나""",news.tvchosun.com,국가책임,부정적,김재섭 국민의힘 의원,투표용지 부족 사태를 헌정 위기로 규정하고 특검 도입과 대통령의 책임 있는 대응을 촉구하는 야당의 입장을 중심으로 서술되었습니다.,"野 김재섭 ""'투표용지 부족 사태' 특검 해야…李 대통령 왜 가만히 있나"" 등록: 2026.06.05 오전 11:33 수정: 2026.06.05 오후 12:46 국민의힘 김재섭 의원이 5일 6.3 지방선거 투표용지 부족 사태와 관련해 ""단순히 선거무효소송 등을 살필 것이 아니라 특검을 통해 그 원인을 분명하게 밝혀야 한다""고 주장했다. 김 의원은 이날 페이스북에 글을 올려 ""이번 투표용지 부족사태는 보통선거의 원칙을 위반하고 국민의 참정권을 침해한 반헌법적인 사태""라며 이같이 말했다. 그러면서 ""누가 이 방침을 결정했는지, 어느 선에서 승인이 이루어졌는지, 또 현장에서 문제를 인지하고도 왜 신속한 조치가 이루어지지 않았는지, 이 모든 것이 아직 베일에 싸여 있다""고 지적했다. 이어 ""단순한 행정 실수인지, 구조적 부실인지, 아니면 그 이상의 무언가가 있는지는 선관위 스스로의 조사만으로는 규명할 수 없다""며 ""바로 이 지점에서 특검의 필요성이 제기된다""고 했다. 김 의원은 ""독립기관의 내부 결정과 지휘 체계를 일반 수사기관이 온전히 파헤치기에는 구조적 제약이 따른다""며 ""오직 특검만이 그 벽을 넘을 수 있다""고 강조했다. 아울러 ""특검 도입은 부정선거 음모론의 확산을 막기 위해서도 필요하다""며 ""철저하고 독립적인 수사를 통해 사실관계를 낱낱이 밝히는 것만이, 근거 없는 음모론을 차단하고 우리 선거제도에 대한 국민의 신뢰를 회복하는 유일한 길""이라고 말했다. 김 의원은 또 ""하루가 머다하고 SNS에 글을 쓰는 이재명 대통령이 선관위 사태에 대해서는 책임있는 언급이 없다""며 ""관련자들에 대한 문책도 아직 이루어지지 않고 있다""고 비판했다. 그러면서 ""헌정 위기에 버금가는 이 사태에 대해 대통령은 책임있게 행동하라""며 ""이토록 심각한 상황에 대통령은 왜 갑자기 입꾹닫을 하고, 가만히 있느냐""고 꼬집었다. Copyrights ⓒ TV조선. 무단전재 및 재배포 금지",ok
6·3 지방선거 투표용지 부족 / 선거관리 논란,지방선거 투표용지 부족 사태에 대한 대통령의 책임 규명 지시,투표용지 부족;선거관리 부실;참정권 침해;대통령 지시;선거 행정,https://www.nocutnews.co.kr/news/6528073?utm_source=naver&utm_medium=article&utm_campaign=20260604051245,"李, 투표용지 부족사태에 ""이유 밝히고 명확히 책임 물어야""[영상]",nocutnews.co.kr,국가책임,부정적,이재명 대통령,"투표용지 부족 사태로 인한 국민의 참정권 훼손을 비판하고, 정부 차원의 철저한 진상 규명과 재발 방지 대책을 강조하는 내용을 담고 있습니다.","이재명 대통령은 4일 6.3지방선거에서 발생한 투표용지 부족 사태에 대해 ""관계기관은 행정부가 가진 권한과 책임을 모두 사용해서 문제 발생 이유를 명확하게 밝히고, 또 책임질 것이 있다면 명확하게 책임을 물어야 되겠다""고 밝혔다. 그는 ""모든 국가기관은 국민의 신성한 참정권 행사 과정에 조금의 빈틈이 없도록 만반의 준비를 다해야 될 책무가 있다""며 ""그런데 아쉽게도 어제 서울 일부 지역에서 투표용지 부족으로 주민들이 큰 혼란과 불편을 겪으셨다고 한다""고 전했다. 앞서 전날 오후 서울 송파구의 12개 투표소와 강남구 1개 투표소, 광진구 1개 투표소에서는 투표용지가 부족해 유권자들이 투표를 하지 못한 채 대기하는 일이 벌어졌다. 이에 일부 시민들이 잠실7동 제2투표소에 모여 투표함 반출 저지에 나섰고, 중앙선거관리위원회는 해당 투표함을 개함해야 해당 선거구에서 투표를 하는 후보에 대한 당선인 결정이 가능하다며 설득을 진행 중이다. 이 대통령은 ""국민의 참정권이 한 치라도 훼손되는 일이 다시는 발생하지 않도록 신뢰할 만한 적절한 대책을 조속하게 마련해 주기 바란다""고 지시했다. 그러면서 ""정부도 지방선거에 담긴 우리 국민들의 뜻을 겸허하게 받들어 소속 정당 여부와 관계없이 새로 선출된 지방 정부와 적극적으로 협력하겠다""며 ""모든 국민의 마음을 모아 국민 삶의 진전과 대한민국의 발전에 온 힘을 쏟겠다""고 약속했다. 이날부터 시작된 국민주권정부 집권 2년차와 관련해서는 ""모든 공직자들은 신발 끈을 다시 한 번 단단히 묶고 국정 속도 배가에 총력을 기울여 주기 바란다""고 말했다. 그러면서 여름철 폭우와 지방선거로 인한 지방정부 리더십 공백 등을 고려한 선제적 재난 대응, 휴게시설 개선 등 노동자의 휴게권 보장 등을 구체적으로 주문했다.",ok
6·3 지방선거 투표용지 부족 / 선거관리 논란,투표용지 부족 사태에 따른 선거 무효 및 재선거 주장,투표용지 부족;선거관리 부실;재선거 요구;국정조사;선관위 책임론,https://www.busan.com/view/busan/view.php?code=2026060514572182762,나경원 '이겼다고 투표용지 부족 넘어가선 안돼… 재선거해야',busan.com,국가책임,부정적,나경원 의원,투표용지 부족 사태를 민주주의 정당성 훼손으로 규정하고 선관위의 책임과 재선거를 강력히 요구하는 나경원 의원의 입장을 중심으로 보도하고 있습니다.,"나경원 ""이겼다고 투표용지 부족 넘어가선 안돼… 재선거해야"" - 가 김주희 부산닷컴 기자 zoohihi@busan.com 국민의힘 나경원 의원이 6.3 지방선거 투표용지 부족 사태에 대해 ""유권자의 주권을 원천 침해한 선거 무효 사유에 해당할 만큼 중대한 하자""라며 재선거를 주장했다. 앞서 6·3 지방선거 본투표일인 지난 3일 서울 강남구, 광진구, 송파구 등 일부 투표소에서 투표용지가 부족해 유권자들이 대기하는 상황이 벌어졌다. 잠실7동 제2투표소의 경우는 대기표를 배부받은 유권자만 마감 시간을 당일 오후 10시까지 연장했다. 이후 부정선거 등을 주장하는 시위대가 잠실7동 제2투표소를 봉쇄해 투표함 두 개가 이송되지 못하다 이날 오전 경찰력을 동원한 끝에 개표소로 이송됐다. 약 2000명의 투표지가 들어간 투표함 두 개의 개표가 늦어진 탓에 6·3 지방선거 전체 개표 완료 선언도 지연되고 있다. 이와 관련해 나 의원은 자신의 SNS에 ""우리 당 후보가 당선되었다고 해서 이 사태를 결코 유야무야 넘어가서는 안 된다. 단 한 표라도 절차적 하자와 불신이 남는다면 그 선거는 민주주의의 정당성을 상실한 것""이라는 글을 올렸다. 나 의원은 ""2022년 독일 베를린 지방선거 당시, 헌법재판소는 투표용지 부족과 투표 시간의 임의 연장, 그리고 그 과정에서 발생한 출구조사 오염을 이유로 선거 전체를 무효로 판결하고 전면 재선거를 명령했다""면서 ""당시 독일 헌재는 국가 행정의 오류로 인해 선거의 평등성과 공정성이 훼손되었다면, 표 계산의 승패나 당선 여부와 상관없이 선거 자체의 정당성이 완전히 상실된다고 엄중히 판시했다""고 언급했다. 이어 ""이미 선거 무효 소송 등 법적 절차가 예고된 만큼, 지금 선관위가 무리하게 강행하는 개표는 사법적 판단에 의해 결국 무효가 될 시한부 개표에 불과하다""고 지적했다. 그는 ""먼저 국회 본회의에서 여야 합의로 ‘국정조사안’을 우선 통과시켜야 한다""며 ""국회의장단 선출의 선행 조건으로 선관위 투표용지 부족 사태에 대한 국정조사 실시를 여야 합의로 명문화하고 즉각 처리해야 한다""고 밝혔다. 또 ""선거 당일 유권자에게 줄 용지가 없어 참정권을 박탈한 것은 선거 관리 기관으로서의 파산 선고""라며 ""선관위 수장은 이 사태의 책임을 지고 오늘 당장 자리에서 물러나야 한다""고 주장했다. 나 의원은 ""이번 사태는 유권자의 주권을 원천 침해한 선거 무효 사유에 해당할 만큼 중대한 하자""라면서 ""사법부의 판결을 통해 독일의 선례처럼 선거 결과의 승패와 상관없이 전면 재선거가 치러지도록 해야한다""고 강조했다. 한편 노태악 중앙선거관리위원장이 5일 오후 4시 경기도 과천 선관위에서 투표용지 부족 사태에 대한 대국민 사과를 할 계획이다. 김주희 부산닷컴 기자 zoohihi@busan.com ⓒ 부산일보(www.busan.com), 무단전재 및 수집, 재배포금지",ok
6·3 지방선거 투표용지 부족 / 선거관리 논란,투표용지 부족 사태에 따른 선관위원장 사의 표명,선관위;투표용지부족;사의표명;선거관리부실;책임론,https://www.yna.co.kr/view/AKR20260605117800001?input=1195m,"노태악 선관위원장 '투표지 사태'에 사의 표명…""책임 통감"" | 연합뉴스",yna.co.kr,국가책임,부정적,노태악 중앙선거관리위원장,선거 관리 부실 사태에 대해 선관위원장이 책임을 지고 사의를 표명하며 재발 방지를 약속하는 내용을 다루고 있습니다.,"노태악 중앙선거관리위원장이 6·3 지방선거 투표용지 부족 사태와 관련해 5일 사의를 표명했다. 이어 ""허철훈 사무총장은 사무처의 수장으로서 이번 사태에 대한 책임을 지겠다고 사의를 표명했다""고 전했다. 노 위원장은 ""투표 참여로 보여주신 지방자치에 대한 국민의 높은 관심과 적극적인 의사표시를 투표용지 부족 사태로 손상시켰다""며 ""나아가 선거 관리에 대한 국민의 신뢰를 훼손해 선거 과정에 대한 불신으로 이어지는 상황에 대해 선관위원장으로서 참담함과 함께 무한한 책임감을 느낀다""고 말했다. 인공지능이 자동으로 줄인 '세 줄 요약' 기술을 사용합니다. 전체 내용을 이해하기 위해서는 기사 본문과 함께 읽어야 합니다. (서울·과천=연합뉴스) 김정진 정연솔 기자 = 노태악 중앙선거관리위원장이 6·3 지방선거 투표용지 부족 사태와 관련해 5일 사의를 표명했다. 노 위원장은 이날 오후 과천청사에서 대국민 사과를 통해 ""모든 사태에 대한 책임을 통감한다""며 ""중앙선관위원장 직에서 물러나겠다""고 밝혔다. 이어 ""허철훈 사무총장은 사무처의 수장으로서 이번 사태에 대한 책임을 지겠다고 사의를 표명했다""고 전했다. 노 위원장은 ""투표 참여로 보여주신 지방자치에 대한 국민의 높은 관심과 적극적인 의사표시를 투표용지 부족 사태로 손상시켰다""며 ""나아가 선거 관리에 대한 국민의 신뢰를 훼손해 선거 과정에 대한 불신으로 이어지는 상황에 대해 선관위원장으로서 참담함과 함께 무한한 책임감을 느낀다""고 말했다. 아울러 ""국회 차원의 국정조사 등 이번 사태에 관한 선관위의 책임을 확인하는 모든 절차에 성실하게 임하고 이후 그 결과에 따라 책임져야 할 일이 있다면 결코 회피하지 않을 것""이라고 강조했다. 선관위는 외부 전문가들로만 구성된 진상규명위원회를 꾸려 이번 사태의 원인을 파악하고 재발 방지책을 마련할 계획이다. 노 위원장은 ""이런 일이 재발하지 않도록 가능한 신속하게 진상규명위를 설치해 투표용지 부족 사태가 발생하게 된 근본적인 원인과 문제점, 대응 과정을 파악하고 재발 방지를 위한 개선방안 등을 마련해 모든 결과를 소상히 밝히겠다""고 설명했다. 앞서 제9회 지방선거 본 투표일인 지난 3일 서울 강남구·광진구·송파구 등 일부 투표소에서 투표용지 부족으로 유권자들이 대기하는 상황이 벌어지면서 선관위의 선거 관리 부실에 대한 비판 여론이 커지고 있다. 특히 부정선거를 주장하는 시위대에 의해 봉쇄됐던 잠실7동 제2투표소는 이날 오전에서야 경찰 1천여명이 투입돼 2박3일 만에 투표함 두 개가 반출됐다.",ok
6·3 지방선거 투표용지 부족 / 선거관리 논란,선관위의 투표용지 부족 사태 원인 규명 및 재발 방지 대책,선거관리위원회;투표용지 부족;선거 관리 부실;재발 방지 대책;국정조사 요구,https://www.newsis.com/view/NISX20260605_0003658380,"선관위 ""투표용지 부족 사태 총 50곳…투표 중지는 22곳서 발생""",newsis.com,제도개선,중립적,중앙선거관리위원회,"투표용지 부족 사태에 대한 선관위의 공식 입장과 사과, 그리고 향후 재발 방지를 위한 제도적 개선 의지를 중심으로 보도하고 있습니다.","선관위 ""투표용지 부족 사태 총 50곳…투표 중지는 22곳서 발생"" 부족 발생 투표소 서울 송파 14개로 가장 많아 ""투표용지 매수 선정 기준 및 절차 재점검할 것"" [서울=뉴시스]한은진 기자 = 중앙선거관리위원회는 지난 6·3 지방선거 및 국회의원 재보궐선거 전국 1만4288개 투표소 중 투표용지 부족 사태가 일어난 투표소는 50개소로 파악했다고 5일 밝혔다. 중앙선관위는 이날 오후 경기 과천 중앙선관위에서 대국민 사과 및 상황 브리핑을 열고 투표용지 추가 배부 투표소, 부족 발생 투표소, 투표 대기 발생 투표소 등이 담긴 현황 자료를 공개했다. 중앙선관위 공개 자료에 따르면 투표용지가 부족해 추가로 송부한 투표소는 지역별로 서울 35곳, 부산 8곳, 대구 7곳, 인천 6곳, 울산 3곳, 경남 8곳 등으로 총 67곳이었다. 이중 서울 송파구가 15개로 가장 많았다. 이중 실제 투표용지가 부족했던 투표소는 서울 송파구 14곳을 포함한 서울 33곳, 부산 3곳, 대구 4곳, 인천 6곳, 울산 2곳, 경남 2곳 등 50곳으로 파악됐다. 투표용지 부족 상황으로 투표자가 대기해야 하는 상황까지 발생했던 투표소는 서울 송파구 12곳을 비롯해 강남구 4곳, 광진구 2곳, 서초구 1곳 등 서울 총 19곳과 인천 연수구 3곳으로 총 22곳이었다. 이외 투표용지를 추가로 송부했으나 사용하지 않은 투표소는 서울 2곳, 부산 5곳, 대구 3곳, 울산 1곳, 경남 6곳 등 전국 17개 투표소였다고 전했다. 중앙선관위는 투표용지를 100% 인쇄하지 않고 선거인수의 50%를 기준으로 감축인쇄한 이유에 대해 ""최근 선거에서 지속적으로 사전투표율이 증가해 사전투표율이 높은 지역은 투표용지가 과다하게 남는 경향이 있었다""며 ""이후 회수·보관·폐기 과정을 고려할 때 선거일 투표소에서 사용하는 투표용지를 감축해 인쇄할 필요성이 있다는 내부 의견이 있었다""고 설명했다. 이어 ""실제 선거일 투표에 사용되는 투표용지는 사전투표를 한 선거인이 빠지기 때문에 선거인수의 100%를 인쇄할 필요는 없다""고 부연했다. 그러면서도 ""관내 투표소별 선거인수와 사전투표 결과, 선거일 투표진행 상황 등을 감안하지 못해 투표용지 부족상황이 발생했다. 투표용지 인쇄 매수 선정 기준과 절차를 전반적으로 재점검해 재발방지 대책을 수립하겠다""고 덧붙였다. ◎공감언론 뉴시스 [email protected] Copyright © NEWSIS.COM, 무단 전재 및 재배포 금지 관련기사 - 노태악, '투표용지 부족' 사태에 사의…""서울·인천 22곳서 투표중지·재개""(종합) - 靑 ""노태악 사의 표명 무겁게 받아들여…선관위 충분히 소명해야"" - 잠실 개표소도 봉쇄…'재선거' 요구 시위 2000명 집결(종합2보) - 송파구 개표 완료되자…서울시의회 1석 민주→국힘으로 - 김 총리 ""투표용지 부족 사태 묵과 못해…필요하면 국정조사나 특검 해야"" - 한병도 ""선관위 '투표용지 부족' 사태 국정조사 추진할 것"" - 국힘 ""노태악 사퇴로 꼬리 자르기 안 돼…특검 도입 검토해야"" - 대학가 총학 '투표용지 부족' 규탄 성명…""선관위 진상 규명하라""(종합)",ok
6·3 지방선거 투표용지 부족 / 선거관리 논란,선관위원장 사퇴 및 투표용지 부족 사태 책임 규명,선거관리위원회;투표용지 부족;참정권 침해;진상규명;공직자 사퇴,https://www.joongang.co.kr/article/25434253,[속보] 노태악 선관위원장 사퇴 “투표용지 부족 사태 송구” | 중앙일보,joongang.co.kr,국가책임,부정적,노태악 중앙선거관리위원장,투표용지 부족 사태에 대한 선관위의 책임을 인정하고 위원장이 사퇴하는 과정을 다루며 국가 기관의 관리 부실을 강조하고 있다.,"노태악 중앙선거관리위원장이 5일 잠실 등 서울지역 일부 투표소 투표용지 부족 사태에 대해 책임을 지고 사퇴했다. 허철훈 선관위 사무총장도 사의를 표명했다. 노 위원장은 이날 오후 4시 경기도 과천 선관위에서 대국민 사과문을 발표하고 “모든 사태에 대한 책임을 통감하고 중앙선관위원장 직에서 물러나겠다”고 했다. 또 “허철훈 사무총장은 사무처의 수장으로서 이번 사태에 대한 책임을 지겠다고 사의를 표명했다”고 밝혔다. 그는 “지난 6월 3일 실시된 제9회 전국동시지방선거 시 일부 지역의 투표소에서 발생한 투표용지 부족 사태로 국민께 심려를 끼쳐 송구스러운 마음을 금할 길이 없다”며 “국민에게 심려를 끼친 점 다시 한번 머리 숙여 사죄 말씀을 드린다”고 밝혔다. 노 위원장은 “오늘 송파구선거관리위원회 개표를 끝으로 이번 지방선거는 모두 마무리됐다”며 “투표 참여로 보여준 지방자치에 대한 국민의 높은 관심과 적극적인 의사표시를 투표용지 부족 사태로 손상했다”고 말했다. 그는 “선거 관리에 대한 국민 신뢰를 훼손해 선거 과정에 대한 불신으로 이어지는 상황에 대해 위원장으로 참담함과 무한한 책임감을 느낀다”며 “참정권이라는 국민의 소중한 권리를 침해하는 있어서는 안 될 일이 발생한 것에 변명의 여지가 없다”고 했다. 그러면서 “다시는 이런 일이 재발하지 않도록 가능한 한 신속하게 진상규명위원회를 설치해 투표용지 부족 사태가 발생한 근본적 원인과 문제점, 대응 과정을 파악하고 재발 방지를 위한 개선 방안 등을 마련해 모든 결과를 소상히 밝히겠다”고 말했다. 또 “앞으로 진상규명위 활동이 객관적이고 철저하게 이뤄질 수 있도록 진상규명위 위원들은 모두 외부 전문가로 구성해 운영하겠다”고 했다. 노 위원장은 “국회 차원 국정조사 등 이번 사태에 관한 선관위 책임을 확인하는 모든 절차에 성실하게 임하고 이후 결과에 따라 책임질 일이 있다면 절대 회피하지 않을 것”이라고도 했다.",ok
6·3 지방선거 투표용지 부족 / 선거관리 논란,선관위원장의 투표용지 부족 사태에 따른 사의 표명,중앙선관위;투표용지 부족;노태악 사의;선거 관리 부실;국가 책임,https://imnews.imbc.com/news/2026/politics/article/6828037_36911.html,"노태악 선관위원장, 투표용지 부족 사태에 '사의 표명'‥""책임 통감""",imnews.imbc.com,국가책임,중립적,노태악 중앙선거관리위원장,투표용지 부족 사태에 대한 선관위 수장의 사의 표명과 책임 인정 과정을 객관적으로 전달하고 있습니다.,"노태악 중앙선거관리위원장이 지방선거 투표용지 부족 사태에 책임을 지고 사의를 표명했습니다. 노 위원장은 오늘 오후 경기도 과천 중앙선관위 청사에서 대국민 사과를 통해 ""모든 사태에 대한 책임을 통감한다""며 ""중앙선관위원장직에서 물러나겠다""고 밝혔습니다. 그러면서 ""허철훈 사무총장은 사무처의 수장으로서 이번 사태에 대한 책임을 지겠다고 사의를 표명했다""고 전했습니다. 노 위원장은 ""지방자치에 대한 국민의 높은 관심과 적극적인 의사표시를 투표용지 부족 사태로 손상시켰다""며 ""선거 관리에 대한 국민의 신뢰를 훼손해 선거 과정에 대한 불신으로 이어지는 상황에 대해 선관위원장으로서 참담함과 함께 무한한 책임감을 느낀다""고 말했습니다. 또 ""국회 차원의 국정조사 등 이번 사태에 대한 선관위의 책임을 확인하는 모든 절차에 성실하게 임하고 이후 그 결과에 따라 책임져야 할 일이 있다면 결코 회피하지 않을 것""이라고 강조했습니다. 선관위는 외부 전문가들로만 구성된 진상규명위원회를 꾸려 이번 사태의 원인을 파악하고 재발 방지책을 마련한다는 계획입니다. 정치 김세영 노태악 선관위원장, 투표용지 부족 사태에 '사의 표명'‥""책임 통감"" 노태악 선관위원장, 투표용지 부족 사태에 '사의 표명'‥""책임 통감"" 입력 2026-06-05 16:15 | 수정 2026-06-05 18:42",ok
6·3 지방선거 투표용지 부족 / 선거관리 논란,선관위의 투표용지 수량 예측 실패와 그에 따른 투표 지연 사태 분석,선거관리위원회;투표용지부족;본투표;행정오류;선거행정,https://www.ohmynews.com/NWS_Web/View/at_pg.aspx?CNTN_CD=A0003240773&CMPT_CD=P0010&utm_source=naver&utm_medium=newsearch&utm_campaign=naver_news,'사전투표보다 본투표 선호' 보수층 몰렸는데... 선관위 예측 실패,ohmynews.com,제도개선,부정적,중앙선거관리위원회,선관위의 안일한 투표용지 인쇄 수량 예측이 실제 투표 현장의 혼란과 지연을 초래했음을 데이터 분석을 통해 비판적으로 다루고 있습니다.,"▲ 6월 5일 오후 개표가 종료된 2026년 6.3전국동시지방선거 서울시 송파구 동별 선거인 수 대비 선거일투표수 비율. 송파구선관위가 투표용지를 선거인 수 50% 인쇄했다고 밝힌 가운데, 투표용지 부족 사태가 일어난 잠실7동을 비롯해 송파구 6개 동의 선거일 투표수 비율이 50%를 넘은 것으로 나타났다. (자료: 중앙선거관리위원회 선거통계시스템, 6월 5일 오후 4시 현재 서울시장선거 개표단위별 개표결과) ⓒ 오마이뉴스 김시연 지난 3일 서울시 송파구를 비롯해 강남구, 광진구 등 일부 투표소에서 투표용지 부족 사태가 벌어지자, 오세훈 국민의힘 서울시장 후보 득표율을 낮추려는 의도라는 부정선거 음모론까지 등장했다. 지난 2022년 지방선거 당시 이들 지역에서 오세훈 후보가 상대적으로 높은 득표율을 기록했던 것도 의혹을 부추겼다. 하지만 실제 원인은 사전투표보다 본투표를 선호하는 보수 성향 유권자의 당일 투표가 지난 선거 대비 크게 증가했음에도, 오히려 투표용지 인쇄를 유권자의 50%까지 줄이도록 한 선관위의 예측 실패와 부실 대응 때문이었다. 특히 투표용지를 지방선거 하한선인 전체 유권자수의 50%만 인쇄했던 서울시 송파구의 경우, 투표용지가 부족했던 투표소가 14개소(전국 50개 투표소)로 시군구 가운데 가장 많았고, 이 가운데 12개소는 실제 투표 지연으로 이어졌다.(관련기사 : ""용지 부족 50곳·투표 중지 22곳""...노태악 선관위원장 사퇴 https://omn.kr/2ilc7 ) 잠실7동 등 송파구 6개동은 본투표 비율 50% 초과... 6개동은 40% 미만 ▲ 노태악 중앙선거관리위원장 대국민 사과 노태악 중앙선거관리위원장이 5일 경기도 과천 중앙선거관리위원회에서 투표용지 부족 사태에 대한 대국민 사과를 하고 있다. ⓒ 연합뉴스 중앙선거관리위원회 선거통계시스템(6월 5일 오후 4시 현재 서울시장선거 개표단위별 개표 결과)에 따르면, 송파구 잠실3동이 선거인 수(2만5010명) 대비 선거일투표수(1만4182명) 비율이 56.71%로 가장 높았고, 잠실4동(53.31%), 문정2동(52.08%), 잠실7동(51.93%), 잠실2동(50.48%), 위례동(50.13%) 순이었다. 이밖에 가락1, 2동과 오륜동 등도 각각 49.33%, 49.18% 48.72%로 거의 50%에 육박했다. 반면, 송파구 풍납1동(36.95%)을 비롯해 잠실본동(37.26%), 삼전동(38.24%), 석촌동(38.37%), 마천2동(39.44%), 송파1동(39.73%) 등 6개 동은 본투표 비율이 40% 미만이어서 같은 송파구지만 투표용지 부족이나 투표 지연 사태를 피할 수 있었다. 잠실3동(56.71%)과 풍납1동(36.95%) 본투표 비율 편차는 20%포인트에 달했다. 잠실7동 본투표자 2022년보다 592명 증가... 잠실2동은 2309명 늘어 ▲ 전날 9회 전국동시지방선거 및 국회의원 재·보궐선거 투표용지 부족으로 투표 시간이 오후 10시까지 연장됐던 서울 송파구 잠실7동 제2투표소 앞에서 4일 투표함 반출에 반대하는 시민들과 취재진이 대기하고 있다. 2026.6.4 ⓒ 연합뉴스 6월 3일 18시 기준 서울시 송파구 전체 투표율은 65.82%에서 사전투표율 23.38%를 제외한 선거당일 본투표 비율은 42.43%였다. 산술적으로는 투표용지를 선거인 수의 50%만 인쇄해도 충분했지만, 오세훈 후보 득표율이 높았던 일부 투표소에서 본투표 비율이 급상승하면서 투표용지 부족 사태가 발생했다. 서울시 송파구 투표율이 55%였던 지난 2022년 지방선거 당시 송파구 잠실7동의 전체 선거인 수 대비 본투표수 비율은 43.96%였지만, 이번 선거에는 51.93%로 8%포인트 가까이 상승했다. 오세훈 서울시장과 송영길 더불어민주당 후보가 맞붙은 2022년 당시 잠실7동 본투표수는 3572명이었지만, 오 시장이 정원호 후보와 맞붙은 올해는 4164명으로 592명 늘었다. 반면 관내사전투표자수는 2022년 1832명에서 1600명으로 오히려 232명 줄었다. 송파구 잠실2동도 2022년 본투표자 비율이 41.18%였지만, 올해 50.48%로 9.3%포인트 증가했다. 당일투표자수는 1만304명에서 1만2813명으로 2509명 증가했다. 이렇듯 지방선거 투표율과 본투표자수가 지난 선거보다 증가했는데도, 오히려 투표용지 인쇄를 선거인 수의 50%로 줄인 일부 지역 선관위의 오판이 사상 초유의 투개표 지연 사태로 이어졌다. ""오세훈 후보 득표율 높은 지역에 투표용지를 적게 공급했다"" 검증 결과 이미지 - 검증결과 사실 반 거짓 반 - 주장일 2026.06.03 - 출처 네이버 카페 '무섭다 무서워, 투표용지 부족 서울 14개소' 등 다수 출처링크 - 근거자료",ok
6·3 지방선거 투표용지 부족 / 선거관리 논란,선관위 홍보 영상 내 지역 비하 논란 및 KBS 송출 파문,선관위;KBS;지역비하;혐오표현;검수부실,https://imnews.imbc.com/replay/2026/nwdesk/article/6828083_37004.html,"선관위, 이번에는 홍어 연상 CG 논란‥KBS ""개표방송에도 송출, 사과""",imnews.imbc.com,허위정보_피해,부정적,정치권 및 언론사,공적 기관인 선관위와 공영방송 KBS가 지역 비하 논란이 있는 그래픽을 검수 없이 송출하여 발생한 사회적 파장과 비판을 다루고 있습니다.,"◀ 앵커 ▶ 중앙선거관리위원회가 6.3 지방선거를 앞두고 만든 홍보 영상에, 홍어를 연상시키는 그래픽을 사용해 지역 비하 논란이 일었는데요. 이 영상이 KBS 개표방송에도 쓰이면서 파문이 확산됐고, 결국 KBS는 사과했습니다. 이기주 기자의 보도입니다. ◀ 리포트 ▶ 중앙선거관리위원회 공식 유튜브 채널에 공개됐던 개표 참관인 안내 영상입니다. 영상에는 두 남성이 한숨을 쉬는 장면이 나오는데, ""전부 다 사람 손으로 확인한다고?"" 이 때 홍어를 연상시키는 그림이 등장합니다. 홍어는 일베 등 극우 커뮤니티에서 호남 사람들을 비하할 때 쓰는 표현입니다. 이 영상은 선관위가 KBS 자회사인 KBS N에 외주를 줘 제작한 것으로, 관련 보도가 나올 때까지 영상이 별 다른 제지없이 선관위 유튜브 채널에 올라가 있었습니다. 심지어 KBS는 TV 개표방송에도 이 영상을 사용했는데, 파문이 커지자 결국 공개 사과했습니다. [KBS 뉴스9 (어제)] ""어제 지방선거 개표방송 중에 특정 지역을 비하하는 것으로 비칠 수 있는 동영상 그래픽이 방송된 점에 대해 깊이 사과드립니다."" 해당 영상은 현재 삭제된 상태로, 정치권에서는 '헌법기관인 선관위와 공영방송 KBS가 어떻게 지역 차별과 혐오 표현을 일삼는 일베의 대리인 노릇을 하느냐'는 비난이 쏟아졌습니다. [전진숙/더불어민주당 대변인] ""문제의 본질은 공적 콘텐츠를 다루는 기관으로서 최소한의 검수조차 작동하지 않았다는 데 있습니다. 이는 해당 지역 시민들에게 깊은 모욕감을 주는 일이며‥"" 이에 대해 선관위 관계자는 ""제작 업체가 홍어가 아닌 가오리 모양을 만들려 했던 것으로 알고 있다""며 ""지역 비하 의도는 없었다""고 말했습니다. MBC뉴스 이기주입니다. 영상취재: 전인제, 박다원 / 영상편집: 이지영 MBC 뉴스는 24시간 여러분의 제보를 기다립니다. ▷ 전화 02-784-4000 ▷ 이메일 mbcjebo@mbc.co.kr ▷ 카카오톡 @mbc제보 뉴스데스크 이기주 선관위, 이번에는 홍어 연상 CG 논란‥KBS ""개표방송에도 송출, 사과"" 선관위, 이번에는 홍어 연상 CG 논란‥KBS ""개표방송에도 송출, 사과"" 입력 2026-06-05 19:49 | 수정 2026-06-05 20:11",ok
6·3 지방선거 투표용지 부족 / 선거관리 논란,선거관리위원회 투표용지 부족 대응 부실 논란,투표용지 부족;선관위 관리 부실;선거 행정;투표권 침해,https://news.jtbc.co.kr/article/NB12301785?influxDiv=NAVER,"""용지 없다"" 단톡방 아우성인데…선관위 관계자 ‘충격’ 답변",news.jtbc.co.kr,국가책임,부정적,투표소 현장 유권자 및 선관위 관계자,투표용지 부족 사태에 대한 선관위의 미흡한 대응과 현장의 혼란을 비판적으로 다루고 있어 국가의 관리 책임을 강조하는 프레임으로 분류했습니다.,맨 위로,ok
6·3 지방선거 투표용지 부족 / 선거관리 논란,지방선거 투표용지 부족 사태에 따른 선관위 책임론 및 정치권 공방,선거관리위원회;투표용지 부족;정치적 책임;부정선거 음모론;선거 공정성,https://www.newsis.com/view/NISX20260604_0003656427,"정의당 ""선관위, 부정선거 음모론자들에게 최악의 빌미 제공…노태악 사퇴해야""",newsis.com,국가책임,부정적,정의당,선거 관리 부실에 대한 선관위의 책임을 묻고 정치권의 공방을 다루며 민주주의 근간 훼손을 비판하는 내용을 담고 있습니다.,"정의당 ""선관위, 부정선거 음모론자들에게 최악의 빌미 제공…노태악 사퇴해야"" [서울=뉴시스]박세은 인턴 기자 = 정의당이 6.3 지방선거의 투표용지 부족 사태와 관련해 노태악 중앙선거관리위원장의 사퇴를 요구했다. 지난 3일 정의당은 ""서울 14곳 선거구에서 투표용지가 부족해 투표 마감 시간이 오후 10시까지 연장됐다""며 ""민주주의의 근간을 파괴하는 사태가 벌어졌다""고 지적하며 성명을 냈다. 또한 ""중앙선거관리위원회는 선거의 공정성을 제대로 세우기는커녕 부정선거 음모론자에게 최악의 빌미를 제공했다""며 노태악 선관위원장이 사퇴할 것을 촉구했다. 초유의 사태에 노 위원장의 입장을 없고 허철훈 선관위 사무총장만 자기 책임이라며 사과를 한 것에 대해서도 지적했다. 이어 ""길게는 4시간 넘게 투표소 앞에서 기다려야 했던 유권자 시민들에게 합리적이고 정당한 보상책도 마련하라""며 ""내란 세력의 뿌리를 뽑고 음모론자들을 완전히 퇴출해야 할 중요한 시점에 이런 사태가 벌어진 것에 매우 큰 유감""이라고 강조했다. 국민의힘에 대해서는 ""이번 사태를 빌미로 다시 음모론을 확산하고 있는 장동혁 대표를 비롯한 국민의힘은 자중하라""고 말하며 ""기댈 곳이 부정선거 음모론뿐인 무능한 정당의 민낯을 국민들을 똑똑히 지켜보고 있다""고 덧붙였다. 한편 국민의힘 장동혁 대표는 선관위의 투표용지 부족 사태를 두고 압박 수위를 높이고 있다. 전날에는 직접 중앙선관위에 방문해 노태악 중앙선거관리위원장과 면담하고 개표 중단 및 재선거를 요구했다. ◎공감언론 뉴시스 [email protected] Copyright © NEWSIS.COM, 무단 전재 및 재배포 금지",ok
6·3 지방선거 투표용지 부족 / 선거관리 논란,선관위의 투표용지 부족 사태 대응 및 재선거 요구 거부,중앙선관위;지방선거;투표용지 부족;참정권 침해;재선거 논란,https://www.segye.com/newsView/20260604503541?OutUrl=naver,"선관위 “투표지 부족, 재선거 사유 아니다”…국민의힘 요구 일축",segye.com,국가책임,중립적,중앙선거관리위원회,선관위의 공식 입장과 재선거 요구에 대한 거부 결정을 중심으로 사태의 경과를 객관적으로 전달하고 있습니다.,"국민의힘이 6.3 지방선거 막판에 발생한 투표용지 부족 사태에 대해 강하게 문제를 제기하며 서울시 개표 중단과 재선거 실시 등을 요구했지만, 중앙선거관리위원회는 이같은 요구를 받아들일 수 없다고 결론을 내렸다. 중앙선관위는 4일 자정부터 긴급 선관위원 회의를 소집해 약 2시간가량 논의를 진행한 끝에 이날 오전 4시쯤 ‘지방선거일 투표용지 부족 사태에 대한 중앙선거관리위원회 입장’을 발표했다. 중앙선관위는 “지난 3일 일부 투표소에서 투표용지가 부족해, 해당 투표소에 방문한 국민 여러분의 참정권 행사에 많은 혼란과 불편을 드려 깊이 사과드린다”면서도 “일부 투표소의 투표용지 부족으로 발생한 이번 사안은 공직선거법에 따른 선거의 연기나 재선거 사유에 해당하지 않는다”고 밝혔다. 중앙선관위는 “따라서 현재 진행되는 개표를 중단하는 것은 불가하며, 해당 투표소에서 투표한 유권자의 의사를 확인할 수 있도록 투표함은 개표소로 이송되어야 할 것”이라고 강조했다. 중앙선관위는 다만 투표용지 부족 사태에 대해서는 “한 분 한 분의 유권자께서 소중한 시간을 내어 투표소를 찾아주셨음에도 선관위의 실책으로 인해 유권자에게 큰 실망과 염려를 끼쳐드리게 되어 크나큰 책임을 통감한다”며 거듭 머리를 숙였다. 이들은 “개표가 종료되면 중선관위는 즉시 이번 사안에 대한 진상 규명 및 재발방지 대책을 마련하기 위해 가능한 최선의 노력을 다 하기로 결정했다”며 “국민의 참정권 행사가 원활하게 이루어지도록 만전을 기하지 못한 점에 대해 다시 한번 사죄를 드리며, 이후 국민 여러분께 원인과 대책을 소상히 밝히고 다시는 이런 일이 발생하지 않도록 할 것임을 약속드린다”고 했다. Copyright ⓒ 세계일보. 무단 전재 및 재배포 금지",ok
6·3 지방선거 투표용지 부족 / 선거관리 논란,선관위원장의 투표용지 부족 사태 책임 사퇴,선거관리위원회;투표용지 부족;참정권 침해;위원장 사퇴;선거 관리 부실,http://weekly.chosun.com/news/articleView.html?idxno=52278,"노태악 선관위원장 사의 표명…""참정권 침해, 변명 여지 없다""",weekly.chosun.com,국가책임,중립적,노태악 중앙선거관리위원장,투표용지 부족 사태에 대한 선관위원장의 사과와 사퇴 표명 내용을 중심으로 선거 관리 부실에 대한 책임을 다루고 있습니다.,"노태악 중앙선거관리위원장이 5일 6·3 지방선거 과정에서 발생한 투표용지 부족 사태의 책임을 지고 위원장직에서 물러나겠다고 밝혔다. 허철훈 중앙선관위 사무총장도 사의를 표명했다. 노 위원장은 이날 경기 과천 중앙선관위에서 대국민 사과 및 상황 브리핑을 열고 ""지난 6월 3일 실시된 제9회 전국동시지방선거 시 일부 지역의 투표소에서 발생한 투표용지 부족 사태로 국민께 심려를 끼쳐 송구스러운 마음을 금할 길이 없다""고 말했다. 이어 ""투표 참여로 보여주신 지방자치에 대한 국민의 높은 관심과 적극적인 의사표시를 투표용지 부족 사태로 손상시켰다""며 ""나아가 선거 관리에 대한 국민의 신뢰를 훼손하여 선거 과정에 대한 불신으로 이어지고 있는 상황에 대하여 중앙선거관리위원장으로서 참담함과 함께 무한한 책임감을 느낀다""고 밝혔다. 노 위원장은 ""참정권이라는 국민의 소중한 권리를 침해하는, 있어서는 안 될 일이 발생한 것에 대해서는 변명의 여지가 없다""며 ""다시는 이런 일이 재발하지 않도록 가능한 신속하게 진상규명위원회를 설치해 투표용지 부족 사태가 발생하게 된 근본적인 원인과 문제점, 대응 과정을 파악하고 재발 방지를 위한 개선방안 등을 마련해 모든 결과를 소상히 밝히겠다""고 말했다. 그러면서 ""국회 차원의 국정조사 등 이번 사태에 관한 선관위의 책임을 확인하는 모든 절차에 성실하게 임하고, 이후 그 결과에 따라 책임져야 할 일이 있다면 결코 회피하지 않을 것""이라고 강조했다. 노 위원장은 이어 ""이 모든 사태에 대한 책임을 통감하면서, 저 역시 중앙선거관리위원장 직에서 물러나겠다""고 밝혔다. 또 ""허철훈 사무총장은 사무처의 수장으로서 이번 사태에 대한 책임을 지겠다고 사의를 표명했다""고 전했다. 노 위원장은 ""국민 여러분께 심려를 끼쳐드리게 된 점, 다시 한번 머리 숙여 사죄의 말씀을 드린다""고 말했다. 앞서 이번 지방선거에서는 서울 송파구를 비롯한 일부 지역 투표소에서 투표용지가 부족해 유권자들이 장시간 대기하거나 투표를 하지 못하는 사례가 발생해 논란이 일었다. ※주간조선 온라인 기사입니다.",ok
6·3 지방선거 투표용지 부족 / 선거관리 논란,투표용지 부족 사태에 따른 선관위 수뇌부 사의 표명,선거관리위원회;투표용지 부족;사의 표명;참정권 침해;진상규명,https://www.hankyung.com/article/2026060500037,노태악 중앙선관위원장·허철훈 사무총장 사의 표명,hankyung.com,국가책임,중립적,중앙선거관리위원회 위원장,"투표용지 부족 사태에 대한 선관위 수뇌부의 사과와 사의 표명, 그리고 향후 진상규명 계획을 객관적으로 전달하고 있습니다.","노태악 중앙선관위원장·허철훈 사무총장 사의 표명 노태악 중앙선거관리위원회 위원장과 허철훈 사무총장이 6·3지방선거 및 국회의원 재·보궐선거 당시 발생한 '투표용지 부족 사태'에 책임을 통감한다며 5일 사의를 표명했다. 노 위원장은 이날 경기 과천 선관위에서 대국민 사과 기자회견을 열고 ""국민에게 심려를 끼친 점 다시 한번 머리 숙여 사죄 말씀을 드린다""며 이 같이 밝혔다. 그는 ""오늘 송파구선거관리위원회 개표를 끝으로 이번 지방선거는 모두 마무리됐다""며 ""투표 참여로 보여준 지방자치에 대한 국민의 높은 관심과 적극적인 의사표시를 투표용지 부족 사태로 손상시켰다""고 말했다. 이어 ""선거 관리에 대한 국민 신뢰를 훼손해 선거 과정에 대한 불신으로 이어지는 상황에 대해 위원장으로 참담함과 무한한 책임감을 느낀다""며 ""참정권이라는 국민의 소중한 권리를 침해하는 있어서는 안 될 일이 발생한 것에 변명의 여지가 없다""고 덧붙였다. 노 위원장은 ""다시는 이런 일이 재발하지 않도록 가능한 한 신속하게 진상규명위원회를 설치해 투표용지 부족 사태가 발생한 근본적 원인과 문제점, 대응 과정을 파악하고 재발 방지를 위한 개선 방안 등을 마련해 모든 결과를 소상히 밝히겠다""고 말했다. 그러면서 ""앞으로 진상규명위 활동이 객관적이고 철저하게 이뤄질 수 있도록 진상규명위 위원들은 모두 외부 전문가로 구성해 운영하겠다""며 ""국회 차원 국정조사 등 이번 사태에 관한 선관위 책임을 확인하는 모든 절차에 성실하게 임하고 이후 결과에 따라 책임질 일이 있다면 절대 회피하지 않을 것""이라고 부연했다. 그는 또 ""허철훈 사무총장은 사무처 수장으로 이번 사태 책임을 지겠다고 사의를 표명했다""고 했다. 박수림 한경닷컴 기자 paksr365@hankyung.com 노 위원장은 이날 경기 과천 선관위에서 대국민 사과 기자회견을 열고 ""국민에게 심려를 끼친 점 다시 한번 머리 숙여 사죄 말씀을 드린다""며 이 같이 밝혔다. 그는 ""오늘 송파구선거관리위원회 개표를 끝으로 이번 지방선거는 모두 마무리됐다""며 ""투표 참여로 보여준 지방자치에 대한 국민의 높은 관심과 적극적인 의사표시를 투표용지 부족 사태로 손상시켰다""고 말했다. 이어 ""선거 관리에 대한 국민 신뢰를 훼손해 선거 과정에 대한 불신으로 이어지는 상황에 대해 위원장으로 참담함과 무한한 책임감을 느낀다""며 ""참정권이라는 국민의 소중한 권리를 침해하는 있어서는 안 될 일이 발생한 것에 변명의 여지가 없다""고 덧붙였다. 노 위원장은 ""다시는 이런 일이 재발하지 않도록 가능한 한 신속하게 진상규명위원회를 설치해 투표용지 부족 사태가 발생한 근본적 원인과 문제점, 대응 과정을 파악하고 재발 방지를 위한 개선 방안 등을 마련해 모든 결과를 소상히 밝히겠다""고 말했다. 그러면서 ""앞으로 진상규명위 활동이 객관적이고 철저하게 이뤄질 수 있도록 진상규명위 위원들은 모두 외부 전문가로 구성해 운영하겠다""며 ""국회 차원 국정조사 등 이번 사태에 관한 선관위 책임을 확인하는 모든 절차에 성실하게 임하고 이후 결과에 따라 책임질 일이 있다면 절대 회피하지 않을 것""이라고 부연했다. 그는 또 ""허철훈 사무총장은 사무처 수장으로 이번 사태 책임을 지겠다고 사의를 표명했다""고 했다. 박수림 한경닷컴 기자 paksr365@hankyung.com",ok
6·3 지방선거 투표용지 부족 / 선거관리 논란,지방선거 투표용지 부족 사태에 따른 선관위원장 사퇴,선거관리 부실;참정권 침해;중앙선관위;책임론,https://biz.chosun.com/policy/politics/2026/06/05/WKPXJ4UXTVH57IGV4RCRHJH2JY/?utm_source=naver&utm_medium=original&utm_campaign=biz,노태악 중앙 선거 관리위원장 사퇴 “ 참정권 침해 변명의 여지 없어…책임...,biz.chosun.com,국가책임,부정적,노태악 중앙선거관리위원장,선거 관리 부실로 인한 참정권 침해 사태를 인정하고 위원장이 사퇴하며 국가 기관의 책임을 강조하는 내용을 다루고 있습니다.,"중앙 선거 관리위원장으로서 참담함과 함께 무한한 책임감을 느낀다”고 밝혔다. 노 위원장은 “ 참정권 이라는 국민의 소중한 권리를 침해 하는, 있어서는 안 될 일이 발생한 것에 대해서는 변명의 여지가 없다”며 “다시는...",partial
6·3 지방선거 투표용지 부족 / 선거관리 논란,선관위 투표용지 부족 사태에 대한 경찰 수사 착수,선거관리 부실;참정권 침해;경찰 수사;선관위 책임,https://www.newsis.com/view/NISX20260605_0003657905,"경찰, 선관위 '투표용지 부족' 사태 수사 착수…8일 고발인 조사",newsis.com,국가책임,중립적,경찰 및 시민단체,투표용지 부족 사태에 대한 시민단체의 고발과 이에 따른 경찰의 수사 절차를 객관적으로 보도하고 있습니다.,"경찰, 선관위 '투표용지 부족' 사태 수사 착수…8일 고발인 조사 8일 '선관위 고발' 시민단체 관계자 고발인 조사 경찰 ""범죄 성립 여부, 유사 판례 등 검토"" 필요시 강제수사, 관련자 소환 등 진행 예정 5일 뉴시스 취재를 종합하면 서울경찰청 광역수사단 광역범죄수사대는 시민단체들이 노태악 중앙선거관리위원장 등 선관위 관계자들을 직권남용·직무유기 등의 혐의로 고발한 사건을 배당받아 수사 중이다. 앞서 시민단체 서민민생대책위원회(서민위)는 일부 지역 투표소의 투표용지가 부족해 유권자들의 참정권이 침해됐다며 선거 당일인 지난 3일 노 선관위원장 등을 고발하고 전날 업무상 횡령·배임 혐의를 추가해 고발장을 재차 제출했다. 경찰은 고발장 접수 닷새 만인 오는 8일 오전 9시30분 서민위 관계자를 불러 고발인 조사를 진행할 계획이다. 이외에도 투기감시자본센터를 비롯해 6개 시민단체가 경찰청 국가수사본부에 비슷한 취지의 고발장을 접수한 것으로 전해졌다. 이 중 현재까지 서울청 광역범죄수사대가 배당 받은 관련 사건은 2건이다. 경찰청은 접수받은 고발 사건의 유사성을 고려한 뒤 서울경찰청에 병합 수사 지시 여부를 결정한다는 방침이다. 수사를 진행 중인 광역범죄수사대는 현재 사건 초기 단계로 관련 법리와 판례 검토를 진행하고 있다. 경찰 관계자는 ""법리 검토와 판례 검토는 어떤 사건이든 당연히 해야 하는 절차""라며 ""가능성이 있는 범죄 성립 여부와 관련 법리, 유사 판례 등을 종합적으로 검토하고 있다""고 말했다. 선관위에 대한 강제수사 여부에 대해서도 경찰은 가능성을 열어둔 상태다. 필요 시 노 선관위원장 등 선관위 관계자도 소환해 특정 지역에 용지를 적게 인쇄했다는 의혹과 선거 관리 부실 여부에 대해 수사를 이어갈 방침이다. 한편 법조계에 따르면 헌법재판소에도 관련 사태로 참정권이 침해됐다는 취지의 헌법 소원이 이날까지 2건 접수됐다. ◎공감언론 뉴시스 [email protected] Copyright © NEWSIS.COM, 무단 전재 및 재배포 금지",ok
6·3 지방선거 투표용지 부족 / 선거관리 논란,투표용지 부족 사태에 따른 선관위원장 사의 표명,선거관리 부실;참정권 침해;선관위원장 사퇴;진상규명위원회;국정조사,https://www.sidae.com/article/2026060516215579750,"노태악 선관위원장 사의 표명…""투표용지 부족 사태, 참정권 침해"" - 동행미디어 시대",sidae.com,국가책임,부정적,노태악 중앙선거관리위원장,투표용지 부족 사태로 인한 참정권 침해와 선관위의 관리 부실 책임을 인정하고 위원장이 사의를 표명하는 과정을 다루고 있습니다.,"공유하기 노태악 중앙선거관리위원장이 6·3 지방선거 투표용지 부족 사태에 대해 책임을 지고 사의를 표명했다. 진상규명위원회 구성과 국회 차원의 국정조사 등을 통해 원인을 밝히겠다고도 공언했다. 노 위원장은 5일 경기 과천 중앙선관위에서 대국민 사과문을 통해 ""참정권이라는 국민의 소중한 권리를 침해하는, 있어서는 안 될 일이 발생한 것에 대해서는 변명의 여지가 없다""며 이같이 밝혔다. 노 위원장은 ""투표용지 부족 사태로 국민께 심려를 끼쳐 송구스러운 마음을 금할 길이 없다""며 ""오늘 송파구선거관리위원회의 개표를 끝으로 이번 지방선거는 모두 마무리됐다""고 말했다. 앞서 지난 3일 서울 송파구·강남구 등 투표소 최소 14곳에서 투표용지가 동나 투표가 중단되는 초유의 사태가 발생했다. 일부 투표소에선 유권자가 2~3시간씩 기다렸고 투표를 포기하고 발길을 돌리는 경우도 있었다. 노 위원장은 ""투표 참여로 보여주신 지방자치에 대한 국민의 높은 관심과 적극적인 의사 표시를 투표용지 부족 사태로 손상시켰다""며 ""나아가 선거 관리에 대한 국민의 신뢰를 훼손해 선거 과정에 대한 불신으로 이어지고 있는 상황에 대해 선관위원장으로서 참담함과 함께 무한한 책임감을 느낀다""고 했다. 그는 ""다시는 이런 일이 재발하지 않도록 가능한 신속하게 '진상규명위원회'를 설치해 투표용지 부족 사태가 발생하게 된 근본적인 원인과 문제점, 대응 과정을 파악하고 재발 방지를 위한 개선방안 등을 마련해 모든 결과를 소상히 밝히겠다""고 밝혔다. 그러면서 ""앞으로 진상규명위원회의 활동이 객관적이고 철저하게 이뤄질 수 있도록 진상규명위원회의 위원들은 모두 외부전문가로 구성해 운영하겠다""며 ""국회 차원의 국정조사 등 이번 사태에 관한 선거관리위원회의 책임을 확인하는 모든 절차에 성실하게 임하고 이후 그 결과에 따라 책임져야 할 일이 있다면 결코 회피하지 않을 것""이라고 했다. 노 위원장은 ""허철훈 사무총장은 사무처의 수장으로서 이번 사태에 대한 책임을 지겠다고 사의를 표명했다""며 ""이 모든 사태에 대한 책임을 통감하면서 저 역시 중앙선거관리위원장 직에서 물러나겠다""고 했다. 또 ""국민 여러분께 심려를 끼쳐드리게 된 점 다시 한번 머리 숙여 사죄의 말씀을 드린다""고 했다. <저작권자 ⓒ ‘존중받는 개인, 부강한 대한민국’ 시대, 무단전재 및 재배포 금지> <보도자료 및 기사 제보 ( [email protected] )>",ok
6·3 지방선거 투표용지 부족 / 선거관리 논란,투표용지 부족 사태로 인한 투표함 봉쇄 및 경찰 강제 이송,지방선거;투표함 봉쇄;선거관리 논란;공정선거;경찰 강제집행,https://www.yna.co.kr/view/AKR20260605017354004?input=1195m,"'용지 부족' 잠실7동 투표함, 시위대 봉쇄 35시간 만에 개표소로(종합3보) | 연합뉴스",yna.co.kr,갈등_구도,중립적,서울시선거관리위원회 및 경찰,투표용지 부족으로 발생한 투표함 봉쇄 사태와 이를 해산하고 개표를 진행하는 과정을 객관적으로 보도하고 있습니다.,"경찰, 기동대 1천여명 투입해 수십명 끌어내…연행자는 없어 시위대, 투표소 내부 수색…도장·대조전표 등 선거용품 확인 이미지 확대 잠실7동 2투표소 투표함 개표소 도착 (서울=연합뉴스) 이진욱 기자 = 5일 서울 송파구 잠실7동 제2투표소에서 이송된 투표함이 개표소인 올림픽공원 핸드볼경기장에 도착하고 있다. 2026.6.5 cityboy@yna.co.kr (서울=연합뉴스) 조현영 김채린 정지수 한지은 이의진 기자 = 6·3 지방선거 투표용지 부족 사태가 일어난 서울 송파구 잠실7동 제2투표소 투표함 두 개가 시위대의 봉쇄 35시간 만에 인근 개표소로 이송됐다. 연합뉴스 취재에 따르면 경찰은 5일 오전 8시 54분께 시위대를 뚫고 투표소가 설치된 우성 아파트 경로당에서 투표함 두 개를 꺼내는 데 성공했다. 경찰은 곧장 투표함을 차량에 싣고 이동했다. 이에 따라 서울시선거관리위원회는 개표소로 지정된 올림픽공원 핸드볼경기장에서 지연됐던 개표 작업을 오전 10시부터 진행한다. 지난 3일 오후 11시 50분께 해당 투표소의 투표 종료를 공식 선언한 지 33시간 만이다. 해당 투표소의 투표함 두 개에는 약 2천명분의 투표지가 있다. 투표함을 열어야 오세훈 서울시장 등의 당선이 법적으로 확정돼 6·3 지방선거도 마무리된다. 투표용지 부족사태가 발생하자 지난 3일 오후 10시께부터 보수 성향 유튜버, 시민 등이 결집해 잠실7동 제2투표소를 봉쇄했었다. 전날까지만 해도 아파트 단지 밖으로 물러나 대기 태세만 유지하던 경찰은 이날 오전 7시 30분께부터 18개 기동대 약 1천여명을 배치하며 본격 투표소 진입을 시도했다. 이미지 확대 경찰, 잠실7동 2투표소 투표함 이송 위해 시위대 해산 조치 (서울=연합뉴스) 박동주 기자 = 5일 서울 송파구 잠실7동 2투표소 앞에서 경찰이 투표함 이송을 위해 이를 막아선 시위대를 해산 조치하고 있다. 이 투표소에서는 9회 전국동시지방선거 및 국회의원 재·보궐선거 투표용지 부족으로 투표 시간이 오후 10시까지 연장됐고, 투표함이 개표소로 옮겨지지 못했다. 2026.6.5 pdj6635@yna.co.kr 서울 송파경찰서 측은 서울시선관위로부터 협조를 요청받았다며 선거사무 종사자를 감금하거나, 선거 장비 등을 훼손 시 공직선거법 제224조에 따라 처벌받는다며 먼저 자진 해산을 요청했다. 하지만 건물 뒷문 앞에서 스크럼을 짠 수십명의 시위대가 비키지 않자, 오전 8시 11분께부터 한 명씩 손과 발을 붙잡아 끌어내는 과정을 거쳐 약 40분 후 건물 진입에 성공했다. 시위대는 애국가를 합창하고 ""기본권, 참정권을 보장하라""고 외치며 강하게 저항했다. 하지만 뒷문으로 향하는 길목이 봉쇄되는 등 경찰 경비로 추가 시위 인력의 합류가 무산되면서 투표함 반출을 막아내지 못했다. 오전 8시께부터 황교안 자유와혁신 대표와 김은혜 국민의힘 의원이 차례로 현장에 도착해 시위대를 옹호하며 함께 경찰에 항의했으나 집행을 막지 못했다. 시위대 중 경찰서로 연행된 인원은 없는 것으로 파악됐다. 다만 투표함 이송에 일부 시위대는 울부짖으며 아쉬움을 표했다. 시위대 전면에 선 인원은 곧장 경기 과천의 중앙선거관리위원회 앞으로 모이자며 재결집을 독려했다. 일부 시위대는 경찰이 떠난 투표소에 들어가 투표용지 등 선거사무용품이 남겨진 것이 있는지 수색했다. 선거도장과 선거인명부 대조전표, 참관인 목걸이 등을 확인한 시위대는 쓰레기봉투까지 뒤지며 수색에 몰두한 뒤 오전 9시 30분께 사실상 해산했다. 시위대의 수색 과정에서는 해당 투표소 사무원들이 투표용지가 부족해진 상황에 대처하려 새로 확보한 용지 수를 실시간으로 적어둔 현장 메모도 발견됐다. 시위대는 투표용지가 동나 투표가 일시 중단되는 초유의 사태가 벌어졌으니 공정 선거를 위해서는 개표 작업이 진행돼서는 안 된다는 입장이다. 이미지 확대 개표소 도착한 잠실7동 제2투표소 투표함 (서울=연합뉴스) 이진욱 기자 = 5일 서울 송파구 잠실7동 제2투표소에서 이송된 투표함이 개표소인 올림픽공원 핸드볼경기장에 도착하고 있다. 2026.6.5 cityboy@yna.co.kr pual07@yna.co.kr 제보는 카카오톡 okjebo <저작권자(c) 연합뉴스, 무단 전재-재배포, AI 학습 및 활용 금지> 2026/06/05 09:58 송고 2026년06월05일 09시58분 송고",ok
6·3 지방선거 투표용지 부족 / 선거관리 논란,지방선거 투표용지 부족 사태에 따른 선관위 수뇌부 사퇴 및 관리 부실 논란,선거관리부실;선관위원장사퇴;투표용지부족;국가책임;제도개선,https://www.kmib.co.kr/article/view.asp?arcid=1780651698&code=11121100&cp=nv,“투표용지 부족 50곳… 22곳에선 투표 중지”,kmib.co.kr,국가책임,부정적,중앙선거관리위원회,투표용지 부족으로 인한 선거 관리 부실 사태와 그에 따른 선관위 수뇌부의 사퇴 및 향후 책임 규명 과정을 객관적으로 보도하고 있습니다.,"노태악 중앙선거관리위원장이 6·3 지방선거 투표용지 부족 사태와 관련해 사의를 표명했다. 경찰은 부정선거 시위 인파에 봉쇄됐던 서울 송파구 잠실7동 제2투표소에 1000여명 경력을 투입해 2박3일 만에 투표함 두 개를 반출했다. 이 과정에서 시위대와 경찰이 대치하는 상황도 빚어졌다. 노 위원장은 5일 선관위 과천청사에서 “모든 사태에 대한 책임을 통감한다. 중앙선관위원장 직에서 물러나겠다”며 대국민 사과했다. 이어 “허철훈 사무총장도 사무처 수장으로서 이번 사태에 대한 책임을 지겠다며 사의를 표명했다”고 전했다. 노 위원장은 “지방자치에 대한 국민의 높은 관심과 적극적 의사표시를 이번 사태로 손상시켰다”며 “선거 관리에 대한 국민 신뢰를 훼손해 선거 과정에 대한 불신으로 이어진 것에 대해 선관위원장으로서 참담함과 무한한 책임감을 느낀다”고 말했다. 이어 “국회 국정조사 등 선관위의 책임을 확인하는 모든 절차에 성실히 임하고 이후 그 결과에 따라 책임져야 할 일이 있다면 결코 회피하지 않을 것”이라고 강조했다. 선관위는 외부 전문가로만 구성된 진상규명위원회를 꾸린다는 계획이다. 선관위에 따르면 6·3 지방선거 본투표 당시 전국 67개 투표소에 부족분을 채울 투표용지가 추가로 송부됐던 것으로 파악됐다. 지역별로는 서울 35개, 부산·경남 각각 8개, 대구 7개, 인천 6개, 울산 3개 순이었다. 이 중 17개 투표소는 추가 송부된 투표용지를 사용하지 않았지만, 나머지 50개 투표소에서는 추가 송부된 투표용지가 실제 투표에 사용됐다. 추가 조달 과정에서 투표용지 부족으로 투표가 일시 중지됐다 재개된 투표소는 22개소였다. 선관위는 투표용지를 선거인수 기준 50%까지 감축 인쇄한 이유에 대해 “최근 사전투표율 증가로 투표용지가 과다하게 남은 경향이 있어 이후 회수·보관·폐기 과정을 고려했다”고 해명했다. 청와대는 “노 위원장과 허 사무총장 사의 표명을 무겁게 받아들인다. 선관위는 선거 과정에서 국민께 끼친 큰 우려에 대해 국민께서 납득할 수 있는 충분한 소명과 엄정한 후속 조치를 해야 마땅하다”며 “선거 관리 전반에 대한 점검과 제도 개선 또한 책임있게 조치해 국민 신뢰를 회복해야 한다”고 밝혔다. 박성훈 국민의힘 수석대변인은 “선관위원장 사퇴로 꼬리자르기 말라. 국민이 원하는 것은 진실 규명과 합당한 책임”이라고 말했다. 경찰은 이날 오전 잠실7동 제2투표소에 18개 기동대 1000여명 경력을 투입해 시위대를 해산하고 투표함을 반출해 송파구 개표소인 올림픽공원 핸드볼경기장으로 옮겼다. 투표소가 봉쇄된 지 35시간, 선거가 치러진 지 이틀 만에 개표가 이뤄졌다. 이 과정에서 시위대는 송파구 개표소까지 쫓아가 “개표 중단”을 요구하며 경찰과 대치했다. 시위대는 경찰 비공식 추산 250여명이었다. 서울경찰청 공공범죄수사대는 8일 고발인 조사를 시작으로 선관위 수사를 본격화한다. 이동환 이형민 이찬희 기자 huan@kmib.co.kr GoodNews paper ⓒ 국민일보(www.kmib.co.kr), 무단전재, 수집, 재배포 및 AI학습 이용 금지",ok
6·3 지방선거 투표용지 부족 / 선거관리 논란,선관위의 투표용지 감축 인쇄로 인한 투표 중단 및 참정권 침해 논란,선거관리 부실;참정권 침해;선관위 책임론;투표용지 부족,https://www.sedaily.com/article/20052400?ref=naver,용지 부족 투표소 50곳 달해…“비상 매뉴얼도 없었다”,sedaily.com,국가책임,부정적,중앙선거관리위원회 및 비판적 여론,선관위의 안일한 행정으로 발생한 투표용지 부족 사태와 그에 따른 참정권 침해 논란을 중심으로 책임론을 다루고 있습니다.,"용지 부족 투표소 50곳 달해…“비상 매뉴얼도 없었다” [선관위 해명에도 책임론 확산] “폐기부담에 선거인수 50% 인쇄 투표자 수 편차 생겨 용지 모자라” 잠실 2개 투표함 반출 개표 완료 과천 청사 앞 시위·집회는 계속 참정권 침해 헌법소원 2건도 접수 입력2026-06-05 18:55 노태악 중앙선거관리위원장과 허철훈 중앙선관위 사무총장, 오민석 서울선거관리위원장이 투표용지 부족 사태에 책임을 지고 사퇴했다. 중앙선관위는 사전투표율 증가에 따른 비용 절감과 폐기 부담 때문에 선거일 투표용지를 선거인 수의 50% 수준으로 감축 인쇄했다고 해명했다. 하지만 투표소별 수요 편차와 비상 이송 절차를 제대로 고려하지 못한 안일한 대응이 초유의 참정권 침해 사태를 불러왔다는 비판이 커지고 있다. 중앙선관위는 5일 “최근 선거에서 사전투표율이 지속적으로 증가하면서 선거일 투표용지가 과다하게 남는 경향이 있었다”며 감축 인쇄 배경을 설명했다. 이어 “사전투표를 한 선거인은 선거일 투표 대상에서 제외되는 만큼 선거인 수의 100%를 인쇄할 필요는 없다고 판단했다”며 “내부 연구 결과와 일선 위원회 의견을 반영해 지침과 사무편람을 개정했다”고 밝혔다. 선관위는 송파구의 경우 선거인 수의 50%, 일부 투표소는 60%를 기준으로 투표용지를 인쇄했다고 설명했다. 여기에 사전투표율 23.3%를 감안하면 전체 물량 자체는 부족하지 않았다는 입장이다. 다만 투표소별 선거일 투표자 수에 편차가 생기면서 일부 현장에서 투표용지가 모자랐다고 밝혔다. 그러나 이 같은 감축 인쇄 이후 이번 지방선거에서는 서울뿐 아니라 전국 곳곳에서 투표용지 부족 사태가 발생했다. 중앙선관위에 따르면 서울 35개, 부산 8개, 대구 7개, 인천 6개, 울산 3개, 경남 8개 투표소에 투표용지가 추가 송부됐다. 실제 투표용지가 부족했던 투표소는 송파구 14곳을 포함해 모두 50곳으로 파악됐다. 투표가 일시 중단됐다가 재개된 투표소도 22곳에 달했다. 선관위는 “투표용지 부족 상황이 발생했을 때 이송 절차를 마련하지 못한 점은 미흡했다”며 사과했다. 그러나 선관위의 해명에도 논란은 사그라들지 않고 있다. 투표권 보장보다 남는 용지 처리 문제를 앞세운 판단이 현장 혼란을 키웠고 비상 상황에 대비한 매뉴얼조차 제대로 마련하지 못했다는 비판을 피하기 어려워 보인다. 여기에 전국공무원노동조합이 공개한 송파구와 선거관리위원회 공무원 단체 대화방 내용에 따르면 투표 당일 오후 2시부터 투표용지 추가 배부 여부를 묻는 문의가 빗발쳤다. 투표 종료까지 4시간가량 남아 있었기 때문에 충분히 추가 투표용지 배부가 가능한 상황이었지만 선관위의 늑장 대응이 사태를 키웠다는 비판도 나온다. 실제 일부 투표소에서는 투표용지가 선거인 수의 50%에도 미치지 못한 정황 또한 포착됐다. 이날 한 투표소 내부에서는 송파구 선거관리위원회가 해당 투표소로 보낸 것으로 추정되는 투표용지 박스가 발견됐다. 박스 겉면에 적힌 투표용지 인쇄 매수는 총 1900매였다. 해당 투표소의 선거인 수는 3856명으로 파악된다. 애초 투표용지가 선거인의 49.3% 분량만 준비됐던 셈이다. 투표용지 부족 사태의 여파도 확산되고 있다. 서울경찰청 광역수사단 광역범죄수사대는 8일 노 위원장 등을 직무유기와 직권남용 등 혐의로 고발한 서민민생대책위원회 관계자를 상대로 고발인 조사를 한다. 선관위 책임론이 커지면서 강제수사가 불가피하다는 관측도 나온다. 한편 투표용지 부족 사태에 항의하는 시위대에 둘러싸여 2박 3일 동안 봉쇄됐던 서울 송파구 잠실7동 제2투표소의 투표함 2개는 이날 오전 경찰에 의해 반출돼 개표가 완료됐다. 오전 10시부터 올림픽공원 핸드볼경기장에서 진행된 잠실7동 제2투표소 투표함 개표는 오후 3시 20분께 끝났다. 이에 따라 오세훈 서울시장의 당선도 법적으로 확정됐다. 오 시장은 257만 5819표(49.22%)를, 정원오 더불어민주당 후보는 251만 5560표(48.07%)를 얻었다. 서울시의회 비례대표 의석도 당초 더불어민주당 8석, 국민의힘 7석에서 국민의힘 8석, 민주당 7석으로 뒤바뀌었다. 시위대가 투표함 반출 이후에도 경기 과천 중앙선관위 청사 앞과 올림픽공원 핸드볼경기장 등으로 이동해 시위를 이어갔다. 경찰은 이날 집회 참가자를 약 250명으로 추산한 것으로 전해졌다. 일부 참가자들은 “부정선거 책임져라” 등의 구호를 외쳤다. 현장에는 장동혁 국민의힘 대표와 김은혜·주진우 의원 등 국민의힘 의원들도 합류해 선관위 측과의 면담을 요구했다. 이 기사를 추천합니다. ⓒ 서울경제신문, 무단 전재-재배포, AI 학습 및 활용 금지",ok
6·3 지방선거 투표용지 부족 / 선거관리 논란,대학생 단체들의 선관위 투표용지 부족 사태 규탄 및 책임자 문책 요구,참정권 침해;선거관리 부실;중앙선거관리위원회;책임자 문책;제도개선,https://www.newsis.com/view/NISX20260605_0003658206,"사상 초유 '투표용지 부족'에…전국 대학생들 ""강력 규탄""(종합)",newsis.com,국가책임,부정적,전국총학생회협의회 및 대학생 단체,투표용지 부족 사태를 국민 참정권 침해로 규정하고 선관위의 관리 부실을 강하게 비판하는 대학생들의 목소리를 중심으로 다루고 있습니다.,"사상 초유 '투표용지 부족'에…전국 대학생들 ""강력 규탄""(종합) 전총협 ""국민 참정권 침해한 직무유기"" 책임자 문책·선거관리 체계 쇄신 촉구 총학생회 공동포럼 ""노태악 즉각 사퇴"" 관리 부실 경위 대국민 보고·재발 방지 [서울=뉴시스]정예빈 기자 = 제9회 전국동시지방선거 본투표일인 지난 3일 투표용지 부족으로 투표가 일시 중단되는 사상 초유의 사태가 발생하자, 대학생들이 중앙선거관리위원회를 규탄하고 나섰다. 5일 전국총학생회협의회(전총협)는 ""제9회 전국동시지방선거에서 발생한 투표용지 부족 사태를 국민의 참정권을 침해한 헌법기관의 직무유기로 규정한다""며 ""투표소를 찾은 유권자 앞에 투표용지가 부족했다는 사실은 어떠한 이유로도 정당화될 수 없다""고 비판했다. 앞서 지난 3일 오후 6시20분 기준 서울 송파구 12곳, 강남구 1곳, 광진구 1곳 등 총 14개 투표소에서 투표용지 부족 사태가 발생했다. 대기하던 일부 유권자들은 투표를 포기했고, 잠실7동 제2투표소에서는 개표 중단과 재투표를 주장하는 시위대가 투표함 이송을 막아 투표 종료 후 35시간 동안 개표조차 하지 못했다. 전총협은 ""오늘 우리가 당연하게 행사하는 한 표는 처음부터 주어진 권리가 아니다. 수많은 시민의 희생과 용기, 그리고 민주주의를 지키기 위해 거리와 광장에 섰던 청년들의 실천 위에 세워진 권리""라며 ""선거를 관리하는 헌법기관이 국민의 한 표를 온전히 보장하지 못하는 것은 국민주권에 대한 중대한 책무 방기이자 도전""이라고 했다. 그러면서 ""이와 같은 행위는 국민이 어렵게 지켜온 참정권을 강탈한 것""이라며 ""전국의 대학생 대표들은 민주주의를 지켜온 학생 자치의 이름으로 침묵할 수 없다""고 강조했다. 또 다른 대학생 총학생회 단체인 한국대학총학생회공동포럼(총학생회 공동포럼)은 노태악 중앙선거관리위원장은 즉각 사퇴를 요구했다. 총학생회 공동포럼은 ""사무총장의 사과 한마디로 넘어갈 사안이 아니다""라며 ""노태악 중앙선거관리위원장은 즉각 사퇴하라""고 목소리 높였다. 관리 부실 경위를 대국민 보고하고, 재발 방지 대책을 마련해야 한다는 지적도 나왔다. 총학생회 공동포럼은 ""어느 투표소에서, 몇 매의 투표용지가 준비됐고, 누가 그 수량을 결정했는지 낱낱이 밝혀야 한다""며 ""같은 실패가 반복되는 나라에서 민주주의는 뿌리를 내릴 수 없다""고 경고했다. 전총협은 책임자 문책과 선거관리 체계 전반의 쇄신도 촉구했다. 전총협은 ""중앙선거관리위원회가 국민 앞에 밝혀야 할 것은 단순한 경위가 아니라, 국민의 참정권이 헌법기관의 관리 부실 앞에서 흔들리게 된 책임의 실체""라며 ""중앙선거관리위원회는 국민주권을 유린한 책임을 분명히 인정하고 이에 상응하는 책임자 문책과 선거관리 체계 전반의 즉각 쇄신을 강력히 촉구한다""고 했다. ◎공감언론 뉴시스 [email protected] Copyright © NEWSIS.COM, 무단 전재 및 재배포 금지",ok
6·3 지방선거 투표용지 부족 / 선거관리 논란,선관위의 안일한 대응으로 인한 투표용지 부족 및 투표 중단 사태,선거관리위원회;투표용지부족;참정권침해;공무원동원;선거행정부실,https://news.sbs.co.kr/news/endPage.do?news_id=N1008596928&plink=ORI&cooper=NAVER,"'투표 중단' 송파구·선관위 단톡방서 ""오후 2시부터 투표용지 부족""",news.sbs.co.kr,국가책임,부정적,전국공무원노동조합,선관위의 예측 실패와 안일한 행정으로 인해 유권자의 참정권이 침해된 상황을 현장 공무원들의 증언을 통해 비판적으로 다루고 있습니다.,"▲ 5일 서울 송파구 잠실7동 제2투표소에서 이송된 투표함이 개표소인 올림픽공원 핸드볼경기장에 도착하고 있다 제 9회 전국동시지방선거일인 지난 3일 투표용지 부족 사태가 발생한 서울 송파구에서 투표 종료 수시간 전부터 용지 부족 우려가 제기됐지만 적절한 대응 조치가 이뤄지지 않았다는 정황이 나왔습니다. 전국공무원노동조합(전공노)이 오늘(5일) 공개한 송파구와 선거관리위원회 공무원 단체 카카오톡 대화방 내용을 보면 투표 당일인 지난 3일 오후 2시를 넘어서면서부터 투표용지 추가 배부 여부를 묻는 문의가 이어졌습니다. 해당 단체대화방에는 각 투표소에 투입된 송파구청과 관할 동주민센터와 송파구 선거관리위원회 소속 공무원들이 참여하고 있었습니다. 대화방에서 잠실2동 서기는 오후 2시 17분 ""투표소 서기들은 용지 부족을 우려해 연락이 오는데 선관위에서 모니터링하고 있다는 답변만 하고 있고 추가 수령 여부에 대해서는 확답을 못 하고 있다""며 ""투표소별로 몇% 정도 남아야 용지 추가 수령 여부를 알려주느냐""고 물었습니다. 이에 선관위 소속 선거1계장은 오후 2시 19분 ""사전투표율을 고려해 투표율 60% 기준으로 추가 배분을 해주고 있다""고 답했습니다. 이후 잠실4동 간사는 오후 2시 25분 ""7투(표소)에 용지가 35매 남아 있고 대기도 많다""고 우려를 나타냈고, 가락2동 서기도 오후 2시 37분 ""3투와 7투의 용지 추가 수령이 가능하냐""고 문의했습니다. 그러다 오후 4시를 넘어서면서는 투표소마다 투표가 중단됐다는 보고가 잇따랐습니다. 오후 4시 41분쯤에는 ""잠실7동 2투 투표중단""이라는 메시지가 올라왔고, 오후 4시 48분쯤에는 ""가락2동 3투 중단""이라는 보고도 이어졌습니다. 또 오후 4시 50분쯤에는 ""가락2(동) 3투 부정선거 의혹 등 항의가 엄청 심하다"", ""잠실4동 5·6·7투 중단"" 등의 메시지가 올라왔습니다. 특히 각 투표소에서는 ""투표용지 관련 부정선거 의심 민원이 생겨 (투표) 진행을 못 하고 있다"", ""경찰 지원 요청하는데 불러도 되냐. 현장 고충이 너무 심하다""는 호소도 나왔습니다. 결국 선관위가 제대로 된 대처에 나서지 못하면서 서울 송파구 12개 투표소와 강남구·광진구 각각 1개 투표소 등 총 14개 투표소에서 투표용지 부족으로 유권자들이 투표하지 못하고 현장에서 대기하는 상황이 발생했습니다. 이중 송파구 잠실7동 제2투표소에서는 투표함 두 개가 개표 중단과 재선거를 요구하는 시위대의 봉쇄로 투표 마감 35시간 만에 반출되기도 했습니다. 전공노는 이와 관련해 오늘 성명을 내고 ""투표용지 부족 사태는 대한민국 민주주의의 근간을 흔드는 사건""이라며 ""국민의 참정권이 선관위의 안일한 행정과 예측 실패로 유린당했다""고 주장했습니다. 전공노는 선관위가 선거 때마다 지방자치단체 공무원들을 선거사무에 동원해 왔다며 ""기본적인 투표용지 수급 관리조차 제대로 하지 못해 현장 공무원들을 부정선거 의혹의 중심에 내몰고 있다""고 지적했습니다. 그러면서 ""선관위의 미숙한 선거 업무와 현장 공무원을 경시하는 행태가 반복된다면 더 이상 선거사무의 희생양으로 남지 않을 것""이라며 ""책임 있는 재발 방지 대책이 마련되지 않을 경우 앞으로 치러질 모든 선거사무 동원을 전면 거부하겠다""고 밝혔습니다. 전공노는 구체적으로 ▲ 투표용지 부족 사태에 대한 철저한 진상규명 및 책임자 처벌 ▲ 송파구 공무원을 포함한 현장 공무원들에 대한 공식 사과 등을 요구했습니다. (사진=연합뉴스)",ok
6·3 지방선거 투표용지 부족 / 선거관리 논란,선관위의 투표용지 인쇄 비율 축소로 인한 투표소 용지 부족 사태,선거관리위원회;투표용지 부족;선거 관리 부실;개인정보 유출 우려,https://www.yna.co.kr/view/AKR20260605054700004?input=1195m,"'봉쇄 사태' 잠실 투표소 투표용지, 선거인 대비 49%만 준비 정황 | 연합뉴스",yna.co.kr,국가책임,부정적,중앙선거관리위원회 및 현장 유권자,선관위의 투표용지 인쇄 비율 축소 지침이 실제 투표 현장에서 유권자의 투표권 행사 제한과 개인정보 관리 부실이라는 결과로 이어진 상황을 비판적으로 다루고 있습니다.,"이른바 '봉쇄 사태'가 벌어진 서울 송파구 잠실7동 제2투표소가 선거인 수 절반 이하의 투표지만 준비한 정황이 확인됐다. 5일 투표함이 빠진 잠실7동 제2투표소 내부에서는 송파구 선거관리위원회가 이 투표소로 보낸 것으로 추정되는 투표용지 박스가 발견됐다. 이 박스 겉면에 적힌 '투표용지 인쇄 매수'는 총 1천900매였다. 전체 내용을 이해하기 위해서는 기사 본문과 함께 읽어야 합니다. 송고 2026년06월05일 12시00분 세 줄 요약 이른바 '봉쇄 사태'가 벌어진 서울 송파구 잠실7동 제2투표소가 선거인 수 절반 이하의 투표지만 준비한 정황이 확인됐다. 5일 투표함이 빠진 잠실7동 제2투표소 내부에서는 송파구 선거관리위원회가 이 투표소로 보낸 것으로 추정되는 투표용지 박스가 발견됐다. 이 박스 겉면에 적힌 '투표용지 인쇄 매수'는 총 1천900매였다. 인공지능이 자동으로 줄인 '세 줄 요약' 기술을 사용합니다. 전체 내용을 이해하기 위해서는 기사 본문과 함께 읽어야 합니다. 전체 내용을 이해하기 위해서는 기사 본문과 함께 읽어야 합니다. (서울=연합뉴스) 한지은 이의진 조현영 기자 = 이른바 '봉쇄 사태'가 벌어진 서울 송파구 잠실7동 제2투표소가 선거인 수 절반 이하의 투표지만 준비한 정황이 확인됐다. 중앙선거관리위원회는 이번 지방선거부터 '투표용지 최소 50% 인쇄' 지침을 내려 투표지 부족 사태를 불렀다는 지적을 받는다. 하지만 실제로는 투표지 준비율이 50%에도 미치지 못한 것으로 보인다. 5일 투표함이 빠진 잠실7동 제2투표소 내부에서는 송파구 선거관리위원회가 이 투표소로 보낸 것으로 추정되는 투표용지 박스가 발견됐다. 이 박스 겉면에 적힌 '투표용지 인쇄 매수'는 총 1천900매였다. '박스 1개 중 1번'이라고 적혀서 다른 투표용지 박스는 없는 것으로 보인다. 이 투표소의 선거인 수는 3천856명으로 파악됐다. 투표지가 애초 선거인의 49.3% 분량만 준비돼 있었던 것으로 풀이된다. 이 투표소에서는 본투표 종료 전 준비된 투표용지가 모두 소진되면서 유권자가 투표를 하지 못하고 발길을 돌리는 일이 발생했다. 이에 선관위가 선거인명부 대조전표를 받은 유권자에 한해 투표 마감 시각을 오후 6시에서 오후 10시로 연장하는 초유의 일이 벌여졌다. 그러나 일부 유권자 등이 이 과정에 문제를 제기하며 재선거를 요구했고, 여기에 부정선거를 주장하는 시위대가 몰리며 이른바 2박 3일간의 '봉쇄 사태'로 이어졌다. 중앙선관위는 이번 지방선거를 앞두고 선거인 수의 60∼70%였던 본투표용 투표용지 최소 인쇄 비율을 50%로 낮췄다. 이는 사전투표율이 높고, 지방선거에 대한 관심이 대선·총선보다 상대적으로 적은 점을 반영한 것이다. 남는 투표용지가 부정선거 주장 단체에 흘러들어갈 가능성이나 예산 낭비 논란 등도 고려된 것으로 전해졌다. 중앙선관위 관계자는 연합뉴스와 통화에서 ""선거가 끝난 뒤 사용·미사용 투표용지를 전량 보관해야 해 공간 부족 문제 등을 겪고 있다""며 ""투표용지 인쇄량 감축은 이런 실무적 부담도 고려된 것""이라고 설명했다. 한편, 이 투표소에서는 투표함 반출 후 투표용지 박스뿐 아니라 사용하지 않은 기표 도장, 추가 공급받은 투표지의 일련번호로 추정되는 메모 등도 다수 남겨진 상황이다. 특히 투표자의 이름과 성별이 표시된 선거인명부 대조전표도 발견됐다. 선거 당일 줄을 섰지만 투표용지 부족으로 오후 6시까지 투표하지 못한 유권자에게 '대기표'로 나눠줬던 것이다. 이들의 개인정보가 제대로 보호되지 않고 투표 여부까지 추정할 수 있게 된 셈이라고 시위대는 지적했다. writer@yna.co.kr 제보는 카카오톡 okjebo <저작권자(c) 연합뉴스, 무단 전재-재배포, AI 학습 및 활용 금지> 2026년06월05일 12시00분 송고 ESC 닫기 댓글",ok
6·3 지방선거 투표용지 부족 / 선거관리 논란,지방선거 투표용지 부족 사태에 따른 선관위원장 사퇴,선관위;투표용지부족;참정권침해;진상규명;책임론,https://www.donga.com/news/Politics/article/all/20260605/134057167/2,노태악 선관위원장 사의…“투표용지부족 사태 책임 통감”,donga.com,국가책임,중립적,노태악 중앙선거관리위원장,투표용지 부족 사태로 인한 선관위원장의 사퇴 표명과 향후 진상규명 계획을 객관적으로 전달하고 있습니다.,"- 동아일보 - 입력 2026년 6월 5일 16시 23분 공유하기 글자크기 설정 외부전문가로 진상규명위 설치…국정조사도 수용 “책임져야 할 일 있다면 결코 회피하지 않겠다” 2023년 ‘선관위 자녀 특혜 채용’ 논란땐 사퇴 거부 선관위 “투표용지 부족, 전국 50곳…22곳은 투표중지” 노태악 중앙선거관리위원장이 6·3 지방선거에서 발생한 ‘투표용지 부족 사태’의 책임을 지고 사의를 표명했다. 허철훈 사무총장도 자리에서 물러났다. 2022년 이른바 ‘소쿠리 투표’ 논란으로 노정희 당시 선관위원장과 김세환 당시 사무총장이 사퇴한 지 약 4년 만에 ‘선관위 잔혹사’가 반복됐다는 평가가 나온다. 노 위원장은 이날 경기 과천 중앙선관위에서 대국민 사과 및 상황 브리핑을 통해 “허 사무총장은 사무처의 수장으로서 이번 사태에 대한 책임을 지겠다고 사의를 표명했다”며 “이 모든 사태에 대한 책임을 통감하면서, 저 역시 중앙선거관리위원장직에서 물러나겠다”고 밝혔다. 그는 “일부 지역의 투표소에서 발생한 투표용지 부족 사태로 국민께 심려를 끼쳐 송구스러운 마음을 금할 길이 없다”며 “머리 숙여 사죄의 말씀을 드린다”고 사과했다. 그러면서 “참정권이라는 국민의 소중한 권리를 침해하는, 있어선 안 될 일이 발생한 것에 대해선 변명의 여지가 없다”고 말했다. 노 위원장은 재발 방지를 위해 “가능한 신속하게 진상규명위원회를 설치해 투표용지 부족 사태가 발생하게 된 근본적인 원인이 무엇인지 그 문제점과 대응 과정을 파악하고 재발 방지를 위한 개선방안 등을 마련해 모든 결과를 소상히 밝히겠다”고 했다. 이어 “앞으로 진상규명위의 활동이 객관적이고 철저하게 이뤄질 수 있도록 위원들은 모두 외부전문가로 구성해 운영하겠다”며 “그리고 국회 차원의 국정조사 등 이번 사태에 관한 선관위의 책임을 확인하는 모든 절차에 성실하게 임하고, 그 결과에 따라 책임져야 할 일이 있다면 결코 회피하지 않을 것”이라고 강조했다. 2023년 노 위원장은 선관위 고위직 간부 자녀 특혜 채용 의혹이 불거졌을 당시 여당인 국민의힘 등이 사퇴를 요구했지만 거부했다. 그는 같은 해 10월 국회 행정안전위원회 선관위 국정감사에 출석해 “내게 남아 있는 일이 있다고 생각한다”며 “과연 사퇴한다고 해서 선관위가 바로잡힌다든지 그렇다고는 생각하지 않는다”고 말했다. 당시 딸을 특혜 채용했다고 논란이 된 박찬진 사무총장과 송봉섭 사무차장만 도의적 책임을 지고 자진 사퇴했다. 하지만 이번에 벌어진 투표용지 부족 사태는 선거 공정성 훼손 및 국민 참정권 침해 논란까지 파장이 확대됐고, 야당에서는 개표 중단 및 재선거까지 요구하자 노 위원장이 버티지 못했다. ● “투표용지 실제 부족 50개소…투표 중지는 22개소” 선관위에 따르면 이번 선거에서 추가 투표용지를 송부한 투표소는 총 67개소로, 이 가운데 50개소에서 실제 투표용지가 부족했던 것으로 파악됐다. 투표용지 부족으로 투표가 잠시 중단됐다가 재개된 곳은 22개소로 확인됐다. 윤재수 선거정책실장은 브리핑에서 “투표용지가 부족해 추가로 투표용지를 송부한 투표소는 전국 1만4288개 중 67개소로 파악된다”며 “지역별로는 서울 35개, 부산 8개, 대구 7개, 인천 6개, 울산 3개, 경남 8개 투표소에서 투표용지를 추가 송부한 것으로 확인됐다. 이 가운데 서울 송파구가 15개소로 가장 많았다”고 밝혔다. 그는 “이중 실제 투표용지가 부족했던 투표소는 현재까지 송파구 14개소를 포함해 50개소로 파악됐다”며 “투표용지 부족으로 잠시라도 투표가 중지됐다가 재개한 투표소는 총 22개로 파악됐다”고 설명했다. 이어 “향후 투표록의 전수조사 등을 통해 추가 사항이 있는지 등을 진상규명위의 조사를 통해서 밝힐 예정”이라고 부연했다. 윤 실장은 투표용지를 선거인 수의 50%를 기준으로 감축 인쇄한 이유에 대해선 “최근 선거에서 사전투표율이 지속적으로 증가함에 따라 사전투표율이 높은 지역은 투표용지가 과다하게 남는 경향이 있었다”며 “이후 회수·보관·폐기 과정을 고려할 때 선거일 투표소에서 사용하는 투표용지를 감축해 인쇄할 필요가 있다는 내부 의견이 있었다”고 밝혔다. 이어 “실제 선거일투표에 사용되는 투표용지는 사전투표를 한 선거인이 빠지기 때문에 선거인 수의 100%를 인쇄할 필요는 없는 것”이라고 했다. 선관위는 이에 내부 연구 결과와 일선 위원회 의견을 반영해 이번 선거 종합관리 지침에 해당 내용을 포함했고, 사무편람을 개정했다. 개정 내용은 예상 사전투표율과 최근 선거 투표율 등을 감안해 축소 인쇄할 필요가 있다고 인정되는 때엔 구·시·군 선관위 의결로 결정하도록 하는 것이다. 대통령 선거와 국회의원 선거에서는 선거인 수의 60%, 다른 선거보다 투표율이 낮은 지방선거에서는 50%를 하한으로 산정할 수 있되 지역 실정을 감안해 선거구 또는 투표구별로 조정해 인쇄할 수 있게 했다. 일례로 송파구는 위원회에서 투표용지 인쇄매수를 선거인 수 기준 50%, 일부 투표소는 60% 기준으로 인쇄했다. 윤 실장은 “사전투표율이 23.3%라 총선거인 수 기준 73.3% 정도 인쇄한 것”이라며 “최종투표율이 66% 정도임을 감안할 때 송파구 전체로는 투표용지가 부족하지 않지만, 송파구 관내 146개 투표소마다 선거일 투표자 수에 편차가 있어 일부 투표소 투표용지가 모자랐다”고 말했다. 그러면서 “투표용지 부족...",ok
6·3 지방선거 투표용지 부족 / 선거관리 논란,개표소 봉쇄 및 시민 감금 시위,부정선거_음모론;개표소_봉쇄;시민_안전;선거관리_논란;시위대_과잉행동,https://www.edaily.co.kr/news/newspath.asp?newsid=07343926645478768,"올림픽공원 개표소 봉쇄한 시위대, '재선거' 요구하며 시민 감금까지[르포]",edaily.co.kr,갈등_구도,부정적,개표소 내 감금된 시민 및 현장 관계자,부정선거를 주장하는 시위대의 개표소 봉쇄와 시민 감금 등 과격한 시위 양상을 중심으로 현장의 혼란과 피해 상황을 묘사하고 있습니다.,"부정선거 음모론을 주장하며 재선거를 요구하던 이들은 경찰과 대치하며 시위 공세를 높여가고 있다. 이들의 점거 탓에 한때 경기장 안에 100여명의 무고한 시민들이 감금되기도 했다. 5일 오후 6시께 서울 송파구 개표소로 지정된 올림픽공원 핸드볼경기장. 잠실7동 제2투표소에서 이송된 투표함의 개표가 모두 완료됐음에도 경기장 앞에는 보수성향 유튜버와 시위대 등 약 2000명(경찰 비공식 추산)이 모였다. 태극기를 손에 들고 붉은색 옷과 모자 등을 착용한 시위대는 “재선거”, “불법개표 중단하라” 등의 구호를 쉬지 않고 외쳤다. ‘참정권 침해’, ‘선관위 규탄’ 등이 적힌 손팻말을 든 시위대도 눈에 띄었다. 시위대의 공세 수위가 높아진 탓에 올림픽 공원 일대는 아수라장을 방불케했다. 앞서 이날 오전 8시께 경찰은 기동대 경력 1000명을 투입해 잠실7동 제2투표소의 앞 시위대를 끌어내고 투표함을 반출했다. 자유대학 등 일부 보수성향 유튜버들은 이에 반발하며 투표함이 이송된 올림픽공원 핸드볼경기장 앞으로 향했다. 경찰은 기동대를 배치해 출입구에 이중 질서유지선을 설치하며 현장을 통제했다. 이날 오전에는 국민의힘 장동혁 대표를 비롯해 김민수 최고위원, 자유와혁신 황교안 대표, 극우성향 유튜버 전한길씨 등이 개표소를 방문했다. 이들은 개표 작업 진행에 항의하며 “싸우자”, “이번 선거는 전면 무효다” 등의 구호를 외치며 시위대를 부추겼다. 이날 오전 11시 20분께 ‘참관인’이라고 적혀있는 목걸이를 한 남성이 개표소 밖으로 나오자 한 시위 참가자가 남성을 향해 “선관위 직원이 나온다!”고 소리쳤다. 시위대는 곧장 남성에게 달려들어 그의 양팔을 잡아끌었다. 해당 남성이 계속 “나는 선관위 직원이 아니다”라고 해명했지만 흥분한 시위대는 남성의 이동을 막았다. 결국 남성은 개표소로 다시 들어갈 수밖에 없었다. 대한산악연맹 소속 직원 조모(26) 씨는 “시위대가 신원을 확인하겠다며 목에 걸린 사원증을 잡아당겼다”며 “심지어는 투표용지를 반출하는 것으로 의심해 주머니 속에 손도 불쑥 집어넣더라”고 토로했다. 또 다른 직원은 “시위대가 경기장 밖 300m 거리까지 따라붙으며 위협했다”고 말했다. 감금된 취재진과 시민들은 경찰 측에 “퇴로를 확보해달라”고 요청했으나 현장의 경찰 관계자는 “지금 경비 인원이 부족해 퇴로 확보가 어렵다”며 “조금만 더 기다려달라”는 말만 반복했다. 경기장 내 감금됐던 시민들은 창문과 일부 출입구를 통해 자력으로 가까스로 탈출에 성공했다. 시위대는 이 과정에서 이들의 신원을 확인하겠다며 신분증이나 사원증을 보여달라고 요구했다. 오후 7시 40분 현재까지 시위대는 개표소 앞을 봉쇄하고 부정선거 음모론을 주장하는 시위를 이어가고 있다.",ok
6·3 지방선거 투표용지 부족 / 선거관리 논란,선관위의 투표용지 부족 사태에 대한 재선거 요구 거부 및 입장 발표,중앙선관위;투표용지 부족;재선거 요구;공직선거법;선거 관리 부실,https://news.tvchosun.com/site/data/html_dir/2026/06/04/2026060490026.html,"선관위, 국민의힘 요구 일축…""투표용지 부족, 선거연기·재선거 사유 아냐""",news.tvchosun.com,국가책임,중립적,중앙선거관리위원회,선관위가 투표용지 부족 사태에 대해 재선거 불가 입장을 밝히며 책임을 통감한다는 내용을 중심으로 선관위의 공식 입장을 객관적으로 전달하고 있습니다.,"6·3 지방선거전체 선관위, 국민의힘 요구 일축…""투표용지 부족, 선거연기·재선거 사유 아냐"" 등록: 2026.06.04 오전 04:37 수정: 2026.06.04 오전 04:49 중앙선거관리위원회가 4일 투표용지 부족사태 관련 국민의힘의 재선거 요구에 대해 ""공직선거법에 따른 선거의 연기나 재선거 사유에 해당하지 않는다""고 일축했다. 중앙선관위는 이날 새벽 긴급 회의를 한 뒤 입장문을 내고 ""한 분 한 분의 유권자께서 소중한 시간을 내어 투표소를 찾아주셨음에도 선관위의 실책으로 인해 투표권을 행사하여 민주주의에 참여하고자 투표소를 방문하신 유권자에게 큰 실망과 염려를 끼쳐 드리게 되어 크나큰 책임을 통감한다""면서 이같이 밝혔다. 중앙선관위는 ""선거일 일부 투표소의 투표용지 부족으로 발생한 이번 사안은 '공직선거법'에 따른 선거의 연기나 재선거 사유에 해당하지 않는다""며 ""따라서 현재 진행되는 개표를 중단하는 것은 불가하며, 해당 투표소에서 투표한 유권자의 의사를 확인할 수 있도록 투표함은 개표소로 이송돼야 할 것""이라고 설명했다. 이어 ""개표가 종료되면 중앙선관위는 즉시 이번 사안에 대한 진상 규명 및 재발방지 대책을 마련하기 위해 가능한 최선의 노력을 다 하기로 결정했다""고 말했다. 앞서 국민의힘은 중앙선관위와 서울시 선관위를 차례로 항의 방문해, 일부 투표용지 부족 사태에 따른 책임을 묻고 재선거를 요구한 바 있다. Copyrights ⓒ TV조선. 무단전재 및 재배포 금지",ok
6·3 지방선거 투표용지 부족 / 선거관리 논란,지방선거 투표용지 부족 사태 원인 규명 및 선관위 해명,선거관리위원회;투표용지 부족;지방선거;행정 미숙;진상규명,https://www.yna.co.kr/view/AKR20260605129151001?input=1195m,"선관위 ""투표용지 모자라 더 보낸 투표소 67곳…송파에만 15곳""(종합) | 연합뉴스",yna.co.kr,제도개선,중립적,중앙선거관리위원회,선관위의 투표용지 부족 사태에 대한 해명과 향후 재발 방지를 위한 진상규명위원회 구성 계획을 객관적으로 전달하고 있습니다.,"중앙선거관리위원회는 5일 6·3 지방선거 본투표 당시 전국 67개 투표소에 부족분을 채울 투표용지가 추가로 송부됐다고 밝혔다. 윤 실장은 서울 '강남 3구' 등 특정 지역 용지 부족 사태가 집중된 이유에 대해 ""대구·경북, 부산·경남 쪽에서도 투표용지가 부족한 현상이 발생했다. 전반적으로 선거일 투표율을 저희가 충분히 고려하지 못한 사정으로 보인다""고 답했다. 투표용지 감축 인쇄 경위에 대해서는 ""최근 선거에서 지속적으로 사전투표율이 증가함에 따라 사전투표율이 높은 지역은 투표용지가 과다하게 남는 경향이 있었다""며 '이후 회수‧보관‧폐기 과정을 고려할 때 투표용지를 감축해 인쇄할 필요성이 있다'는 내부 의견을 수렴했다고 밝혔다. 인공지능이 자동으로 줄인 '세 줄 요약' 기술을 사용합니다. 전체 내용을 이해하기 위해서는 기사 본문과 함께 읽어야 합니다. (서울·과천=연합뉴스) 김정진 정연솔 기자 = 중앙선거관리위원회는 5일 6·3 지방선거 본투표 당시 전국 67개 투표소에 부족분을 채울 투표용지가 추가로 송부됐다고 밝혔다. 투표용지 부족 사태에 대해서는 사전투표율 증가 추세를 고려해 투표용지를 감축 인쇄했으나 선거 당일 투표소별 편차가 있어 발생한 일이라고 해명했다. 또 오는 10일께부터 외부인사로만 구성된 진상규명위원회를 꾸려 10일 내 관련 조사를 완료하겠다는 계획도 밝혔다. ◇ ""사전투표 증가 고려해 감축 인쇄…종합관리지침 등도 개정"" 윤재수 선거정책실장은 이날 과천청사 브리핑에서 ""현재까지 파악한 바에 따르면 투표용지가 부족해 추가로 송부한 투표소 개수는 전국 1만4천288개 투표소 중 67개소""라고 말했다. 지역별로는 서울 35개, 부산·경남 8개, 대구 7개, 인천 6개, 울산 3개 순이었다. 서울은 송파구에서만 15개 투표소에 투표용지가 추가 조달됐다. 이 중 17개 투표소는 추가 송부된 투표용지를 사용하지 않았으나, 나머지 50개 투표소에서는 실제 투표에 사용됐다. 투표용지 부족으로 투표가 일시 중지됐다 재개된 투표소는 총 22개소로 집계됐다. 윤 실장은 서울 '강남 3구' 등 특정 지역 용지 부족 사태가 집중된 이유에 대해 ""대구·경북, 부산·경남 쪽에서도 투표용지가 부족한 현상이 발생했다. 전반적으로 선거일 (당일) 투표율을 저희가 충분히 고려하지 못한 사정으로 보인다""고 답했다. 투표용지 감축 인쇄 경위에 대해서는 ""최근 선거에서 지속적으로 사전투표율이 증가함에 따라 사전투표율이 높은 지역은 투표용지가 과다하게 남는 경향이 있었다""며 '이후 회수‧보관‧폐기 과정을 고려할 때 투표용지를 감축해 인쇄할 필요성이 있다'는 내부 의견을 수렴했다고 밝혔다. 이에 따라 이번 지선의 선거 종합관리지침과 사무편람 내용이 선거인 수의 50%를 하한으로 인쇄량을 산정하되 해당 선거구나 투표구별로 인쇄량을 조정할 수 있도록 개정됐다는 것이다. 다만 본투표 용지 인쇄는 후보자 등록 마감일 후 2일부터 시작돼 이번 선거의 사전 투표율이 반영되지는 못했다고 설명했다. 투표용지 부족 사태가 가장 많이 발생한 송파구와 관련해서는 ""사전투표율이 23.3%였기 때문에 최종투표율이 66% 정도인 것을 감안할 때 송파구 전체로는 투표용지가 부족하지 않았다""며 ""송파구 관내에 있는 146개 투표소마다 선거일 투표자 수에 편차가 있어 일부 투표소의 투표용지가 모자랐던 것으로 판단된다""고 했다. ◇ ""11시 30분 송파구서 대책 문의…10일 진상규명위 발족"" 윤 실장은 선관위의 '늑장 대응'이 혼란을 키웠다는 지적에는 ""전임 직원이 많지 않은 상황에서 개표 준비 때문에 개표소로 이동하는 등 여러 상황 때문에 대처가 늦어진 것 같다""고 해명했다. 당일 상황 인지 과정에 대해서는 ""(오전) 11시 40분께 송파구 위원회에서 상황을 파악하고 서울시위원회로 대책을 문의했다""며 ""그 이후 여러 투표소에서 동시다발적으로 (투표용지 부족) 상황이 발생했다""고 설명했다. 다만 당시 송파구 위원회의 문의 내용은 '용지가 부족하다'는 취지가 아닌 용지 부족 상황을 가정한 대응 방안에 대한 것이었으며 내부 논의를 통해 오후 2시께부터 추가 용지를 조달했다는 게 선관위의 설명이다. 윤 실장은 ""투표용지 부족 상황이 발생했을 때 투표용지를 이송하는 구체적 절차를 마련하지 못해 미흡했던 부분에 대해서 사과드린다""며 거듭 사과의 뜻을 밝혔다. 하단에 일련번호가 기재되지 않은 무번호 투표용지에 대해서는 작성관리록에 일일이 번호를 쓴 뒤 불출(拂出)되는 과정을 거친다고 설명하며 이번 선거에서는 총 14개 투표소에 무번호 투표용지가 추가 배부됐다고 했다. 송파구 가락2동 3투표소에는 450매가 불출됐다. 선관위는 투표용지 인쇄매수 산정 기준과 절차를 전반적으로 재점검해 재발 방지 대책을 수립하겠다는 방침이다. 또 외부 인사만으로 구성된 진상규명위원회를 오는 10일 발족해 이번 사태의 원인을 면밀히 들여다보겠다고도 했다. 9명의 위원으로 구성될 위원회는 10일간 활동하되 부족할 경우 기간을 추가로 연장할 수 있다. 다만 향후 이번 사태와 관련한 감사원의 직무감찰 수용 여부에 대해서는 ""헌법재판소에서 선관위 업무는 직무감찰 대상이 되지 않는 것으로 결정했기 때문에 사정을 살펴봐야 할 것 같다""고 답했다. 채용비리 의혹 등에 대한 솜방망이 처벌 등 내부 기강 해이가 원인이라는 지적에는 ""징계 절차를 진행했고 대부분 소송이...",ok
6·3 지방선거 투표용지 부족 / 선거관리 논란,지방선거 투표용지 부족 사태에 대한 선관위의 경위 설명 및 사과,선거관리위원회;투표용지 부족;지방선거;행정 오류;재발 방지,https://news.kbs.co.kr/news/pc/view/view.do?ncd=8579048&ref=A,선관위 “실제 투표용지 부족 송파구 14개 등 50개소” [지금뉴스],news.kbs.co.kr,국가책임,중립적,중앙선거관리위원회 선거정책실장,선관위의 공식 브리핑 내용을 바탕으로 투표용지 부족 사태의 원인과 현황을 객관적으로 전달하고 있습니다.,"기사 본문 영역 선관위 “실제 투표용지 부족 송파구 14개 등 50개소” [지금뉴스] 입력 2026.06.05 (16:40) 수정 2026.06.05 (16:43) 읽어주기 기능은 크롬기반의 브라우저에서만 사용하실 수 있습니다. ▲ 중앙선관위 선거정책실장 선거정책실장입니다. 다시 한 번 죄송하다는 말씀을 드리면서 선거일 투표소에서 발생한 투표용지 부족 사고에 대해 브리핑을 하도록 하겠습니다. 현재까지 파악한 바에 따르면 투표용지가 부족해서 추가로 투표용지를 송부한 투표소 개수는 전국 1만 4288개 투표소 중에서 67개로 파악됩니다. 지역별로는 서울 35개 투표소, 부산 8개, 대구 7개, 인천 6개, 울산 3개, 경남 8개 투표소에서 투표용지를 추가 송부한 것으로 파악했고 서울 송파구가 15개 소로 가장 많았습니다. 이 중 실제 투표 용지가 부족했던 투표소는 현재까지 송파구 14개를 포함하여 50개 소로 파악되었습니다. 다만 투표용지 부족으로 잠시라도 투표가 중지되었다가 재개한 투표소는 총 22개 소로 파악하였습니다. 투표용지가 추가로 송부는 되었으나 사용하지 않은 투표소는 17개소입니다. 향후 투표록의 전수조사 등을 통하여 추가 사항이 있는지 등은 진상규명위원회의 조사를 통해 밝힐 예정입니다. 제일 궁금해하시는 부분인데요. 투표용지를 100% 인쇄하지 않고 선거인 수의 50%를 기준으로 감축 인쇄한 이유입니다. 최근 선거에서 사전투표율이 지속적으로 증가함에 따라 사전투표율이 높은 지역은 투표용지가 과다하게 남는 경향이 있었고 이후 회수 보관 폐기 과정을 고려할 때 선거일 투표소에서 사용하는 투표용지를 감축하여 인쇄할 필요 있다는 내부 의견이 있었습니다. 그리고 실제 선거일 투표에 사용되는 투표용지는 사전투표를 한 선거인이 빠지기 때문에 선거인 수의 100%를 인쇄할 필요는 없는 것입니다. 그래서 내부 연구 결과와 일선 위원회의 의견을 반영하여 제9회 지방선거 종합관리지침에 해당 내용을 포함하였고 편람도 개정하였습니다. 구체적인 내용은 예상 사전투표율, 최근 선거의 투표율 등을 감안하여 축소 인쇄할 필요가 있다고 인정되는 때에는 구시군 선관위 의결로 결정하되 대통령 선거와 국회의원 선거에서는 선거인 수의 60%를 기준으로 다른 선거에 비해 투표율이 낮은 지방선거에서는 50%를 하한으로 하여 산정할 수 있되 지역 실정을 고려하여 해당 선거구 또는 투표구별로 조정하여 인쇄할 수 있도록 하였습니다. 투표 용지가 부족했던 이유를 서울 송파구의 경우를 예로 들면 선거일 투표용지 인쇄 매수를 위원회에서 의결하여 선거인 수 기준 50% 일부 투표소의 경우에는 60% 기준으로 인쇄하였습니다. 사전 투표율이 23.3%였기 때문에 총 선거인 수 기준으로 보면 73.3% 정도를 인쇄한 것으로 볼 수 있습니다. 그런데 최종 투표율이 66% 정도인 점을 감안할 때 송파구 전체적으로는 투표 용지가 부족하지 않았지만 송파구 관내에는 146개의 투표소가 있습니다. 그래서 투표소마다 선거일 투표자 수의 편차가 있어서 일부 투표소에서 투표용지가 부족했던 것으로 파악됩니다. 관내의 투표소를 선거인수와 사전투표 결과 선거일의 투표 진행 상황 등을 종합적으로 감안하지 못해 투표용지 부족 상황이 발생했는데요. 투표용지 인쇄 매수 산정 기준과 절차를 전반적으로 재검토하여 재발 방지 대책을 수립하도록 하겠습니다. 다시 한 번 사과의 말씀을 드립니다. (영상편집: 유화영) 선거정책실장입니다. 다시 한 번 죄송하다는 말씀을 드리면서 선거일 투표소에서 발생한 투표용지 부족 사고에 대해 브리핑을 하도록 하겠습니다. 현재까지 파악한 바에 따르면 투표용지가 부족해서 추가로 투표용지를 송부한 투표소 개수는 전국 1만 4288개 투표소 중에서 67개로 파악됩니다. 지역별로는 서울 35개 투표소, 부산 8개, 대구 7개, 인천 6개, 울산 3개, 경남 8개 투표소에서 투표용지를 추가 송부한 것으로 파악했고 서울 송파구가 15개 소로 가장 많았습니다. 이 중 실제 투표 용지가 부족했던 투표소는 현재까지 송파구 14개를 포함하여 50개 소로 파악되었습니다. 다만 투표용지 부족으로 잠시라도 투표가 중지되었다가 재개한 투표소는 총 22개 소로 파악하였습니다. 투표용지가 추가로 송부는 되었으나 사용하지 않은 투표소는 17개소입니다. 향후 투표록의 전수조사 등을 통하여 추가 사항이 있는지 등은 진상규명위원회의 조사를 통해 밝힐 예정입니다. 제일 궁금해하시는 부분인데요. 투표용지를 100% 인쇄하지 않고 선거인 수의 50%를 기준으로 감축 인쇄한 이유입니다. 최근 선거에서 사전투표율이 지속적으로 증가함에 따라 사전투표율이 높은 지역은 투표용지가 과다하게 남는 경향이 있었고 이후 회수 보관 폐기 과정을 고려할 때 선거일 투표소에서 사용하는 투표용지를 감축하여 인쇄할 필요 있다는 내부 의견이 있었습니다. 그리고 실제 선거일 투표에 사용되는 투표용지는 사전투표를 한 선거인이 빠지기 때문에 선거인 수의 100%를 인쇄할 필요는 없는 것입니다. 그래서 내부 연구 결과와 일선 위원회의 의견을 반영하여 제9회 지방선거 종합관리지침에 해당 내용을 포함하였고 편람도 개정하였습니다. 구체적인 내용은 예상 사전투표율, 최근 선거의 투표율 등을 감안하여 축소 인쇄할 필요가 있다고 인정되는 때에는 구시군 선관위 의결로 결정하되 대통령 선거와 국회의원...",ok
